filename,image_path,specimen_id,storage_group,sample,day,side,ripening_stage,split
T10_d01_002_a_1,,T10_002,T10,002,1,a,1,train
T10_d01_002_b_1,,T10_002,T10,002,1,b,1,train
T10_d02_002_a_1,,T10_002,T10,002,2,a,1,train
T10_d02_002_b_1,,T10_002,T10,002,2,b,1,train
T10_d03_002_a_1,,T10_002,T10,002,3,a,1,train
T10_d03_002_b_1,,T10_002,T10,002,3,b,1,train
T10_d04_002_a_1,,T10_002,T10,002,4,a,1,train
T10_d04_002_b_1,,T10_002,T10,002,4,b,1,train
T10_d05_002_a_1,,T10_002,T10,002,5,a,1,train
T10_d05_002_b_1,,T10_002,T10,002,5,b,1,train
T10_d06_002_a_1,,T10_002,T10,002,6,a,1,train
T10_d06_002_b_1,,T10_002,T10,002,6,b,1,train
T10_d07_002_a_1,,T10_002,T10,002,7,a,1,train
T10_d07_002_b_1,,T10_002,T10,002,7,b,1,train
T10_d08_002_a_2,,T10_002,T10,002,8,a,2,train
T10_d08_002_b_2,,T10_002,T10,002,8,b,2,train
T10_d09_002_a_2,,T10_002,T10,002,9,a,2,train
T10_d09_002_b_2,,T10_002,T10,002,9,b,2,train
T10_d10_002_a_2,,T10_002,T10,002,10,a,2,train
T10_d10_002_b_2,,T10_002,T10,002,10,b,2,train
T10_d11_002_a_3,,T10_002,T10,002,11,a,3,train
T10_d11_002_b_3,,T10_002,T10,002,11,b,3,train
T10_d12_002_a_3,,T10_002,T10,002,12,a,3,train
T10_d12_002_b_3,,T10_002,T10,002,12,b,3,train
T10_d13_002_a_3,,T10_002,T10,002,13,a,3,train
T10_d13_002_b_3,,T10_002,T10,002,13,b,3,train
T10_d14_002_a_4,,T10_002,T10,002,14,a,4,train
T10_d14_002_b_4,,T10_002,T10,002,14,b,4,train
T10_d15_002_a_4,,T10_002,T10,002,15,a,4,train
T10_d15_002_b_4,,T10_002,T10,002,15,b,4,train
T10_d16_002_a_4,,T10_002,T10,002,16,a,4,train
T10_d16_002_b_4,,T10_002,T10,002,16,b,4,train
T10_d17_002_a_4,,T10_002,T10,002,17,a,4,train
T10_d17_002_b_4,,T10_002,T10,002,17,b,4,train
T10_d18_002_a_4,,T10_002,T10,002,18,a,4,train
T10_d18_002_b_4,,T10_002,T10,002,18,b,4,train
T10_d19_002_a_5,,T10_002,T10,002,19,a,5,train
T10_d19_002_b_5,,T10_002,T10,002,19,b,5,train
T10_d20_002_a_5,,T10_002,T10,002,20,a,5,train
T10_d20_002_b_5,,T10_002,T10,002,20,b,5,train
T10_d21_002_a_5,,T10_002,T10,002,21,a,5,train
T10_d21_002_b_5,,T10_002,T10,002,21,b,5,train
T10_d22_002_a_5,,T10_002,T10,002,22,a,5,train
T10_d22_002_b_5,,T10_002,T10,002,22,b,5,train
T10_d23_002_a_5,,T10_002,T10,002,23,a,5,train
T10_d23_002_b_5,,T10_002,T10,002,23,b,5,train
T10_d24_002_a_5,,T10_002,T10,002,24,a,5,train
T10_d24_002_b_5,,T10_002,T10,002,24,b,5,train
T10_d25_002_a_5,,T10_002,T10,002,25,a,5,train
T10_d25_002_b_5,,T10_002,T10,002,25,b,5,train
T10_d26_002_a_5,,T10_002,T10,002,26,a,5,train
T10_d26_002_b_5,,T10_002,T10,002,26,b,5,train
T10_d01_007_a_1,,T10_007,T10,007,1,a,1,train
T10_d01_007_b_1,,T10_007,T10,007,1,b,1,train
T10_d02_007_a_1,,T10_007,T10,007,2,a,1,train
T10_d02_007_b_1,,T10_007,T10,007,2,b,1,train
T10_d03_007_a_1,,T10_007,T10,007,3,a,1,train
T10_d03_007_b_1,,T10_007,T10,007,3,b,1,train
T10_d04_007_a_1,,T10_007,T10,007,4,a,1,train
T10_d04_007_b_1,,T10_007,T10,007,4,b,1,train
T10_d05_007_a_1,,T10_007,T10,007,5,a,1,train
T10_d05_007_b_1,,T10_007,T10,007,5,b,1,train
T10_d06_007_a_1,,T10_007,T10,007,6,a,1,train
T10_d06_007_b_1,,T10_007,T10,007,6,b,1,train
T10_d07_007_a_1,,T10_007,T10,007,7,a,1,train
T10_d07_007_b_1,,T10_007,T10,007,7,b,1,train
T10_d08_007_a_2,,T10_007,T10,007,8,a,2,train
T10_d08_007_b_2,,T10_007,T10,007,8,b,2,train
T10_d09_007_a_2,,T10_007,T10,007,9,a,2,train
T10_d09_007_b_2,,T10_007,T10,007,9,b,2,train
T10_d10_007_a_3,,T10_007,T10,007,10,a,3,train
T10_d10_007_b_3,,T10_007,T10,007,10,b,3,train
T10_d11_007_a_3,,T10_007,T10,007,11,a,3,train
T10_d11_007_b_3,,T10_007,T10,007,11,b,3,train
T10_d12_007_a_3,,T10_007,T10,007,12,a,3,train
T10_d12_007_b_3,,T10_007,T10,007,12,b,3,train
T10_d13_007_a_3,,T10_007,T10,007,13,a,3,train
T10_d13_007_b_3,,T10_007,T10,007,13,b,3,train
T10_d14_007_a_3,,T10_007,T10,007,14,a,3,train
T10_d14_007_b_3,,T10_007,T10,007,14,b,3,train
T10_d15_007_a_3,,T10_007,T10,007,15,a,3,train
T10_d15_007_b_3,,T10_007,T10,007,15,b,3,train
T10_d16_007_a_3,,T10_007,T10,007,16,a,3,train
T10_d16_007_b_3,,T10_007,T10,007,16,b,3,train
T10_d17_007_a_4,,T10_007,T10,007,17,a,4,train
T10_d17_007_b_4,,T10_007,T10,007,17,b,4,train
T10_d18_007_a_4,,T10_007,T10,007,18,a,4,train
T10_d18_007_b_4,,T10_007,T10,007,18,b,4,train
T10_d19_007_a_5,,T10_007,T10,007,19,a,5,train
T10_d19_007_b_5,,T10_007,T10,007,19,b,5,train
T10_d20_007_a_5,,T10_007,T10,007,20,a,5,train
T10_d20_007_b_5,,T10_007,T10,007,20,b,5,train
T10_d21_007_a_5,,T10_007,T10,007,21,a,5,train
T10_d21_007_b_5,,T10_007,T10,007,21,b,5,train
T10_d22_007_a_5,,T10_007,T10,007,22,a,5,train
T10_d22_007_b_5,,T10_007,T10,007,22,b,5,train
T10_d23_007_a_5,,T10_007,T10,007,23,a,5,train
T10_d23_007_b_5,,T10_007,T10,007,23,b,5,train
T10_d24_007_a_5,,T10_007,T10,007,24,a,5,train
T10_d24_007_b_5,,T10_007,T10,007,24,b,5,train
T10_d25_007_a_5,,T10_007,T10,007,25,a,5,train
T10_d25_007_b_5,,T10_007,T10,007,25,b,5,train
T10_d26_007_a_5,,T10_007,T10,007,26,a,5,train
T10_d26_007_b_5,,T10_007,T10,007,26,b,5,train
T10_d01_011_a_1,,T10_011,T10,011,1,a,1,train
T10_d01_011_b_1,,T10_011,T10,011,1,b,1,train
T10_d02_011_a_1,,T10_011,T10,011,2,a,1,train
T10_d02_011_b_1,,T10_011,T10,011,2,b,1,train
T10_d03_011_a_1,,T10_011,T10,011,3,a,1,train
T10_d03_011_b_1,,T10_011,T10,011,3,b,1,train
T10_d04_011_a_1,,T10_011,T10,011,4,a,1,train
T10_d04_011_b_1,,T10_011,T10,011,4,b,1,train
T10_d05_011_a_1,,T10_011,T10,011,5,a,1,train
T10_d05_011_b_1,,T10_011,T10,011,5,b,1,train
T10_d06_011_a_1,,T10_011,T10,011,6,a,1,train
T10_d06_011_b_1,,T10_011,T10,011,6,b,1,train
T10_d07_011_a_1,,T10_011,T10,011,7,a,1,train
T10_d07_011_b_1,,T10_011,T10,011,7,b,1,train
T10_d08_011_a_1,,T10_011,T10,011,8,a,1,train
T10_d08_011_b_1,,T10_011,T10,011,8,b,1,train
T10_d09_011_a_2,,T10_011,T10,011,9,a,2,train
T10_d09_011_b_2,,T10_011,T10,011,9,b,2,train
T10_d10_011_a_2,,T10_011,T10,011,10,a,2,train
T10_d10_011_b_2,,T10_011,T10,011,10,b,2,train
T10_d11_011_a_2,,T10_011,T10,011,11,a,2,train
T10_d11_011_b_2,,T10_011,T10,011,11,b,2,train
T10_d12_011_a_3,,T10_011,T10,011,12,a,3,train
T10_d12_011_b_3,,T10_011,T10,011,12,b,3,train
T10_d13_011_a_3,,T10_011,T10,011,13,a,3,train
T10_d13_011_b_3,,T10_011,T10,011,13,b,3,train
T10_d14_011_a_3,,T10_011,T10,011,14,a,3,train
T10_d14_011_b_3,,T10_011,T10,011,14,b,3,train
T10_d15_011_a_3,,T10_011,T10,011,15,a,3,train
T10_d15_011_b_3,,T10_011,T10,011,15,b,3,train
T10_d16_011_a_3,,T10_011,T10,011,16,a,3,train
T10_d16_011_b_3,,T10_011,T10,011,16,b,3,train
T10_d17_011_a_4,,T10_011,T10,011,17,a,4,train
T10_d17_011_b_4,,T10_011,T10,011,17,b,4,train
T10_d18_011_a_4,,T10_011,T10,011,18,a,4,train
T10_d18_011_b_4,,T10_011,T10,011,18,b,4,train
T10_d19_011_a_4,,T10_011,T10,011,19,a,4,train
T10_d19_011_b_4,,T10_011,T10,011,19,b,4,train
T10_d20_011_a_4,,T10_011,T10,011,20,a,4,train
T10_d20_011_b_4,,T10_011,T10,011,20,b,4,train
T10_d21_011_a_5,,T10_011,T10,011,21,a,5,train
T10_d21_011_b_5,,T10_011,T10,011,21,b,5,train
T10_d22_011_a_5,,T10_011,T10,011,22,a,5,train
T10_d22_011_b_5,,T10_011,T10,011,22,b,5,train
T10_d23_011_a_5,,T10_011,T10,011,23,a,5,train
T10_d23_011_b_5,,T10_011,T10,011,23,b,5,train
T10_d24_011_a_5,,T10_011,T10,011,24,a,5,train
T10_d24_011_b_5,,T10_011,T10,011,24,b,5,train
T10_d25_011_a_5,,T10_011,T10,011,25,a,5,train
T10_d25_011_b_5,,T10_011,T10,011,25,b,5,train
T10_d26_011_a_5,,T10_011,T10,011,26,a,5,train
T10_d26_011_b_5,,T10_011,T10,011,26,b,5,train
T10_d01_012_a_1,,T10_012,T10,012,1,a,1,train
T10_d01_012_b_1,,T10_012,T10,012,1,b,1,train
T10_d02_012_a_1,,T10_012,T10,012,2,a,1,train
T10_d02_012_b_1,,T10_012,T10,012,2,b,1,train
T10_d03_012_a_1,,T10_012,T10,012,3,a,1,train
T10_d03_012_b_1,,T10_012,T10,012,3,b,1,train
T10_d04_012_a_1,,T10_012,T10,012,4,a,1,train
T10_d04_012_b_1,,T10_012,T10,012,4,b,1,train
T10_d05_012_a_2,,T10_012,T10,012,5,a,2,train
T10_d05_012_b_2,,T10_012,T10,012,5,b,2,train
T10_d06_012_a_2,,T10_012,T10,012,6,a,2,train
T10_d06_012_b_2,,T10_012,T10,012,6,b,2,train
T10_d07_012_a_2,,T10_012,T10,012,7,a,2,train
T10_d07_012_b_2,,T10_012,T10,012,7,b,2,train
T10_d08_012_a_2,,T10_012,T10,012,8,a,2,train
T10_d08_012_b_2,,T10_012,T10,012,8,b,2,train
T10_d09_012_a_2,,T10_012,T10,012,9,a,2,train
T10_d09_012_b_2,,T10_012,T10,012,9,b,2,train
T10_d10_012_a_3,,T10_012,T10,012,10,a,3,train
T10_d10_012_b_3,,T10_012,T10,012,10,b,3,train
T10_d11_012_a_3,,T10_012,T10,012,11,a,3,train
T10_d11_012_b_3,,T10_012,T10,012,11,b,3,train
T10_d12_012_a_4,,T10_012,T10,012,12,a,4,train
T10_d12_012_b_4,,T10_012,T10,012,12,b,4,train
T10_d13_012_a_4,,T10_012,T10,012,13,a,4,train
T10_d13_012_b_4,,T10_012,T10,012,13,b,4,train
T10_d14_012_a_4,,T10_012,T10,012,14,a,4,train
T10_d14_012_b_4,,T10_012,T10,012,14,b,4,train
T10_d15_012_a_4,,T10_012,T10,012,15,a,4,train
T10_d15_012_b_4,,T10_012,T10,012,15,b,4,train
T10_d16_012_a_4,,T10_012,T10,012,16,a,4,train
T10_d16_012_b_4,,T10_012,T10,012,16,b,4,train
T10_d17_012_a_5,,T10_012,T10,012,17,a,5,train
T10_d17_012_b_5,,T10_012,T10,012,17,b,5,train
T10_d18_012_a_5,,T10_012,T10,012,18,a,5,train
T10_d18_012_b_5,,T10_012,T10,012,18,b,5,train
T10_d19_012_a_5,,T10_012,T10,012,19,a,5,train
T10_d19_012_b_5,,T10_012,T10,012,19,b,5,train
T10_d20_012_a_5,,T10_012,T10,012,20,a,5,train
T10_d20_012_b_5,,T10_012,T10,012,20,b,5,train
T10_d21_012_a_5,,T10_012,T10,012,21,a,5,train
T10_d21_012_b_5,,T10_012,T10,012,21,b,5,train
T10_d22_012_a_5,,T10_012,T10,012,22,a,5,train
T10_d22_012_b_5,,T10_012,T10,012,22,b,5,train
T10_d23_012_a_5,,T10_012,T10,012,23,a,5,train
T10_d23_012_b_5,,T10_012,T10,012,23,b,5,train
T10_d24_012_a_5,,T10_012,T10,012,24,a,5,train
T10_d24_012_b_5,,T10_012,T10,012,24,b,5,train
T10_d25_012_a_5,,T10_012,T10,012,25,a,5,train
T10_d25_012_b_5,,T10_012,T10,012,25,b,5,train
T10_d26_012_a_5,,T10_012,T10,012,26,a,5,train
T10_d26_012_b_5,,T10_012,T10,012,26,b,5,train
T10_d01_013_a_1,,T10_013,T10,013,1,a,1,train
T10_d01_013_b_1,,T10_013,T10,013,1,b,1,train
T10_d02_013_a_1,,T10_013,T10,013,2,a,1,train
T10_d02_013_b_1,,T10_013,T10,013,2,b,1,train
T10_d03_013_a_1,,T10_013,T10,013,3,a,1,train
T10_d03_013_b_1,,T10_013,T10,013,3,b,1,train
T10_d04_013_a_1,,T10_013,T10,013,4,a,1,train
T10_d04_013_b_1,,T10_013,T10,013,4,b,1,train
T10_d05_013_a_1,,T10_013,T10,013,5,a,1,train
T10_d05_013_b_1,,T10_013,T10,013,5,b,1,train
T10_d06_013_a_1,,T10_013,T10,013,6,a,1,train
T10_d06_013_b_1,,T10_013,T10,013,6,b,1,train
T10_d07_013_a_1,,T10_013,T10,013,7,a,1,train
T10_d07_013_b_1,,T10_013,T10,013,7,b,1,train
T10_d08_013_a_2,,T10_013,T10,013,8,a,2,train
T10_d08_013_b_2,,T10_013,T10,013,8,b,2,train
T10_d09_013_a_2,,T10_013,T10,013,9,a,2,train
T10_d09_013_b_2,,T10_013,T10,013,9,b,2,train
T10_d10_013_a_2,,T10_013,T10,013,10,a,2,train
T10_d10_013_b_2,,T10_013,T10,013,10,b,2,train
T10_d11_013_a_3,,T10_013,T10,013,11,a,3,train
T10_d11_013_b_3,,T10_013,T10,013,11,b,3,train
T10_d12_013_a_3,,T10_013,T10,013,12,a,3,train
T10_d12_013_b_3,,T10_013,T10,013,12,b,3,train
T10_d13_013_a_3,,T10_013,T10,013,13,a,3,train
T10_d13_013_b_3,,T10_013,T10,013,13,b,3,train
T10_d14_013_a_3,,T10_013,T10,013,14,a,3,train
T10_d14_013_b_3,,T10_013,T10,013,14,b,3,train
T10_d15_013_a_3,,T10_013,T10,013,15,a,3,train
T10_d15_013_b_3,,T10_013,T10,013,15,b,3,train
T10_d16_013_a_3,,T10_013,T10,013,16,a,3,train
T10_d16_013_b_3,,T10_013,T10,013,16,b,3,train
T10_d17_013_a_3,,T10_013,T10,013,17,a,3,train
T10_d17_013_b_3,,T10_013,T10,013,17,b,3,train
T10_d18_013_a_3,,T10_013,T10,013,18,a,3,train
T10_d18_013_b_3,,T10_013,T10,013,18,b,3,train
T10_d19_013_a_4,,T10_013,T10,013,19,a,4,train
T10_d19_013_b_4,,T10_013,T10,013,19,b,4,train
T10_d20_013_a_4,,T10_013,T10,013,20,a,4,train
T10_d20_013_b_4,,T10_013,T10,013,20,b,4,train
T10_d21_013_a_4,,T10_013,T10,013,21,a,4,train
T10_d21_013_b_4,,T10_013,T10,013,21,b,4,train
T10_d22_013_a_4,,T10_013,T10,013,22,a,4,train
T10_d22_013_b_4,,T10_013,T10,013,22,b,4,train
T10_d23_013_a_4,,T10_013,T10,013,23,a,4,train
T10_d23_013_b_4,,T10_013,T10,013,23,b,4,train
T10_d24_013_a_4,,T10_013,T10,013,24,a,4,train
T10_d24_013_b_4,,T10_013,T10,013,24,b,4,train
T10_d25_013_a_5,,T10_013,T10,013,25,a,5,train
T10_d25_013_b_5,,T10_013,T10,013,25,b,5,train
T10_d26_013_a_5,,T10_013,T10,013,26,a,5,train
T10_d26_013_b_5,,T10_013,T10,013,26,b,5,train
T10_d01_015_a_1,,T10_015,T10,015,1,a,1,train
T10_d01_015_b_1,,T10_015,T10,015,1,b,1,train
T10_d02_015_a_1,,T10_015,T10,015,2,a,1,train
T10_d02_015_b_1,,T10_015,T10,015,2,b,1,train
T10_d03_015_a_1,,T10_015,T10,015,3,a,1,train
T10_d03_015_b_1,,T10_015,T10,015,3,b,1,train
T10_d04_015_a_1,,T10_015,T10,015,4,a,1,train
T10_d04_015_b_1,,T10_015,T10,015,4,b,1,train
T10_d05_015_a_1,,T10_015,T10,015,5,a,1,train
T10_d05_015_b_1,,T10_015,T10,015,5,b,1,train
T10_d06_015_a_1,,T10_015,T10,015,6,a,1,train
T10_d06_015_b_1,,T10_015,T10,015,6,b,1,train
T10_d07_015_a_1,,T10_015,T10,015,7,a,1,train
T10_d07_015_b_1,,T10_015,T10,015,7,b,1,train
T10_d08_015_a_2,,T10_015,T10,015,8,a,2,train
T10_d08_015_b_2,,T10_015,T10,015,8,b,2,train
T10_d09_015_a_2,,T10_015,T10,015,9,a,2,train
T10_d09_015_b_2,,T10_015,T10,015,9,b,2,train
T10_d10_015_a_2,,T10_015,T10,015,10,a,2,train
T10_d10_015_b_2,,T10_015,T10,015,10,b,2,train
T10_d11_015_a_3,,T10_015,T10,015,11,a,3,train
T10_d11_015_b_3,,T10_015,T10,015,11,b,3,train
T10_d12_015_a_3,,T10_015,T10,015,12,a,3,train
T10_d12_015_b_3,,T10_015,T10,015,12,b,3,train
T10_d13_015_a_3,,T10_015,T10,015,13,a,3,train
T10_d13_015_b_3,,T10_015,T10,015,13,b,3,train
T10_d14_015_a_3,,T10_015,T10,015,14,a,3,train
T10_d14_015_b_3,,T10_015,T10,015,14,b,3,train
T10_d15_015_a_4,,T10_015,T10,015,15,a,4,train
T10_d15_015_b_4,,T10_015,T10,015,15,b,4,train
T10_d16_015_a_4,,T10_015,T10,015,16,a,4,train
T10_d16_015_b_4,,T10_015,T10,015,16,b,4,train
T10_d17_015_a_4,,T10_015,T10,015,17,a,4,train
T10_d17_015_b_4,,T10_015,T10,015,17,b,4,train
T10_d18_015_a_4,,T10_015,T10,015,18,a,4,train
T10_d18_015_b_4,,T10_015,T10,015,18,b,4,train
T10_d19_015_a_4,,T10_015,T10,015,19,a,4,train
T10_d19_015_b_4,,T10_015,T10,015,19,b,4,train
T10_d20_015_a_4,,T10_015,T10,015,20,a,4,train
T10_d20_015_b_4,,T10_015,T10,015,20,b,4,train
T10_d21_015_a_4,,T10_015,T10,015,21,a,4,train
T10_d21_015_b_4,,T10_015,T10,015,21,b,4,train
T10_d22_015_a_4,,T10_015,T10,015,22,a,4,train
T10_d22_015_b_4,,T10_015,T10,015,22,b,4,train
T10_d23_015_a_4,,T10_015,T10,015,23,a,4,train
T10_d23_015_b_4,,T10_015,T10,015,23,b,4,train
T10_d24_015_a_4,,T10_015,T10,015,24,a,4,train
T10_d24_015_b_4,,T10_015,T10,015,24,b,4,train
T10_d25_015_a_5,,T10_015,T10,015,25,a,5,train
T10_d25_015_b_5,,T10_015,T10,015,25,b,5,train
T10_d26_015_a_5,,T10_015,T10,015,26,a,5,train
T10_d26_015_b_5,,T10_015,T10,015,26,b,5,train
T10_d01_018_a_1,,T10_018,T10,018,1,a,1,train
T10_d01_018_b_1,,T10_018,T10,018,1,b,1,train
T10_d02_018_a_1,,T10_018,T10,018,2,a,1,train
T10_d02_018_b_1,,T10_018,T10,018,2,b,1,train
T10_d03_018_a_1,,T10_018,T10,018,3,a,1,train
T10_d03_018_b_1,,T10_018,T10,018,3,b,1,train
T10_d04_018_a_1,,T10_018,T10,018,4,a,1,train
T10_d04_018_b_1,,T10_018,T10,018,4,b,1,train
T10_d05_018_a_1,,T10_018,T10,018,5,a,1,train
T10_d05_018_b_1,,T10_018,T10,018,5,b,1,train
T10_d06_018_a_1,,T10_018,T10,018,6,a,1,train
T10_d06_018_b_1,,T10_018,T10,018,6,b,1,train
T10_d07_018_a_2,,T10_018,T10,018,7,a,2,train
T10_d07_018_b_2,,T10_018,T10,018,7,b,2,train
T10_d08_018_a_2,,T10_018,T10,018,8,a,2,train
T10_d08_018_b_2,,T10_018,T10,018,8,b,2,train
T10_d09_018_a_2,,T10_018,T10,018,9,a,2,train
T10_d09_018_b_2,,T10_018,T10,018,9,b,2,train
T10_d10_018_a_3,,T10_018,T10,018,10,a,3,train
T10_d10_018_b_3,,T10_018,T10,018,10,b,3,train
T10_d11_018_a_3,,T10_018,T10,018,11,a,3,train
T10_d11_018_b_3,,T10_018,T10,018,11,b,3,train
T10_d12_018_a_4,,T10_018,T10,018,12,a,4,train
T10_d12_018_b_4,,T10_018,T10,018,12,b,4,train
T10_d13_018_a_4,,T10_018,T10,018,13,a,4,train
T10_d13_018_b_4,,T10_018,T10,018,13,b,4,train
T10_d14_018_a_4,,T10_018,T10,018,14,a,4,train
T10_d14_018_b_4,,T10_018,T10,018,14,b,4,train
T10_d15_018_a_4,,T10_018,T10,018,15,a,4,train
T10_d15_018_b_4,,T10_018,T10,018,15,b,4,train
T10_d16_018_a_4,,T10_018,T10,018,16,a,4,train
T10_d16_018_b_4,,T10_018,T10,018,16,b,4,train
T10_d17_018_a_4,,T10_018,T10,018,17,a,4,train
T10_d17_018_b_4,,T10_018,T10,018,17,b,4,train
T10_d18_018_a_5,,T10_018,T10,018,18,a,5,train
T10_d18_018_b_5,,T10_018,T10,018,18,b,5,train
T10_d19_018_a_5,,T10_018,T10,018,19,a,5,train
T10_d19_018_b_5,,T10_018,T10,018,19,b,5,train
T10_d20_018_a_5,,T10_018,T10,018,20,a,5,train
T10_d20_018_b_5,,T10_018,T10,018,20,b,5,train
T10_d21_018_a_5,,T10_018,T10,018,21,a,5,train
T10_d21_018_b_5,,T10_018,T10,018,21,b,5,train
T10_d22_018_a_5,,T10_018,T10,018,22,a,5,train
T10_d22_018_b_5,,T10_018,T10,018,22,b,5,train
T10_d23_018_a_5,,T10_018,T10,018,23,a,5,train
T10_d23_018_b_5,,T10_018,T10,018,23,b,5,train
T10_d24_018_a_5,,T10_018,T10,018,24,a,5,train
T10_d24_018_b_5,,T10_018,T10,018,24,b,5,train
T10_d25_018_a_5,,T10_018,T10,018,25,a,5,train
T10_d25_018_b_5,,T10_018,T10,018,25,b,5,train
T10_d26_018_a_5,,T10_018,T10,018,26,a,5,train
T10_d26_018_b_5,,T10_018,T10,018,26,b,5,train
T10_d01_021_a_1,,T10_021,T10,021,1,a,1,train
T10_d01_021_b_1,,T10_021,T10,021,1,b,1,train
T10_d02_021_a_1,,T10_021,T10,021,2,a,1,train
T10_d02_021_b_1,,T10_021,T10,021,2,b,1,train
T10_d03_021_a_1,,T10_021,T10,021,3,a,1,train
T10_d03_021_b_1,,T10_021,T10,021,3,b,1,train
T10_d04_021_a_1,,T10_021,T10,021,4,a,1,train
T10_d04_021_b_1,,T10_021,T10,021,4,b,1,train
T10_d05_021_a_1,,T10_021,T10,021,5,a,1,train
T10_d05_021_b_1,,T10_021,T10,021,5,b,1,train
T10_d06_021_a_1,,T10_021,T10,021,6,a,1,train
T10_d06_021_b_1,,T10_021,T10,021,6,b,1,train
T10_d07_021_a_1,,T10_021,T10,021,7,a,1,train
T10_d07_021_b_1,,T10_021,T10,021,7,b,1,train
T10_d08_021_a_1,,T10_021,T10,021,8,a,1,train
T10_d08_021_b_1,,T10_021,T10,021,8,b,1,train
T10_d09_021_a_2,,T10_021,T10,021,9,a,2,train
T10_d09_021_b_2,,T10_021,T10,021,9,b,2,train
T10_d10_021_a_2,,T10_021,T10,021,10,a,2,train
T10_d10_021_b_2,,T10_021,T10,021,10,b,2,train
T10_d11_021_a_2,,T10_021,T10,021,11,a,2,train
T10_d11_021_b_2,,T10_021,T10,021,11,b,2,train
T10_d12_021_a_2,,T10_021,T10,021,12,a,2,train
T10_d12_021_b_2,,T10_021,T10,021,12,b,2,train
T10_d13_021_a_2,,T10_021,T10,021,13,a,2,train
T10_d13_021_b_2,,T10_021,T10,021,13,b,2,train
T10_d14_021_a_3,,T10_021,T10,021,14,a,3,train
T10_d14_021_b_3,,T10_021,T10,021,14,b,3,train
T10_d15_021_a_3,,T10_021,T10,021,15,a,3,train
T10_d15_021_b_3,,T10_021,T10,021,15,b,3,train
T10_d16_021_a_3,,T10_021,T10,021,16,a,3,train
T10_d16_021_b_3,,T10_021,T10,021,16,b,3,train
T10_d17_021_a_4,,T10_021,T10,021,17,a,4,train
T10_d17_021_b_4,,T10_021,T10,021,17,b,4,train
T10_d18_021_a_4,,T10_021,T10,021,18,a,4,train
T10_d18_021_b_4,,T10_021,T10,021,18,b,4,train
T10_d19_021_a_4,,T10_021,T10,021,19,a,4,train
T10_d19_021_b_4,,T10_021,T10,021,19,b,4,train
T10_d20_021_a_4,,T10_021,T10,021,20,a,4,train
T10_d20_021_b_4,,T10_021,T10,021,20,b,4,train
T10_d21_021_a_4,,T10_021,T10,021,21,a,4,train
T10_d21_021_b_4,,T10_021,T10,021,21,b,4,train
T10_d22_021_a_4,,T10_021,T10,021,22,a,4,train
T10_d22_021_b_4,,T10_021,T10,021,22,b,4,train
T10_d23_021_a_4,,T10_021,T10,021,23,a,4,train
T10_d23_021_b_4,,T10_021,T10,021,23,b,4,train
T10_d24_021_a_5,,T10_021,T10,021,24,a,5,train
T10_d24_021_b_5,,T10_021,T10,021,24,b,5,train
T10_d25_021_a_5,,T10_021,T10,021,25,a,5,train
T10_d25_021_b_5,,T10_021,T10,021,25,b,5,train
T10_d26_021_a_5,,T10_021,T10,021,26,a,5,train
T10_d26_021_b_5,,T10_021,T10,021,26,b,5,train
T10_d01_022_a_1,,T10_022,T10,022,1,a,1,train
T10_d01_022_b_1,,T10_022,T10,022,1,b,1,train
T10_d02_022_a_1,,T10_022,T10,022,2,a,1,train
T10_d02_022_b_1,,T10_022,T10,022,2,b,1,train
T10_d03_022_a_1,,T10_022,T10,022,3,a,1,train
T10_d03_022_b_1,,T10_022,T10,022,3,b,1,train
T10_d04_022_a_1,,T10_022,T10,022,4,a,1,train
T10_d04_022_b_1,,T10_022,T10,022,4,b,1,train
T10_d05_022_a_1,,T10_022,T10,022,5,a,1,train
T10_d05_022_b_1,,T10_022,T10,022,5,b,1,train
T10_d06_022_a_1,,T10_022,T10,022,6,a,1,train
T10_d06_022_b_1,,T10_022,T10,022,6,b,1,train
T10_d07_022_a_2,,T10_022,T10,022,7,a,2,train
T10_d07_022_b_2,,T10_022,T10,022,7,b,2,train
T10_d08_022_a_2,,T10_022,T10,022,8,a,2,train
T10_d08_022_b_2,,T10_022,T10,022,8,b,2,train
T10_d09_022_a_2,,T10_022,T10,022,9,a,2,train
T10_d09_022_b_2,,T10_022,T10,022,9,b,2,train
T10_d10_022_a_2,,T10_022,T10,022,10,a,2,train
T10_d10_022_b_2,,T10_022,T10,022,10,b,2,train
T10_d11_022_a_3,,T10_022,T10,022,11,a,3,train
T10_d11_022_b_3,,T10_022,T10,022,11,b,3,train
T10_d12_022_a_3,,T10_022,T10,022,12,a,3,train
T10_d12_022_b_3,,T10_022,T10,022,12,b,3,train
T10_d13_022_a_3,,T10_022,T10,022,13,a,3,train
T10_d13_022_b_3,,T10_022,T10,022,13,b,3,train
T10_d14_022_a_4,,T10_022,T10,022,14,a,4,train
T10_d14_022_b_4,,T10_022,T10,022,14,b,4,train
T10_d15_022_a_4,,T10_022,T10,022,15,a,4,train
T10_d15_022_b_4,,T10_022,T10,022,15,b,4,train
T10_d16_022_a_4,,T10_022,T10,022,16,a,4,train
T10_d16_022_b_4,,T10_022,T10,022,16,b,4,train
T10_d17_022_a_4,,T10_022,T10,022,17,a,4,train
T10_d17_022_b_4,,T10_022,T10,022,17,b,4,train
T10_d18_022_a_4,,T10_022,T10,022,18,a,4,train
T10_d18_022_b_4,,T10_022,T10,022,18,b,4,train
T10_d19_022_a_4,,T10_022,T10,022,19,a,4,train
T10_d19_022_b_4,,T10_022,T10,022,19,b,4,train
T10_d20_022_a_4,,T10_022,T10,022,20,a,4,train
T10_d20_022_b_4,,T10_022,T10,022,20,b,4,train
T10_d21_022_a_5,,T10_022,T10,022,21,a,5,train
T10_d21_022_b_5,,T10_022,T10,022,21,b,5,train
T10_d22_022_a_5,,T10_022,T10,022,22,a,5,train
T10_d22_022_b_5,,T10_022,T10,022,22,b,5,train
T10_d23_022_a_5,,T10_022,T10,022,23,a,5,train
T10_d23_022_b_5,,T10_022,T10,022,23,b,5,train
T10_d24_022_a_5,,T10_022,T10,022,24,a,5,train
T10_d24_022_b_5,,T10_022,T10,022,24,b,5,train
T10_d25_022_a_5,,T10_022,T10,022,25,a,5,train
T10_d25_022_b_5,,T10_022,T10,022,25,b,5,train
T10_d26_022_a_5,,T10_022,T10,022,26,a,5,train
T10_d26_022_b_5,,T10_022,T10,022,26,b,5,train
T10_d01_027_a_1,,T10_027,T10,027,1,a,1,train
T10_d01_027_b_1,,T10_027,T10,027,1,b,1,train
T10_d02_027_a_1,,T10_027,T10,027,2,a,1,train
T10_d02_027_b_1,,T10_027,T10,027,2,b,1,train
T10_d03_027_a_1,,T10_027,T10,027,3,a,1,train
T10_d03_027_b_1,,T10_027,T10,027,3,b,1,train
T10_d04_027_a_1,,T10_027,T10,027,4,a,1,train
T10_d04_027_b_1,,T10_027,T10,027,4,b,1,train
T10_d05_027_a_1,,T10_027,T10,027,5,a,1,train
T10_d05_027_b_1,,T10_027,T10,027,5,b,1,train
T10_d06_027_a_1,,T10_027,T10,027,6,a,1,train
T10_d06_027_b_1,,T10_027,T10,027,6,b,1,train
T10_d07_027_a_1,,T10_027,T10,027,7,a,1,train
T10_d07_027_b_1,,T10_027,T10,027,7,b,1,train
T10_d08_027_a_1,,T10_027,T10,027,8,a,1,train
T10_d08_027_b_1,,T10_027,T10,027,8,b,1,train
T10_d09_027_a_2,,T10_027,T10,027,9,a,2,train
T10_d09_027_b_2,,T10_027,T10,027,9,b,2,train
T10_d10_027_a_2,,T10_027,T10,027,10,a,2,train
T10_d10_027_b_2,,T10_027,T10,027,10,b,2,train
T10_d11_027_a_3,,T10_027,T10,027,11,a,3,train
T10_d11_027_b_3,,T10_027,T10,027,11,b,3,train
T10_d12_027_a_3,,T10_027,T10,027,12,a,3,train
T10_d12_027_b_3,,T10_027,T10,027,12,b,3,train
T10_d13_027_a_3,,T10_027,T10,027,13,a,3,train
T10_d13_027_b_3,,T10_027,T10,027,13,b,3,train
T10_d14_027_a_3,,T10_027,T10,027,14,a,3,train
T10_d14_027_b_3,,T10_027,T10,027,14,b,3,train
T10_d15_027_a_4,,T10_027,T10,027,15,a,4,train
T10_d15_027_b_4,,T10_027,T10,027,15,b,4,train
T10_d16_027_a_4,,T10_027,T10,027,16,a,4,train
T10_d16_027_b_4,,T10_027,T10,027,16,b,4,train
T10_d17_027_a_4,,T10_027,T10,027,17,a,4,train
T10_d17_027_b_4,,T10_027,T10,027,17,b,4,train
T10_d18_027_a_4,,T10_027,T10,027,18,a,4,train
T10_d18_027_b_4,,T10_027,T10,027,18,b,4,train
T10_d19_027_a_4,,T10_027,T10,027,19,a,4,train
T10_d19_027_b_4,,T10_027,T10,027,19,b,4,train
T10_d20_027_a_4,,T10_027,T10,027,20,a,4,train
T10_d20_027_b_4,,T10_027,T10,027,20,b,4,train
T10_d21_027_a_4,,T10_027,T10,027,21,a,4,train
T10_d21_027_b_4,,T10_027,T10,027,21,b,4,train
T10_d22_027_a_4,,T10_027,T10,027,22,a,4,train
T10_d22_027_b_4,,T10_027,T10,027,22,b,4,train
T10_d23_027_a_5,,T10_027,T10,027,23,a,5,train
T10_d23_027_b_5,,T10_027,T10,027,23,b,5,train
T10_d01_033_a_1,,T10_033,T10,033,1,a,1,train
T10_d01_033_b_1,,T10_033,T10,033,1,b,1,train
T10_d02_033_a_1,,T10_033,T10,033,2,a,1,train
T10_d02_033_b_1,,T10_033,T10,033,2,b,1,train
T10_d03_033_a_1,,T10_033,T10,033,3,a,1,train
T10_d03_033_b_1,,T10_033,T10,033,3,b,1,train
T10_d04_033_a_1,,T10_033,T10,033,4,a,1,train
T10_d04_033_b_1,,T10_033,T10,033,4,b,1,train
T10_d05_033_a_1,,T10_033,T10,033,5,a,1,train
T10_d05_033_b_1,,T10_033,T10,033,5,b,1,train
T10_d06_033_a_1,,T10_033,T10,033,6,a,1,train
T10_d06_033_b_1,,T10_033,T10,033,6,b,1,train
T10_d07_033_a_1,,T10_033,T10,033,7,a,1,train
T10_d07_033_b_1,,T10_033,T10,033,7,b,1,train
T10_d08_033_a_2,,T10_033,T10,033,8,a,2,train
T10_d08_033_b_2,,T10_033,T10,033,8,b,2,train
T10_d09_033_a_2,,T10_033,T10,033,9,a,2,train
T10_d09_033_b_2,,T10_033,T10,033,9,b,2,train
T10_d10_033_a_3,,T10_033,T10,033,10,a,3,train
T10_d10_033_b_3,,T10_033,T10,033,10,b,3,train
T10_d11_033_a_3,,T10_033,T10,033,11,a,3,train
T10_d11_033_b_3,,T10_033,T10,033,11,b,3,train
T10_d01_041_a_1,,T10_041,T10,041,1,a,1,train
T10_d01_041_b_1,,T10_041,T10,041,1,b,1,train
T10_d02_041_a_1,,T10_041,T10,041,2,a,1,train
T10_d02_041_b_1,,T10_041,T10,041,2,b,1,train
T10_d03_041_a_1,,T10_041,T10,041,3,a,1,train
T10_d03_041_b_1,,T10_041,T10,041,3,b,1,train
T10_d04_041_a_1,,T10_041,T10,041,4,a,1,train
T10_d04_041_b_1,,T10_041,T10,041,4,b,1,train
T10_d05_041_a_1,,T10_041,T10,041,5,a,1,train
T10_d05_041_b_1,,T10_041,T10,041,5,b,1,train
T10_d06_041_a_1,,T10_041,T10,041,6,a,1,train
T10_d06_041_b_1,,T10_041,T10,041,6,b,1,train
T10_d07_041_a_1,,T10_041,T10,041,7,a,1,train
T10_d07_041_b_1,,T10_041,T10,041,7,b,1,train
T10_d08_041_a_2,,T10_041,T10,041,8,a,2,train
T10_d08_041_b_2,,T10_041,T10,041,8,b,2,train
T10_d09_041_a_2,,T10_041,T10,041,9,a,2,train
T10_d09_041_b_2,,T10_041,T10,041,9,b,2,train
T10_d10_041_a_2,,T10_041,T10,041,10,a,2,train
T10_d10_041_b_2,,T10_041,T10,041,10,b,2,train
T10_d11_041_a_3,,T10_041,T10,041,11,a,3,train
T10_d11_041_b_3,,T10_041,T10,041,11,b,3,train
T10_d12_041_a_3,,T10_041,T10,041,12,a,3,train
T10_d12_041_b_3,,T10_041,T10,041,12,b,3,train
T10_d13_041_a_3,,T10_041,T10,041,13,a,3,train
T10_d13_041_b_3,,T10_041,T10,041,13,b,3,train
T10_d14_041_a_3,,T10_041,T10,041,14,a,3,train
T10_d14_041_b_3,,T10_041,T10,041,14,b,3,train
T10_d15_041_a_4,,T10_041,T10,041,15,a,4,train
T10_d15_041_b_4,,T10_041,T10,041,15,b,4,train
T10_d16_041_a_4,,T10_041,T10,041,16,a,4,train
T10_d16_041_b_4,,T10_041,T10,041,16,b,4,train
T10_d17_041_a_4,,T10_041,T10,041,17,a,4,train
T10_d17_041_b_4,,T10_041,T10,041,17,b,4,train
T10_d18_041_a_4,,T10_041,T10,041,18,a,4,train
T10_d18_041_b_4,,T10_041,T10,041,18,b,4,train
T10_d19_041_a_4,,T10_041,T10,041,19,a,4,train
T10_d19_041_b_4,,T10_041,T10,041,19,b,4,train
T10_d20_041_a_5,,T10_041,T10,041,20,a,5,train
T10_d20_041_b_5,,T10_041,T10,041,20,b,5,train
T10_d21_041_a_5,,T10_041,T10,041,21,a,5,train
T10_d21_041_b_5,,T10_041,T10,041,21,b,5,train
T10_d22_041_a_5,,T10_041,T10,041,22,a,5,train
T10_d22_041_b_5,,T10_041,T10,041,22,b,5,train
T10_d23_041_a_5,,T10_041,T10,041,23,a,5,train
T10_d23_041_b_5,,T10_041,T10,041,23,b,5,train
T10_d24_041_a_5,,T10_041,T10,041,24,a,5,train
T10_d24_041_b_5,,T10_041,T10,041,24,b,5,train
T10_d25_041_a_5,,T10_041,T10,041,25,a,5,train
T10_d25_041_b_5,,T10_041,T10,041,25,b,5,train
T10_d26_041_a_5,,T10_041,T10,041,26,a,5,train
T10_d26_041_b_5,,T10_041,T10,041,26,b,5,train
T10_d01_045_a_1,,T10_045,T10,045,1,a,1,train
T10_d01_045_b_1,,T10_045,T10,045,1,b,1,train
T10_d02_045_a_1,,T10_045,T10,045,2,a,1,train
T10_d02_045_b_1,,T10_045,T10,045,2,b,1,train
T10_d03_045_a_1,,T10_045,T10,045,3,a,1,train
T10_d03_045_b_1,,T10_045,T10,045,3,b,1,train
T10_d04_045_a_1,,T10_045,T10,045,4,a,1,train
T10_d04_045_b_1,,T10_045,T10,045,4,b,1,train
T10_d05_045_a_1,,T10_045,T10,045,5,a,1,train
T10_d05_045_b_1,,T10_045,T10,045,5,b,1,train
T10_d06_045_a_1,,T10_045,T10,045,6,a,1,train
T10_d06_045_b_1,,T10_045,T10,045,6,b,1,train
T10_d07_045_a_1,,T10_045,T10,045,7,a,1,train
T10_d07_045_b_1,,T10_045,T10,045,7,b,1,train
T10_d01_046_a_1,,T10_046,T10,046,1,a,1,train
T10_d01_046_b_1,,T10_046,T10,046,1,b,1,train
T10_d02_046_a_1,,T10_046,T10,046,2,a,1,train
T10_d02_046_b_1,,T10_046,T10,046,2,b,1,train
T10_d03_046_a_1,,T10_046,T10,046,3,a,1,train
T10_d03_046_b_1,,T10_046,T10,046,3,b,1,train
T10_d04_046_a_1,,T10_046,T10,046,4,a,1,train
T10_d04_046_b_1,,T10_046,T10,046,4,b,1,train
T10_d05_046_a_1,,T10_046,T10,046,5,a,1,train
T10_d05_046_b_1,,T10_046,T10,046,5,b,1,train
T10_d06_046_a_1,,T10_046,T10,046,6,a,1,train
T10_d06_046_b_1,,T10_046,T10,046,6,b,1,train
T10_d07_046_a_1,,T10_046,T10,046,7,a,1,train
T10_d07_046_b_1,,T10_046,T10,046,7,b,1,train
T10_d08_046_a_1,,T10_046,T10,046,8,a,1,train
T10_d08_046_b_1,,T10_046,T10,046,8,b,1,train
T10_d09_046_a_2,,T10_046,T10,046,9,a,2,train
T10_d09_046_b_2,,T10_046,T10,046,9,b,2,train
T10_d10_046_a_2,,T10_046,T10,046,10,a,2,train
T10_d10_046_b_2,,T10_046,T10,046,10,b,2,train
T10_d11_046_a_3,,T10_046,T10,046,11,a,3,train
T10_d11_046_b_3,,T10_046,T10,046,11,b,3,train
T10_d12_046_a_3,,T10_046,T10,046,12,a,3,train
T10_d12_046_b_3,,T10_046,T10,046,12,b,3,train
T10_d13_046_a_3,,T10_046,T10,046,13,a,3,train
T10_d13_046_b_3,,T10_046,T10,046,13,b,3,train
T10_d14_046_a_3,,T10_046,T10,046,14,a,3,train
T10_d14_046_b_3,,T10_046,T10,046,14,b,3,train
T10_d15_046_a_4,,T10_046,T10,046,15,a,4,train
T10_d15_046_b_4,,T10_046,T10,046,15,b,4,train
T10_d16_046_a_4,,T10_046,T10,046,16,a,4,train
T10_d16_046_b_4,,T10_046,T10,046,16,b,4,train
T10_d17_046_a_4,,T10_046,T10,046,17,a,4,train
T10_d17_046_b_4,,T10_046,T10,046,17,b,4,train
T10_d18_046_a_4,,T10_046,T10,046,18,a,4,train
T10_d18_046_b_4,,T10_046,T10,046,18,b,4,train
T10_d19_046_a_4,,T10_046,T10,046,19,a,4,train
T10_d19_046_b_4,,T10_046,T10,046,19,b,4,train
T10_d20_046_a_4,,T10_046,T10,046,20,a,4,train
T10_d20_046_b_4,,T10_046,T10,046,20,b,4,train
T10_d21_046_a_4,,T10_046,T10,046,21,a,4,train
T10_d21_046_b_4,,T10_046,T10,046,21,b,4,train
T10_d22_046_a_4,,T10_046,T10,046,22,a,4,train
T10_d22_046_b_4,,T10_046,T10,046,22,b,4,train
T10_d23_046_a_5,,T10_046,T10,046,23,a,5,train
T10_d23_046_b_5,,T10_046,T10,046,23,b,5,train
T10_d24_046_a_5,,T10_046,T10,046,24,a,5,train
T10_d24_046_b_5,,T10_046,T10,046,24,b,5,train
T10_d25_046_a_5,,T10_046,T10,046,25,a,5,train
T10_d25_046_b_5,,T10_046,T10,046,25,b,5,train
T10_d26_046_a_5,,T10_046,T10,046,26,a,5,train
T10_d26_046_b_5,,T10_046,T10,046,26,b,5,train
T10_d01_054_a_1,,T10_054,T10,054,1,a,1,train
T10_d01_054_b_1,,T10_054,T10,054,1,b,1,train
T10_d02_054_a_1,,T10_054,T10,054,2,a,1,train
T10_d02_054_b_1,,T10_054,T10,054,2,b,1,train
T10_d03_054_a_1,,T10_054,T10,054,3,a,1,train
T10_d03_054_b_1,,T10_054,T10,054,3,b,1,train
T10_d01_055_a_1,,T10_055,T10,055,1,a,1,train
T10_d01_055_b_1,,T10_055,T10,055,1,b,1,train
T10_d02_055_a_1,,T10_055,T10,055,2,a,1,train
T10_d02_055_b_1,,T10_055,T10,055,2,b,1,train
T10_d03_055_a_1,,T10_055,T10,055,3,a,1,train
T10_d03_055_b_1,,T10_055,T10,055,3,b,1,train
T10_d04_055_a_1,,T10_055,T10,055,4,a,1,train
T10_d04_055_b_1,,T10_055,T10,055,4,b,1,train
T10_d05_055_a_1,,T10_055,T10,055,5,a,1,train
T10_d05_055_b_1,,T10_055,T10,055,5,b,1,train
T10_d06_055_a_1,,T10_055,T10,055,6,a,1,train
T10_d06_055_b_1,,T10_055,T10,055,6,b,1,train
T10_d07_055_a_1,,T10_055,T10,055,7,a,1,train
T10_d07_055_b_1,,T10_055,T10,055,7,b,1,train
T10_d08_055_a_2,,T10_055,T10,055,8,a,2,train
T10_d08_055_b_2,,T10_055,T10,055,8,b,2,train
T10_d09_055_a_2,,T10_055,T10,055,9,a,2,train
T10_d09_055_b_2,,T10_055,T10,055,9,b,2,train
T10_d10_055_a_2,,T10_055,T10,055,10,a,2,train
T10_d10_055_b_2,,T10_055,T10,055,10,b,2,train
T10_d11_055_a_3,,T10_055,T10,055,11,a,3,train
T10_d11_055_b_3,,T10_055,T10,055,11,b,3,train
T10_d12_055_a_3,,T10_055,T10,055,12,a,3,train
T10_d12_055_b_3,,T10_055,T10,055,12,b,3,train
T10_d13_055_a_3,,T10_055,T10,055,13,a,3,train
T10_d13_055_b_3,,T10_055,T10,055,13,b,3,train
T10_d14_055_a_3,,T10_055,T10,055,14,a,3,train
T10_d14_055_b_3,,T10_055,T10,055,14,b,3,train
T10_d15_055_a_3,,T10_055,T10,055,15,a,3,train
T10_d15_055_b_3,,T10_055,T10,055,15,b,3,train
T10_d16_055_a_3,,T10_055,T10,055,16,a,3,train
T10_d16_055_b_3,,T10_055,T10,055,16,b,3,train
T10_d17_055_a_4,,T10_055,T10,055,17,a,4,train
T10_d17_055_b_4,,T10_055,T10,055,17,b,4,train
T10_d18_055_a_4,,T10_055,T10,055,18,a,4,train
T10_d18_055_b_4,,T10_055,T10,055,18,b,4,train
T10_d19_055_a_4,,T10_055,T10,055,19,a,4,train
T10_d19_055_b_4,,T10_055,T10,055,19,b,4,train
T10_d20_055_a_4,,T10_055,T10,055,20,a,4,train
T10_d20_055_b_4,,T10_055,T10,055,20,b,4,train
T10_d21_055_a_4,,T10_055,T10,055,21,a,4,train
T10_d21_055_b_4,,T10_055,T10,055,21,b,4,train
T10_d22_055_a_4,,T10_055,T10,055,22,a,4,train
T10_d22_055_b_4,,T10_055,T10,055,22,b,4,train
T10_d23_055_a_4,,T10_055,T10,055,23,a,4,train
T10_d23_055_b_4,,T10_055,T10,055,23,b,4,train
T10_d24_055_a_4,,T10_055,T10,055,24,a,4,train
T10_d24_055_b_4,,T10_055,T10,055,24,b,4,train
T10_d25_055_a_4,,T10_055,T10,055,25,a,4,train
T10_d25_055_b_4,,T10_055,T10,055,25,b,4,train
T10_d26_055_a_5,,T10_055,T10,055,26,a,5,train
T10_d26_055_b_5,,T10_055,T10,055,26,b,5,train
T10_d01_058_a_1,,T10_058,T10,058,1,a,1,train
T10_d01_058_b_1,,T10_058,T10,058,1,b,1,train
T10_d02_058_a_1,,T10_058,T10,058,2,a,1,train
T10_d02_058_b_1,,T10_058,T10,058,2,b,1,train
T10_d03_058_a_1,,T10_058,T10,058,3,a,1,train
T10_d03_058_b_1,,T10_058,T10,058,3,b,1,train
T10_d04_058_a_1,,T10_058,T10,058,4,a,1,train
T10_d04_058_b_1,,T10_058,T10,058,4,b,1,train
T10_d05_058_a_1,,T10_058,T10,058,5,a,1,train
T10_d05_058_b_1,,T10_058,T10,058,5,b,1,train
T10_d06_058_a_1,,T10_058,T10,058,6,a,1,train
T10_d06_058_b_1,,T10_058,T10,058,6,b,1,train
T10_d07_058_a_1,,T10_058,T10,058,7,a,1,train
T10_d07_058_b_1,,T10_058,T10,058,7,b,1,train
T10_d08_058_a_1,,T10_058,T10,058,8,a,1,train
T10_d08_058_b_1,,T10_058,T10,058,8,b,1,train
T10_d09_058_a_2,,T10_058,T10,058,9,a,2,train
T10_d09_058_b_2,,T10_058,T10,058,9,b,2,train
T10_d10_058_a_2,,T10_058,T10,058,10,a,2,train
T10_d10_058_b_2,,T10_058,T10,058,10,b,2,train
T10_d11_058_a_3,,T10_058,T10,058,11,a,3,train
T10_d11_058_b_3,,T10_058,T10,058,11,b,3,train
T10_d12_058_a_3,,T10_058,T10,058,12,a,3,train
T10_d12_058_b_3,,T10_058,T10,058,12,b,3,train
T10_d13_058_a_3,,T10_058,T10,058,13,a,3,train
T10_d13_058_b_3,,T10_058,T10,058,13,b,3,train
T10_d14_058_a_3,,T10_058,T10,058,14,a,3,train
T10_d14_058_b_3,,T10_058,T10,058,14,b,3,train
T10_d15_058_a_3,,T10_058,T10,058,15,a,3,train
T10_d15_058_b_3,,T10_058,T10,058,15,b,3,train
T10_d16_058_a_4,,T10_058,T10,058,16,a,4,train
T10_d16_058_b_4,,T10_058,T10,058,16,b,4,train
T10_d17_058_a_4,,T10_058,T10,058,17,a,4,train
T10_d17_058_b_4,,T10_058,T10,058,17,b,4,train
T10_d18_058_a_4,,T10_058,T10,058,18,a,4,train
T10_d18_058_b_4,,T10_058,T10,058,18,b,4,train
T10_d19_058_a_5,,T10_058,T10,058,19,a,5,train
T10_d19_058_b_5,,T10_058,T10,058,19,b,5,train
T10_d20_058_a_5,,T10_058,T10,058,20,a,5,train
T10_d20_058_b_5,,T10_058,T10,058,20,b,5,train
T10_d21_058_a_5,,T10_058,T10,058,21,a,5,train
T10_d21_058_b_5,,T10_058,T10,058,21,b,5,train
T10_d22_058_a_5,,T10_058,T10,058,22,a,5,train
T10_d22_058_b_5,,T10_058,T10,058,22,b,5,train
T10_d23_058_a_5,,T10_058,T10,058,23,a,5,train
T10_d23_058_b_5,,T10_058,T10,058,23,b,5,train
T10_d24_058_a_5,,T10_058,T10,058,24,a,5,train
T10_d24_058_b_5,,T10_058,T10,058,24,b,5,train
T10_d25_058_a_5,,T10_058,T10,058,25,a,5,train
T10_d25_058_b_5,,T10_058,T10,058,25,b,5,train
T10_d26_058_a_5,,T10_058,T10,058,26,a,5,train
T10_d26_058_b_5,,T10_058,T10,058,26,b,5,train
T10_d01_061_a_1,,T10_061,T10,061,1,a,1,train
T10_d01_061_b_1,,T10_061,T10,061,1,b,1,train
T10_d02_061_a_1,,T10_061,T10,061,2,a,1,train
T10_d02_061_b_1,,T10_061,T10,061,2,b,1,train
T10_d03_061_a_1,,T10_061,T10,061,3,a,1,train
T10_d03_061_b_1,,T10_061,T10,061,3,b,1,train
T10_d04_061_a_1,,T10_061,T10,061,4,a,1,train
T10_d04_061_b_1,,T10_061,T10,061,4,b,1,train
T10_d05_061_a_2,,T10_061,T10,061,5,a,2,train
T10_d05_061_b_2,,T10_061,T10,061,5,b,2,train
T10_d06_061_a_2,,T10_061,T10,061,6,a,2,train
T10_d06_061_b_2,,T10_061,T10,061,6,b,2,train
T10_d07_061_a_2,,T10_061,T10,061,7,a,2,train
T10_d07_061_b_2,,T10_061,T10,061,7,b,2,train
T10_d08_061_a_2,,T10_061,T10,061,8,a,2,train
T10_d08_061_b_2,,T10_061,T10,061,8,b,2,train
T10_d09_061_a_2,,T10_061,T10,061,9,a,2,train
T10_d09_061_b_2,,T10_061,T10,061,9,b,2,train
T10_d10_061_a_3,,T10_061,T10,061,10,a,3,train
T10_d10_061_b_3,,T10_061,T10,061,10,b,3,train
T10_d11_061_a_3,,T10_061,T10,061,11,a,3,train
T10_d11_061_b_3,,T10_061,T10,061,11,b,3,train
T10_d12_061_a_3,,T10_061,T10,061,12,a,3,train
T10_d12_061_b_3,,T10_061,T10,061,12,b,3,train
T10_d13_061_a_3,,T10_061,T10,061,13,a,3,train
T10_d13_061_b_3,,T10_061,T10,061,13,b,3,train
T10_d14_061_a_3,,T10_061,T10,061,14,a,3,train
T10_d14_061_b_3,,T10_061,T10,061,14,b,3,train
T10_d15_061_a_3,,T10_061,T10,061,15,a,3,train
T10_d15_061_b_3,,T10_061,T10,061,15,b,3,train
T10_d16_061_a_4,,T10_061,T10,061,16,a,4,train
T10_d16_061_b_4,,T10_061,T10,061,16,b,4,train
T10_d17_061_a_4,,T10_061,T10,061,17,a,4,train
T10_d17_061_b_4,,T10_061,T10,061,17,b,4,train
T10_d18_061_a_4,,T10_061,T10,061,18,a,4,train
T10_d18_061_b_4,,T10_061,T10,061,18,b,4,train
T10_d19_061_a_4,,T10_061,T10,061,19,a,4,train
T10_d19_061_b_4,,T10_061,T10,061,19,b,4,train
T10_d20_061_a_4,,T10_061,T10,061,20,a,4,train
T10_d20_061_b_4,,T10_061,T10,061,20,b,4,train
T10_d21_061_a_4,,T10_061,T10,061,21,a,4,train
T10_d21_061_b_4,,T10_061,T10,061,21,b,4,train
T10_d22_061_a_4,,T10_061,T10,061,22,a,4,train
T10_d22_061_b_4,,T10_061,T10,061,22,b,4,train
T10_d23_061_a_5,,T10_061,T10,061,23,a,5,train
T10_d23_061_b_5,,T10_061,T10,061,23,b,5,train
T10_d24_061_a_5,,T10_061,T10,061,24,a,5,train
T10_d24_061_b_5,,T10_061,T10,061,24,b,5,train
T10_d25_061_a_5,,T10_061,T10,061,25,a,5,train
T10_d25_061_b_5,,T10_061,T10,061,25,b,5,train
T10_d26_061_a_5,,T10_061,T10,061,26,a,5,train
T10_d26_061_b_5,,T10_061,T10,061,26,b,5,train
T10_d01_065_a_1,,T10_065,T10,065,1,a,1,train
T10_d01_065_b_1,,T10_065,T10,065,1,b,1,train
T10_d02_065_a_2,,T10_065,T10,065,2,a,2,train
T10_d02_065_b_2,,T10_065,T10,065,2,b,2,train
T10_d03_065_a_2,,T10_065,T10,065,3,a,2,train
T10_d03_065_b_2,,T10_065,T10,065,3,b,2,train
T10_d04_065_a_3,,T10_065,T10,065,4,a,3,train
T10_d04_065_b_3,,T10_065,T10,065,4,b,3,train
T10_d05_065_a_3,,T10_065,T10,065,5,a,3,train
T10_d05_065_b_3,,T10_065,T10,065,5,b,3,train
T10_d06_065_a_3,,T10_065,T10,065,6,a,3,train
T10_d06_065_b_3,,T10_065,T10,065,6,b,3,train
T10_d07_065_a_3,,T10_065,T10,065,7,a,3,train
T10_d07_065_b_3,,T10_065,T10,065,7,b,3,train
T10_d08_065_a_4,,T10_065,T10,065,8,a,4,train
T10_d08_065_b_4,,T10_065,T10,065,8,b,4,train
T10_d09_065_a_4,,T10_065,T10,065,9,a,4,train
T10_d09_065_b_4,,T10_065,T10,065,9,b,4,train
T10_d10_065_a_4,,T10_065,T10,065,10,a,4,train
T10_d10_065_b_4,,T10_065,T10,065,10,b,4,train
T10_d11_065_a_4,,T10_065,T10,065,11,a,4,train
T10_d11_065_b_4,,T10_065,T10,065,11,b,4,train
T10_d12_065_a_4,,T10_065,T10,065,12,a,4,train
T10_d12_065_b_4,,T10_065,T10,065,12,b,4,train
T10_d13_065_a_4,,T10_065,T10,065,13,a,4,train
T10_d13_065_b_4,,T10_065,T10,065,13,b,4,train
T10_d01_067_a_1,,T10_067,T10,067,1,a,1,train
T10_d01_067_b_1,,T10_067,T10,067,1,b,1,train
T10_d02_067_a_1,,T10_067,T10,067,2,a,1,train
T10_d02_067_b_1,,T10_067,T10,067,2,b,1,train
T10_d03_067_a_1,,T10_067,T10,067,3,a,1,train
T10_d03_067_b_1,,T10_067,T10,067,3,b,1,train
T10_d04_067_a_1,,T10_067,T10,067,4,a,1,train
T10_d04_067_b_1,,T10_067,T10,067,4,b,1,train
T10_d05_067_a_1,,T10_067,T10,067,5,a,1,train
T10_d05_067_b_1,,T10_067,T10,067,5,b,1,train
T10_d06_067_a_1,,T10_067,T10,067,6,a,1,train
T10_d06_067_b_1,,T10_067,T10,067,6,b,1,train
T10_d07_067_a_1,,T10_067,T10,067,7,a,1,train
T10_d07_067_b_1,,T10_067,T10,067,7,b,1,train
T10_d08_067_a_1,,T10_067,T10,067,8,a,1,train
T10_d08_067_b_1,,T10_067,T10,067,8,b,1,train
T10_d09_067_a_2,,T10_067,T10,067,9,a,2,train
T10_d09_067_b_2,,T10_067,T10,067,9,b,2,train
T10_d10_067_a_2,,T10_067,T10,067,10,a,2,train
T10_d10_067_b_2,,T10_067,T10,067,10,b,2,train
T10_d11_067_a_2,,T10_067,T10,067,11,a,2,train
T10_d11_067_b_2,,T10_067,T10,067,11,b,2,train
T10_d12_067_a_2,,T10_067,T10,067,12,a,2,train
T10_d12_067_b_2,,T10_067,T10,067,12,b,2,train
T10_d13_067_a_3,,T10_067,T10,067,13,a,3,train
T10_d13_067_b_3,,T10_067,T10,067,13,b,3,train
T10_d14_067_a_3,,T10_067,T10,067,14,a,3,train
T10_d14_067_b_3,,T10_067,T10,067,14,b,3,train
T10_d15_067_a_3,,T10_067,T10,067,15,a,3,train
T10_d15_067_b_3,,T10_067,T10,067,15,b,3,train
T10_d16_067_a_3,,T10_067,T10,067,16,a,3,train
T10_d16_067_b_3,,T10_067,T10,067,16,b,3,train
T10_d17_067_a_3,,T10_067,T10,067,17,a,3,train
T10_d17_067_b_3,,T10_067,T10,067,17,b,3,train
T10_d18_067_a_4,,T10_067,T10,067,18,a,4,train
T10_d18_067_b_4,,T10_067,T10,067,18,b,4,train
T10_d19_067_a_4,,T10_067,T10,067,19,a,4,train
T10_d19_067_b_4,,T10_067,T10,067,19,b,4,train
T10_d20_067_a_4,,T10_067,T10,067,20,a,4,train
T10_d20_067_b_4,,T10_067,T10,067,20,b,4,train
T10_d21_067_a_4,,T10_067,T10,067,21,a,4,train
T10_d21_067_b_4,,T10_067,T10,067,21,b,4,train
T10_d22_067_a_4,,T10_067,T10,067,22,a,4,train
T10_d22_067_b_4,,T10_067,T10,067,22,b,4,train
T10_d23_067_a_5,,T10_067,T10,067,23,a,5,train
T10_d23_067_b_5,,T10_067,T10,067,23,b,5,train
T10_d24_067_a_5,,T10_067,T10,067,24,a,5,train
T10_d24_067_b_5,,T10_067,T10,067,24,b,5,train
T10_d25_067_a_5,,T10_067,T10,067,25,a,5,train
T10_d25_067_b_5,,T10_067,T10,067,25,b,5,train
T10_d26_067_a_5,,T10_067,T10,067,26,a,5,train
T10_d26_067_b_5,,T10_067,T10,067,26,b,5,train
T10_d01_080_a_1,,T10_080,T10,080,1,a,1,train
T10_d01_080_b_1,,T10_080,T10,080,1,b,1,train
T10_d02_080_a_1,,T10_080,T10,080,2,a,1,train
T10_d02_080_b_1,,T10_080,T10,080,2,b,1,train
T10_d03_080_a_1,,T10_080,T10,080,3,a,1,train
T10_d03_080_b_1,,T10_080,T10,080,3,b,1,train
T10_d04_080_a_1,,T10_080,T10,080,4,a,1,train
T10_d04_080_b_1,,T10_080,T10,080,4,b,1,train
T10_d05_080_a_1,,T10_080,T10,080,5,a,1,train
T10_d05_080_b_1,,T10_080,T10,080,5,b,1,train
T10_d06_080_a_1,,T10_080,T10,080,6,a,1,train
T10_d06_080_b_1,,T10_080,T10,080,6,b,1,train
T10_d07_080_a_1,,T10_080,T10,080,7,a,1,train
T10_d07_080_b_1,,T10_080,T10,080,7,b,1,train
T10_d08_080_a_2,,T10_080,T10,080,8,a,2,train
T10_d08_080_b_2,,T10_080,T10,080,8,b,2,train
T10_d09_080_a_2,,T10_080,T10,080,9,a,2,train
T10_d09_080_b_2,,T10_080,T10,080,9,b,2,train
T10_d10_080_a_2,,T10_080,T10,080,10,a,2,train
T10_d10_080_b_2,,T10_080,T10,080,10,b,2,train
T10_d11_080_a_3,,T10_080,T10,080,11,a,3,train
T10_d11_080_b_3,,T10_080,T10,080,11,b,3,train
T10_d12_080_a_3,,T10_080,T10,080,12,a,3,train
T10_d12_080_b_3,,T10_080,T10,080,12,b,3,train
T10_d13_080_a_3,,T10_080,T10,080,13,a,3,train
T10_d13_080_b_3,,T10_080,T10,080,13,b,3,train
T10_d14_080_a_3,,T10_080,T10,080,14,a,3,train
T10_d14_080_b_3,,T10_080,T10,080,14,b,3,train
T10_d15_080_a_3,,T10_080,T10,080,15,a,3,train
T10_d15_080_b_3,,T10_080,T10,080,15,b,3,train
T10_d16_080_a_3,,T10_080,T10,080,16,a,3,train
T10_d16_080_b_3,,T10_080,T10,080,16,b,3,train
T10_d17_080_a_3,,T10_080,T10,080,17,a,3,train
T10_d17_080_b_3,,T10_080,T10,080,17,b,3,train
T10_d18_080_a_3,,T10_080,T10,080,18,a,3,train
T10_d18_080_b_3,,T10_080,T10,080,18,b,3,train
T10_d19_080_a_4,,T10_080,T10,080,19,a,4,train
T10_d19_080_b_4,,T10_080,T10,080,19,b,4,train
T10_d20_080_a_4,,T10_080,T10,080,20,a,4,train
T10_d20_080_b_4,,T10_080,T10,080,20,b,4,train
T10_d21_080_a_4,,T10_080,T10,080,21,a,4,train
T10_d21_080_b_4,,T10_080,T10,080,21,b,4,train
T10_d01_083_a_1,,T10_083,T10,083,1,a,1,train
T10_d01_083_b_1,,T10_083,T10,083,1,b,1,train
T10_d02_083_a_1,,T10_083,T10,083,2,a,1,train
T10_d02_083_b_1,,T10_083,T10,083,2,b,1,train
T10_d03_083_a_1,,T10_083,T10,083,3,a,1,train
T10_d03_083_b_1,,T10_083,T10,083,3,b,1,train
T10_d04_083_a_1,,T10_083,T10,083,4,a,1,train
T10_d04_083_b_1,,T10_083,T10,083,4,b,1,train
T10_d05_083_a_1,,T10_083,T10,083,5,a,1,train
T10_d05_083_b_1,,T10_083,T10,083,5,b,1,train
T10_d06_083_a_1,,T10_083,T10,083,6,a,1,train
T10_d06_083_b_1,,T10_083,T10,083,6,b,1,train
T10_d07_083_a_1,,T10_083,T10,083,7,a,1,train
T10_d07_083_b_1,,T10_083,T10,083,7,b,1,train
T10_d08_083_a_1,,T10_083,T10,083,8,a,1,train
T10_d08_083_b_1,,T10_083,T10,083,8,b,1,train
T10_d09_083_a_2,,T10_083,T10,083,9,a,2,train
T10_d09_083_b_2,,T10_083,T10,083,9,b,2,train
T10_d10_083_a_2,,T10_083,T10,083,10,a,2,train
T10_d10_083_b_2,,T10_083,T10,083,10,b,2,train
T10_d11_083_a_3,,T10_083,T10,083,11,a,3,train
T10_d11_083_b_3,,T10_083,T10,083,11,b,3,train
T10_d12_083_a_3,,T10_083,T10,083,12,a,3,train
T10_d12_083_b_3,,T10_083,T10,083,12,b,3,train
T10_d13_083_a_3,,T10_083,T10,083,13,a,3,train
T10_d13_083_b_3,,T10_083,T10,083,13,b,3,train
T10_d14_083_a_3,,T10_083,T10,083,14,a,3,train
T10_d14_083_b_3,,T10_083,T10,083,14,b,3,train
T10_d15_083_a_3,,T10_083,T10,083,15,a,3,train
T10_d15_083_b_3,,T10_083,T10,083,15,b,3,train
T10_d16_083_a_4,,T10_083,T10,083,16,a,4,train
T10_d16_083_b_4,,T10_083,T10,083,16,b,4,train
T10_d17_083_a_4,,T10_083,T10,083,17,a,4,train
T10_d17_083_b_4,,T10_083,T10,083,17,b,4,train
T10_d18_083_a_4,,T10_083,T10,083,18,a,4,train
T10_d18_083_b_4,,T10_083,T10,083,18,b,4,train
T10_d19_083_a_4,,T10_083,T10,083,19,a,4,train
T10_d19_083_b_4,,T10_083,T10,083,19,b,4,train
T10_d20_083_a_4,,T10_083,T10,083,20,a,4,train
T10_d20_083_b_4,,T10_083,T10,083,20,b,4,train
T10_d21_083_a_5,,T10_083,T10,083,21,a,5,train
T10_d21_083_b_5,,T10_083,T10,083,21,b,5,train
T10_d22_083_a_5,,T10_083,T10,083,22,a,5,train
T10_d22_083_b_5,,T10_083,T10,083,22,b,5,train
T10_d23_083_a_5,,T10_083,T10,083,23,a,5,train
T10_d23_083_b_5,,T10_083,T10,083,23,b,5,train
T10_d24_083_a_5,,T10_083,T10,083,24,a,5,train
T10_d24_083_b_5,,T10_083,T10,083,24,b,5,train
T10_d25_083_a_5,,T10_083,T10,083,25,a,5,train
T10_d25_083_b_5,,T10_083,T10,083,25,b,5,train
T10_d26_083_a_5,,T10_083,T10,083,26,a,5,train
T10_d26_083_b_5,,T10_083,T10,083,26,b,5,train
T10_d01_093_a_1,,T10_093,T10,093,1,a,1,train
T10_d01_093_b_1,,T10_093,T10,093,1,b,1,train
T10_d02_093_a_1,,T10_093,T10,093,2,a,1,train
T10_d02_093_b_1,,T10_093,T10,093,2,b,1,train
T10_d03_093_a_1,,T10_093,T10,093,3,a,1,train
T10_d03_093_b_1,,T10_093,T10,093,3,b,1,train
T10_d04_093_a_1,,T10_093,T10,093,4,a,1,train
T10_d04_093_b_1,,T10_093,T10,093,4,b,1,train
T10_d05_093_a_1,,T10_093,T10,093,5,a,1,train
T10_d05_093_b_1,,T10_093,T10,093,5,b,1,train
T10_d06_093_a_1,,T10_093,T10,093,6,a,1,train
T10_d06_093_b_1,,T10_093,T10,093,6,b,1,train
T10_d07_093_a_1,,T10_093,T10,093,7,a,1,train
T10_d07_093_b_1,,T10_093,T10,093,7,b,1,train
T10_d08_093_a_2,,T10_093,T10,093,8,a,2,train
T10_d08_093_b_2,,T10_093,T10,093,8,b,2,train
T10_d09_093_a_2,,T10_093,T10,093,9,a,2,train
T10_d09_093_b_2,,T10_093,T10,093,9,b,2,train
T10_d10_093_a_3,,T10_093,T10,093,10,a,3,train
T10_d10_093_b_3,,T10_093,T10,093,10,b,3,train
T10_d11_093_a_3,,T10_093,T10,093,11,a,3,train
T10_d11_093_b_3,,T10_093,T10,093,11,b,3,train
T10_d12_093_a_3,,T10_093,T10,093,12,a,3,train
T10_d12_093_b_3,,T10_093,T10,093,12,b,3,train
T10_d13_093_a_3,,T10_093,T10,093,13,a,3,train
T10_d13_093_b_3,,T10_093,T10,093,13,b,3,train
T10_d14_093_a_3,,T10_093,T10,093,14,a,3,train
T10_d14_093_b_3,,T10_093,T10,093,14,b,3,train
T10_d15_093_a_3,,T10_093,T10,093,15,a,3,train
T10_d15_093_b_3,,T10_093,T10,093,15,b,3,train
T10_d16_093_a_3,,T10_093,T10,093,16,a,3,train
T10_d16_093_b_3,,T10_093,T10,093,16,b,3,train
T10_d17_093_a_3,,T10_093,T10,093,17,a,3,train
T10_d17_093_b_3,,T10_093,T10,093,17,b,3,train
T10_d18_093_a_4,,T10_093,T10,093,18,a,4,train
T10_d18_093_b_4,,T10_093,T10,093,18,b,4,train
T10_d19_093_a_4,,T10_093,T10,093,19,a,4,train
T10_d19_093_b_4,,T10_093,T10,093,19,b,4,train
T10_d20_093_a_4,,T10_093,T10,093,20,a,4,train
T10_d20_093_b_4,,T10_093,T10,093,20,b,4,train
T10_d21_093_a_4,,T10_093,T10,093,21,a,4,train
T10_d21_093_b_4,,T10_093,T10,093,21,b,4,train
T10_d22_093_a_4,,T10_093,T10,093,22,a,4,train
T10_d22_093_b_4,,T10_093,T10,093,22,b,4,train
T10_d23_093_a_4,,T10_093,T10,093,23,a,4,train
T10_d23_093_b_4,,T10_093,T10,093,23,b,4,train
T10_d24_093_a_5,,T10_093,T10,093,24,a,5,train
T10_d24_093_b_5,,T10_093,T10,093,24,b,5,train
T10_d25_093_a_5,,T10_093,T10,093,25,a,5,train
T10_d25_093_b_5,,T10_093,T10,093,25,b,5,train
T10_d26_093_a_5,,T10_093,T10,093,26,a,5,train
T10_d26_093_b_5,,T10_093,T10,093,26,b,5,train
T10_d01_094_a_1,,T10_094,T10,094,1,a,1,train
T10_d01_094_b_1,,T10_094,T10,094,1,b,1,train
T10_d02_094_a_1,,T10_094,T10,094,2,a,1,train
T10_d02_094_b_1,,T10_094,T10,094,2,b,1,train
T10_d03_094_a_1,,T10_094,T10,094,3,a,1,train
T10_d03_094_b_1,,T10_094,T10,094,3,b,1,train
T10_d04_094_a_1,,T10_094,T10,094,4,a,1,train
T10_d04_094_b_1,,T10_094,T10,094,4,b,1,train
T10_d05_094_a_1,,T10_094,T10,094,5,a,1,train
T10_d05_094_b_1,,T10_094,T10,094,5,b,1,train
T10_d06_094_a_1,,T10_094,T10,094,6,a,1,train
T10_d06_094_b_1,,T10_094,T10,094,6,b,1,train
T10_d07_094_a_1,,T10_094,T10,094,7,a,1,train
T10_d07_094_b_1,,T10_094,T10,094,7,b,1,train
T10_d08_094_a_1,,T10_094,T10,094,8,a,1,train
T10_d08_094_b_1,,T10_094,T10,094,8,b,1,train
T10_d09_094_a_2,,T10_094,T10,094,9,a,2,train
T10_d09_094_b_2,,T10_094,T10,094,9,b,2,train
T10_d10_094_a_2,,T10_094,T10,094,10,a,2,train
T10_d10_094_b_2,,T10_094,T10,094,10,b,2,train
T10_d11_094_a_3,,T10_094,T10,094,11,a,3,train
T10_d11_094_b_3,,T10_094,T10,094,11,b,3,train
T10_d12_094_a_3,,T10_094,T10,094,12,a,3,train
T10_d12_094_b_3,,T10_094,T10,094,12,b,3,train
T10_d13_094_a_3,,T10_094,T10,094,13,a,3,train
T10_d13_094_b_3,,T10_094,T10,094,13,b,3,train
T10_d14_094_a_3,,T10_094,T10,094,14,a,3,train
T10_d14_094_b_3,,T10_094,T10,094,14,b,3,train
T10_d15_094_a_3,,T10_094,T10,094,15,a,3,train
T10_d15_094_b_3,,T10_094,T10,094,15,b,3,train
T10_d16_094_a_3,,T10_094,T10,094,16,a,3,train
T10_d16_094_b_3,,T10_094,T10,094,16,b,3,train
T10_d17_094_a_4,,T10_094,T10,094,17,a,4,train
T10_d17_094_b_4,,T10_094,T10,094,17,b,4,train
T10_d18_094_a_4,,T10_094,T10,094,18,a,4,train
T10_d18_094_b_4,,T10_094,T10,094,18,b,4,train
T10_d19_094_a_5,,T10_094,T10,094,19,a,5,train
T10_d19_094_b_5,,T10_094,T10,094,19,b,5,train
T10_d20_094_a_5,,T10_094,T10,094,20,a,5,train
T10_d20_094_b_5,,T10_094,T10,094,20,b,5,train
T10_d21_094_a_5,,T10_094,T10,094,21,a,5,train
T10_d21_094_b_5,,T10_094,T10,094,21,b,5,train
T10_d22_094_a_5,,T10_094,T10,094,22,a,5,train
T10_d22_094_b_5,,T10_094,T10,094,22,b,5,train
T10_d23_094_a_5,,T10_094,T10,094,23,a,5,train
T10_d23_094_b_5,,T10_094,T10,094,23,b,5,train
T10_d24_094_a_5,,T10_094,T10,094,24,a,5,train
T10_d24_094_b_5,,T10_094,T10,094,24,b,5,train
T10_d25_094_a_5,,T10_094,T10,094,25,a,5,train
T10_d25_094_b_5,,T10_094,T10,094,25,b,5,train
T10_d26_094_a_5,,T10_094,T10,094,26,a,5,train
T10_d26_094_b_5,,T10_094,T10,094,26,b,5,train
T10_d01_096_a_1,,T10_096,T10,096,1,a,1,train
T10_d01_096_b_1,,T10_096,T10,096,1,b,1,train
T10_d02_096_a_1,,T10_096,T10,096,2,a,1,train
T10_d02_096_b_1,,T10_096,T10,096,2,b,1,train
T10_d03_096_a_1,,T10_096,T10,096,3,a,1,train
T10_d03_096_b_1,,T10_096,T10,096,3,b,1,train
T10_d04_096_a_1,,T10_096,T10,096,4,a,1,train
T10_d04_096_b_1,,T10_096,T10,096,4,b,1,train
T10_d05_096_a_1,,T10_096,T10,096,5,a,1,train
T10_d05_096_b_1,,T10_096,T10,096,5,b,1,train
T10_d06_096_a_1,,T10_096,T10,096,6,a,1,train
T10_d06_096_b_1,,T10_096,T10,096,6,b,1,train
T10_d07_096_a_1,,T10_096,T10,096,7,a,1,train
T10_d07_096_b_1,,T10_096,T10,096,7,b,1,train
T10_d08_096_a_1,,T10_096,T10,096,8,a,1,train
T10_d08_096_b_1,,T10_096,T10,096,8,b,1,train
T10_d09_096_a_2,,T10_096,T10,096,9,a,2,train
T10_d09_096_b_2,,T10_096,T10,096,9,b,2,train
T10_d10_096_a_2,,T10_096,T10,096,10,a,2,train
T10_d10_096_b_2,,T10_096,T10,096,10,b,2,train
T10_d11_096_a_2,,T10_096,T10,096,11,a,2,train
T10_d11_096_b_2,,T10_096,T10,096,11,b,2,train
T10_d12_096_a_2,,T10_096,T10,096,12,a,2,train
T10_d12_096_b_2,,T10_096,T10,096,12,b,2,train
T10_d13_096_a_2,,T10_096,T10,096,13,a,2,train
T10_d13_096_b_2,,T10_096,T10,096,13,b,2,train
T10_d14_096_a_2,,T10_096,T10,096,14,a,2,train
T10_d14_096_b_2,,T10_096,T10,096,14,b,2,train
T10_d15_096_a_2,,T10_096,T10,096,15,a,2,train
T10_d15_096_b_2,,T10_096,T10,096,15,b,2,train
T10_d16_096_a_2,,T10_096,T10,096,16,a,2,train
T10_d16_096_b_2,,T10_096,T10,096,16,b,2,train
T10_d17_096_a_3,,T10_096,T10,096,17,a,3,train
T10_d17_096_b_3,,T10_096,T10,096,17,b,3,train
T10_d18_096_a_3,,T10_096,T10,096,18,a,3,train
T10_d18_096_b_3,,T10_096,T10,096,18,b,3,train
T10_d19_096_a_4,,T10_096,T10,096,19,a,4,train
T10_d19_096_b_4,,T10_096,T10,096,19,b,4,train
T10_d20_096_a_4,,T10_096,T10,096,20,a,4,train
T10_d20_096_b_4,,T10_096,T10,096,20,b,4,train
T10_d21_096_a_4,,T10_096,T10,096,21,a,4,train
T10_d21_096_b_4,,T10_096,T10,096,21,b,4,train
T10_d22_096_a_4,,T10_096,T10,096,22,a,4,train
T10_d22_096_b_4,,T10_096,T10,096,22,b,4,train
T10_d23_096_a_4,,T10_096,T10,096,23,a,4,train
T10_d23_096_b_4,,T10_096,T10,096,23,b,4,train
T10_d24_096_a_4,,T10_096,T10,096,24,a,4,train
T10_d24_096_b_4,,T10_096,T10,096,24,b,4,train
T10_d25_096_a_4,,T10_096,T10,096,25,a,4,train
T10_d25_096_b_4,,T10_096,T10,096,25,b,4,train
T10_d26_096_a_4,,T10_096,T10,096,26,a,4,train
T10_d26_096_b_4,,T10_096,T10,096,26,b,4,train
T10_d01_108_a_1,,T10_108,T10,108,1,a,1,train
T10_d01_108_b_1,,T10_108,T10,108,1,b,1,train
T10_d02_108_a_1,,T10_108,T10,108,2,a,1,train
T10_d02_108_b_1,,T10_108,T10,108,2,b,1,train
T10_d03_108_a_1,,T10_108,T10,108,3,a,1,train
T10_d03_108_b_1,,T10_108,T10,108,3,b,1,train
T10_d04_108_a_1,,T10_108,T10,108,4,a,1,train
T10_d04_108_b_1,,T10_108,T10,108,4,b,1,train
T10_d05_108_a_1,,T10_108,T10,108,5,a,1,train
T10_d05_108_b_1,,T10_108,T10,108,5,b,1,train
T10_d06_108_a_1,,T10_108,T10,108,6,a,1,train
T10_d06_108_b_1,,T10_108,T10,108,6,b,1,train
T10_d07_108_a_1,,T10_108,T10,108,7,a,1,train
T10_d07_108_b_1,,T10_108,T10,108,7,b,1,train
T10_d08_108_a_1,,T10_108,T10,108,8,a,1,train
T10_d08_108_b_1,,T10_108,T10,108,8,b,1,train
T10_d09_108_a_2,,T10_108,T10,108,9,a,2,train
T10_d09_108_b_2,,T10_108,T10,108,9,b,2,train
T10_d10_108_a_2,,T10_108,T10,108,10,a,2,train
T10_d10_108_b_2,,T10_108,T10,108,10,b,2,train
T10_d11_108_a_3,,T10_108,T10,108,11,a,3,train
T10_d11_108_b_3,,T10_108,T10,108,11,b,3,train
T10_d12_108_a_3,,T10_108,T10,108,12,a,3,train
T10_d12_108_b_3,,T10_108,T10,108,12,b,3,train
T10_d13_108_a_3,,T10_108,T10,108,13,a,3,train
T10_d13_108_b_3,,T10_108,T10,108,13,b,3,train
T10_d14_108_a_3,,T10_108,T10,108,14,a,3,train
T10_d14_108_b_3,,T10_108,T10,108,14,b,3,train
T10_d15_108_a_3,,T10_108,T10,108,15,a,3,train
T10_d15_108_b_3,,T10_108,T10,108,15,b,3,train
T10_d16_108_a_3,,T10_108,T10,108,16,a,3,train
T10_d16_108_b_3,,T10_108,T10,108,16,b,3,train
T10_d17_108_a_4,,T10_108,T10,108,17,a,4,train
T10_d17_108_b_4,,T10_108,T10,108,17,b,4,train
T10_d18_108_a_4,,T10_108,T10,108,18,a,4,train
T10_d18_108_b_4,,T10_108,T10,108,18,b,4,train
T10_d19_108_a_4,,T10_108,T10,108,19,a,4,train
T10_d19_108_b_4,,T10_108,T10,108,19,b,4,train
T10_d20_108_a_4,,T10_108,T10,108,20,a,4,train
T10_d20_108_b_4,,T10_108,T10,108,20,b,4,train
T10_d21_108_a_4,,T10_108,T10,108,21,a,4,train
T10_d21_108_b_4,,T10_108,T10,108,21,b,4,train
T10_d22_108_a_4,,T10_108,T10,108,22,a,4,train
T10_d22_108_b_4,,T10_108,T10,108,22,b,4,train
T10_d23_108_a_4,,T10_108,T10,108,23,a,4,train
T10_d23_108_b_4,,T10_108,T10,108,23,b,4,train
T10_d01_109_a_1,,T10_109,T10,109,1,a,1,train
T10_d01_109_b_1,,T10_109,T10,109,1,b,1,train
T10_d01_111_a_1,,T10_111,T10,111,1,a,1,train
T10_d01_111_b_1,,T10_111,T10,111,1,b,1,train
T10_d02_111_a_1,,T10_111,T10,111,2,a,1,train
T10_d02_111_b_1,,T10_111,T10,111,2,b,1,train
T10_d03_111_a_1,,T10_111,T10,111,3,a,1,train
T10_d03_111_b_1,,T10_111,T10,111,3,b,1,train
T10_d04_111_a_1,,T10_111,T10,111,4,a,1,train
T10_d04_111_b_1,,T10_111,T10,111,4,b,1,train
T10_d05_111_a_1,,T10_111,T10,111,5,a,1,train
T10_d05_111_b_1,,T10_111,T10,111,5,b,1,train
T10_d06_111_a_1,,T10_111,T10,111,6,a,1,train
T10_d06_111_b_1,,T10_111,T10,111,6,b,1,train
T10_d07_111_a_1,,T10_111,T10,111,7,a,1,train
T10_d07_111_b_1,,T10_111,T10,111,7,b,1,train
T10_d08_111_a_1,,T10_111,T10,111,8,a,1,train
T10_d08_111_b_1,,T10_111,T10,111,8,b,1,train
T10_d09_111_a_2,,T10_111,T10,111,9,a,2,train
T10_d09_111_b_2,,T10_111,T10,111,9,b,2,train
T10_d10_111_a_2,,T10_111,T10,111,10,a,2,train
T10_d10_111_b_2,,T10_111,T10,111,10,b,2,train
T10_d11_111_a_2,,T10_111,T10,111,11,a,2,train
T10_d11_111_b_2,,T10_111,T10,111,11,b,2,train
T10_d12_111_a_2,,T10_111,T10,111,12,a,2,train
T10_d12_111_b_2,,T10_111,T10,111,12,b,2,train
T10_d13_111_a_3,,T10_111,T10,111,13,a,3,train
T10_d13_111_b_3,,T10_111,T10,111,13,b,3,train
T10_d14_111_a_3,,T10_111,T10,111,14,a,3,train
T10_d14_111_b_3,,T10_111,T10,111,14,b,3,train
T10_d15_111_a_3,,T10_111,T10,111,15,a,3,train
T10_d15_111_b_3,,T10_111,T10,111,15,b,3,train
T10_d16_111_a_3,,T10_111,T10,111,16,a,3,train
T10_d16_111_b_3,,T10_111,T10,111,16,b,3,train
T10_d17_111_a_4,,T10_111,T10,111,17,a,4,train
T10_d17_111_b_4,,T10_111,T10,111,17,b,4,train
T10_d18_111_a_4,,T10_111,T10,111,18,a,4,train
T10_d18_111_b_4,,T10_111,T10,111,18,b,4,train
T10_d19_111_a_4,,T10_111,T10,111,19,a,4,train
T10_d19_111_b_4,,T10_111,T10,111,19,b,4,train
T10_d20_111_a_4,,T10_111,T10,111,20,a,4,train
T10_d20_111_b_4,,T10_111,T10,111,20,b,4,train
T10_d21_111_a_4,,T10_111,T10,111,21,a,4,train
T10_d21_111_b_4,,T10_111,T10,111,21,b,4,train
T10_d22_111_a_4,,T10_111,T10,111,22,a,4,train
T10_d22_111_b_4,,T10_111,T10,111,22,b,4,train
T10_d23_111_a_4,,T10_111,T10,111,23,a,4,train
T10_d23_111_b_4,,T10_111,T10,111,23,b,4,train
T10_d24_111_a_5,,T10_111,T10,111,24,a,5,train
T10_d24_111_b_5,,T10_111,T10,111,24,b,5,train
T10_d25_111_a_5,,T10_111,T10,111,25,a,5,train
T10_d25_111_b_5,,T10_111,T10,111,25,b,5,train
T10_d26_111_a_5,,T10_111,T10,111,26,a,5,train
T10_d26_111_b_5,,T10_111,T10,111,26,b,5,train
T10_d01_118_a_1,,T10_118,T10,118,1,a,1,train
T10_d01_118_b_1,,T10_118,T10,118,1,b,1,train
T10_d02_118_a_1,,T10_118,T10,118,2,a,1,train
T10_d02_118_b_1,,T10_118,T10,118,2,b,1,train
T10_d03_118_a_1,,T10_118,T10,118,3,a,1,train
T10_d03_118_b_1,,T10_118,T10,118,3,b,1,train
T10_d04_118_a_1,,T10_118,T10,118,4,a,1,train
T10_d04_118_b_1,,T10_118,T10,118,4,b,1,train
T10_d05_118_a_1,,T10_118,T10,118,5,a,1,train
T10_d05_118_b_1,,T10_118,T10,118,5,b,1,train
T10_d06_118_a_1,,T10_118,T10,118,6,a,1,train
T10_d06_118_b_1,,T10_118,T10,118,6,b,1,train
T10_d07_118_a_1,,T10_118,T10,118,7,a,1,train
T10_d07_118_b_1,,T10_118,T10,118,7,b,1,train
T10_d08_118_a_2,,T10_118,T10,118,8,a,2,train
T10_d08_118_b_2,,T10_118,T10,118,8,b,2,train
T10_d09_118_a_2,,T10_118,T10,118,9,a,2,train
T10_d09_118_b_2,,T10_118,T10,118,9,b,2,train
T10_d10_118_a_2,,T10_118,T10,118,10,a,2,train
T10_d10_118_b_2,,T10_118,T10,118,10,b,2,train
T10_d11_118_a_3,,T10_118,T10,118,11,a,3,train
T10_d11_118_b_3,,T10_118,T10,118,11,b,3,train
T10_d12_118_a_3,,T10_118,T10,118,12,a,3,train
T10_d12_118_b_3,,T10_118,T10,118,12,b,3,train
T10_d13_118_a_3,,T10_118,T10,118,13,a,3,train
T10_d13_118_b_3,,T10_118,T10,118,13,b,3,train
T10_d14_118_a_3,,T10_118,T10,118,14,a,3,train
T10_d14_118_b_3,,T10_118,T10,118,14,b,3,train
T10_d15_118_a_3,,T10_118,T10,118,15,a,3,train
T10_d15_118_b_3,,T10_118,T10,118,15,b,3,train
T10_d16_118_a_4,,T10_118,T10,118,16,a,4,train
T10_d16_118_b_4,,T10_118,T10,118,16,b,4,train
T10_d17_118_a_4,,T10_118,T10,118,17,a,4,train
T10_d17_118_b_4,,T10_118,T10,118,17,b,4,train
T10_d18_118_a_4,,T10_118,T10,118,18,a,4,train
T10_d18_118_b_4,,T10_118,T10,118,18,b,4,train
T10_d19_118_a_4,,T10_118,T10,118,19,a,4,train
T10_d19_118_b_4,,T10_118,T10,118,19,b,4,train
T10_d20_118_a_4,,T10_118,T10,118,20,a,4,train
T10_d20_118_b_4,,T10_118,T10,118,20,b,4,train
T10_d21_118_a_4,,T10_118,T10,118,21,a,4,train
T10_d21_118_b_4,,T10_118,T10,118,21,b,4,train
T10_d22_118_a_4,,T10_118,T10,118,22,a,4,train
T10_d22_118_b_4,,T10_118,T10,118,22,b,4,train
T10_d23_118_a_5,,T10_118,T10,118,23,a,5,train
T10_d23_118_b_5,,T10_118,T10,118,23,b,5,train
T10_d24_118_a_5,,T10_118,T10,118,24,a,5,train
T10_d24_118_b_5,,T10_118,T10,118,24,b,5,train
T10_d25_118_a_5,,T10_118,T10,118,25,a,5,train
T10_d25_118_b_5,,T10_118,T10,118,25,b,5,train
T10_d26_118_a_5,,T10_118,T10,118,26,a,5,train
T10_d26_118_b_5,,T10_118,T10,118,26,b,5,train
T10_d01_120_a_1,,T10_120,T10,120,1,a,1,train
T10_d01_120_b_1,,T10_120,T10,120,1,b,1,train
T10_d02_120_a_1,,T10_120,T10,120,2,a,1,train
T10_d02_120_b_1,,T10_120,T10,120,2,b,1,train
T10_d03_120_a_1,,T10_120,T10,120,3,a,1,train
T10_d03_120_b_1,,T10_120,T10,120,3,b,1,train
T10_d01_122_a_1,,T10_122,T10,122,1,a,1,train
T10_d01_122_b_1,,T10_122,T10,122,1,b,1,train
T10_d02_122_a_1,,T10_122,T10,122,2,a,1,train
T10_d02_122_b_1,,T10_122,T10,122,2,b,1,train
T10_d03_122_a_1,,T10_122,T10,122,3,a,1,train
T10_d03_122_b_1,,T10_122,T10,122,3,b,1,train
T10_d04_122_a_1,,T10_122,T10,122,4,a,1,train
T10_d04_122_b_1,,T10_122,T10,122,4,b,1,train
T10_d05_122_a_1,,T10_122,T10,122,5,a,1,train
T10_d05_122_b_1,,T10_122,T10,122,5,b,1,train
T10_d06_122_a_1,,T10_122,T10,122,6,a,1,train
T10_d06_122_b_1,,T10_122,T10,122,6,b,1,train
T10_d07_122_a_1,,T10_122,T10,122,7,a,1,train
T10_d07_122_b_1,,T10_122,T10,122,7,b,1,train
T10_d08_122_a_2,,T10_122,T10,122,8,a,2,train
T10_d08_122_b_2,,T10_122,T10,122,8,b,2,train
T10_d09_122_a_2,,T10_122,T10,122,9,a,2,train
T10_d09_122_b_2,,T10_122,T10,122,9,b,2,train
T10_d10_122_a_3,,T10_122,T10,122,10,a,3,train
T10_d10_122_b_3,,T10_122,T10,122,10,b,3,train
T10_d11_122_a_3,,T10_122,T10,122,11,a,3,train
T10_d11_122_b_3,,T10_122,T10,122,11,b,3,train
T10_d12_122_a_3,,T10_122,T10,122,12,a,3,train
T10_d12_122_b_3,,T10_122,T10,122,12,b,3,train
T10_d13_122_a_3,,T10_122,T10,122,13,a,3,train
T10_d13_122_b_3,,T10_122,T10,122,13,b,3,train
T10_d14_122_a_3,,T10_122,T10,122,14,a,3,train
T10_d14_122_b_3,,T10_122,T10,122,14,b,3,train
T10_d15_122_a_3,,T10_122,T10,122,15,a,3,train
T10_d15_122_b_3,,T10_122,T10,122,15,b,3,train
T10_d16_122_a_3,,T10_122,T10,122,16,a,3,train
T10_d16_122_b_3,,T10_122,T10,122,16,b,3,train
T10_d17_122_a_3,,T10_122,T10,122,17,a,3,train
T10_d17_122_b_3,,T10_122,T10,122,17,b,3,train
T10_d18_122_a_4,,T10_122,T10,122,18,a,4,train
T10_d18_122_b_4,,T10_122,T10,122,18,b,4,train
T10_d19_122_a_4,,T10_122,T10,122,19,a,4,train
T10_d19_122_b_4,,T10_122,T10,122,19,b,4,train
T10_d20_122_a_4,,T10_122,T10,122,20,a,4,train
T10_d20_122_b_4,,T10_122,T10,122,20,b,4,train
T10_d21_122_a_4,,T10_122,T10,122,21,a,4,train
T10_d21_122_b_4,,T10_122,T10,122,21,b,4,train
T10_d22_122_a_4,,T10_122,T10,122,22,a,4,train
T10_d22_122_b_4,,T10_122,T10,122,22,b,4,train
T10_d23_122_a_5,,T10_122,T10,122,23,a,5,train
T10_d23_122_b_5,,T10_122,T10,122,23,b,5,train
T10_d24_122_a_5,,T10_122,T10,122,24,a,5,train
T10_d24_122_b_5,,T10_122,T10,122,24,b,5,train
T10_d25_122_a_5,,T10_122,T10,122,25,a,5,train
T10_d25_122_b_5,,T10_122,T10,122,25,b,5,train
T10_d26_122_a_5,,T10_122,T10,122,26,a,5,train
T10_d26_122_b_5,,T10_122,T10,122,26,b,5,train
T10_d01_128_a_1,,T10_128,T10,128,1,a,1,train
T10_d01_128_b_1,,T10_128,T10,128,1,b,1,train
T10_d02_128_a_1,,T10_128,T10,128,2,a,1,train
T10_d02_128_b_1,,T10_128,T10,128,2,b,1,train
T10_d03_128_a_1,,T10_128,T10,128,3,a,1,train
T10_d03_128_b_1,,T10_128,T10,128,3,b,1,train
T10_d04_128_a_1,,T10_128,T10,128,4,a,1,train
T10_d04_128_b_1,,T10_128,T10,128,4,b,1,train
T10_d05_128_a_1,,T10_128,T10,128,5,a,1,train
T10_d05_128_b_1,,T10_128,T10,128,5,b,1,train
T10_d06_128_a_1,,T10_128,T10,128,6,a,1,train
T10_d06_128_b_1,,T10_128,T10,128,6,b,1,train
T10_d07_128_a_1,,T10_128,T10,128,7,a,1,train
T10_d07_128_b_1,,T10_128,T10,128,7,b,1,train
T10_d08_128_a_1,,T10_128,T10,128,8,a,1,train
T10_d08_128_b_1,,T10_128,T10,128,8,b,1,train
T10_d09_128_a_2,,T10_128,T10,128,9,a,2,train
T10_d09_128_b_2,,T10_128,T10,128,9,b,2,train
T10_d10_128_a_2,,T10_128,T10,128,10,a,2,train
T10_d10_128_b_2,,T10_128,T10,128,10,b,2,train
T10_d11_128_a_2,,T10_128,T10,128,11,a,2,train
T10_d11_128_b_2,,T10_128,T10,128,11,b,2,train
T10_d12_128_a_2,,T10_128,T10,128,12,a,2,train
T10_d12_128_b_2,,T10_128,T10,128,12,b,2,train
T10_d13_128_a_2,,T10_128,T10,128,13,a,2,train
T10_d13_128_b_2,,T10_128,T10,128,13,b,2,train
T10_d14_128_a_3,,T10_128,T10,128,14,a,3,train
T10_d14_128_b_3,,T10_128,T10,128,14,b,3,train
T10_d15_128_a_3,,T10_128,T10,128,15,a,3,train
T10_d15_128_b_3,,T10_128,T10,128,15,b,3,train
T10_d16_128_a_3,,T10_128,T10,128,16,a,3,train
T10_d16_128_b_3,,T10_128,T10,128,16,b,3,train
T10_d17_128_a_3,,T10_128,T10,128,17,a,3,train
T10_d17_128_b_3,,T10_128,T10,128,17,b,3,train
T10_d18_128_a_4,,T10_128,T10,128,18,a,4,train
T10_d18_128_b_4,,T10_128,T10,128,18,b,4,train
T10_d19_128_a_4,,T10_128,T10,128,19,a,4,train
T10_d19_128_b_4,,T10_128,T10,128,19,b,4,train
T10_d20_128_a_5,,T10_128,T10,128,20,a,5,train
T10_d20_128_b_5,,T10_128,T10,128,20,b,5,train
T10_d21_128_a_5,,T10_128,T10,128,21,a,5,train
T10_d21_128_b_5,,T10_128,T10,128,21,b,5,train
T10_d22_128_a_5,,T10_128,T10,128,22,a,5,train
T10_d22_128_b_5,,T10_128,T10,128,22,b,5,train
T10_d23_128_a_5,,T10_128,T10,128,23,a,5,train
T10_d23_128_b_5,,T10_128,T10,128,23,b,5,train
T10_d24_128_a_5,,T10_128,T10,128,24,a,5,train
T10_d24_128_b_5,,T10_128,T10,128,24,b,5,train
T10_d25_128_a_5,,T10_128,T10,128,25,a,5,train
T10_d25_128_b_5,,T10_128,T10,128,25,b,5,train
T10_d26_128_a_5,,T10_128,T10,128,26,a,5,train
T10_d26_128_b_5,,T10_128,T10,128,26,b,5,train
T10_d01_129_a_1,,T10_129,T10,129,1,a,1,train
T10_d01_129_b_1,,T10_129,T10,129,1,b,1,train
T10_d02_129_a_1,,T10_129,T10,129,2,a,1,train
T10_d02_129_b_1,,T10_129,T10,129,2,b,1,train
T10_d03_129_a_1,,T10_129,T10,129,3,a,1,train
T10_d03_129_b_1,,T10_129,T10,129,3,b,1,train
T10_d04_129_a_1,,T10_129,T10,129,4,a,1,train
T10_d04_129_b_1,,T10_129,T10,129,4,b,1,train
T10_d05_129_a_1,,T10_129,T10,129,5,a,1,train
T10_d05_129_b_1,,T10_129,T10,129,5,b,1,train
T10_d06_129_a_1,,T10_129,T10,129,6,a,1,train
T10_d06_129_b_1,,T10_129,T10,129,6,b,1,train
T10_d07_129_a_1,,T10_129,T10,129,7,a,1,train
T10_d07_129_b_1,,T10_129,T10,129,7,b,1,train
T10_d08_129_a_1,,T10_129,T10,129,8,a,1,train
T10_d08_129_b_1,,T10_129,T10,129,8,b,1,train
T10_d09_129_a_2,,T10_129,T10,129,9,a,2,train
T10_d09_129_b_2,,T10_129,T10,129,9,b,2,train
T10_d10_129_a_2,,T10_129,T10,129,10,a,2,train
T10_d10_129_b_2,,T10_129,T10,129,10,b,2,train
T10_d11_129_a_3,,T10_129,T10,129,11,a,3,train
T10_d11_129_b_3,,T10_129,T10,129,11,b,3,train
T10_d12_129_a_3,,T10_129,T10,129,12,a,3,train
T10_d12_129_b_3,,T10_129,T10,129,12,b,3,train
T10_d13_129_a_3,,T10_129,T10,129,13,a,3,train
T10_d13_129_b_3,,T10_129,T10,129,13,b,3,train
T10_d14_129_a_3,,T10_129,T10,129,14,a,3,train
T10_d14_129_b_3,,T10_129,T10,129,14,b,3,train
T10_d15_129_a_3,,T10_129,T10,129,15,a,3,train
T10_d15_129_b_3,,T10_129,T10,129,15,b,3,train
T10_d16_129_a_3,,T10_129,T10,129,16,a,3,train
T10_d16_129_b_3,,T10_129,T10,129,16,b,3,train
T10_d17_129_a_4,,T10_129,T10,129,17,a,4,train
T10_d17_129_b_4,,T10_129,T10,129,17,b,4,train
T10_d18_129_a_4,,T10_129,T10,129,18,a,4,train
T10_d18_129_b_4,,T10_129,T10,129,18,b,4,train
T10_d19_129_a_4,,T10_129,T10,129,19,a,4,train
T10_d19_129_b_4,,T10_129,T10,129,19,b,4,train
T10_d20_129_a_4,,T10_129,T10,129,20,a,4,train
T10_d20_129_b_4,,T10_129,T10,129,20,b,4,train
T10_d21_129_a_4,,T10_129,T10,129,21,a,4,train
T10_d21_129_b_4,,T10_129,T10,129,21,b,4,train
T10_d22_129_a_5,,T10_129,T10,129,22,a,5,train
T10_d22_129_b_5,,T10_129,T10,129,22,b,5,train
T10_d23_129_a_5,,T10_129,T10,129,23,a,5,train
T10_d23_129_b_5,,T10_129,T10,129,23,b,5,train
T10_d24_129_a_5,,T10_129,T10,129,24,a,5,train
T10_d24_129_b_5,,T10_129,T10,129,24,b,5,train
T10_d25_129_a_5,,T10_129,T10,129,25,a,5,train
T10_d25_129_b_5,,T10_129,T10,129,25,b,5,train
T10_d26_129_a_5,,T10_129,T10,129,26,a,5,train
T10_d26_129_b_5,,T10_129,T10,129,26,b,5,train
T10_d01_130_a_1,,T10_130,T10,130,1,a,1,train
T10_d01_130_b_1,,T10_130,T10,130,1,b,1,train
T10_d02_130_a_1,,T10_130,T10,130,2,a,1,train
T10_d02_130_b_1,,T10_130,T10,130,2,b,1,train
T10_d03_130_a_1,,T10_130,T10,130,3,a,1,train
T10_d03_130_b_1,,T10_130,T10,130,3,b,1,train
T10_d04_130_a_1,,T10_130,T10,130,4,a,1,train
T10_d04_130_b_1,,T10_130,T10,130,4,b,1,train
T10_d05_130_a_1,,T10_130,T10,130,5,a,1,train
T10_d05_130_b_1,,T10_130,T10,130,5,b,1,train
T10_d06_130_a_1,,T10_130,T10,130,6,a,1,train
T10_d06_130_b_1,,T10_130,T10,130,6,b,1,train
T10_d07_130_a_1,,T10_130,T10,130,7,a,1,train
T10_d07_130_b_1,,T10_130,T10,130,7,b,1,train
T10_d08_130_a_2,,T10_130,T10,130,8,a,2,train
T10_d08_130_b_2,,T10_130,T10,130,8,b,2,train
T10_d09_130_a_2,,T10_130,T10,130,9,a,2,train
T10_d09_130_b_2,,T10_130,T10,130,9,b,2,train
T10_d10_130_a_3,,T10_130,T10,130,10,a,3,train
T10_d10_130_b_3,,T10_130,T10,130,10,b,3,train
T10_d11_130_a_3,,T10_130,T10,130,11,a,3,train
T10_d11_130_b_3,,T10_130,T10,130,11,b,3,train
T10_d12_130_a_3,,T10_130,T10,130,12,a,3,train
T10_d12_130_b_3,,T10_130,T10,130,12,b,3,train
T10_d13_130_a_3,,T10_130,T10,130,13,a,3,train
T10_d13_130_b_3,,T10_130,T10,130,13,b,3,train
T10_d14_130_a_3,,T10_130,T10,130,14,a,3,train
T10_d14_130_b_3,,T10_130,T10,130,14,b,3,train
T10_d15_130_a_3,,T10_130,T10,130,15,a,3,train
T10_d15_130_b_3,,T10_130,T10,130,15,b,3,train
T10_d16_130_a_3,,T10_130,T10,130,16,a,3,train
T10_d16_130_b_3,,T10_130,T10,130,16,b,3,train
T10_d17_130_a_4,,T10_130,T10,130,17,a,4,train
T10_d17_130_b_4,,T10_130,T10,130,17,b,4,train
T10_d18_130_a_4,,T10_130,T10,130,18,a,4,train
T10_d18_130_b_4,,T10_130,T10,130,18,b,4,train
T10_d19_130_a_4,,T10_130,T10,130,19,a,4,train
T10_d19_130_b_4,,T10_130,T10,130,19,b,4,train
T10_d20_130_a_4,,T10_130,T10,130,20,a,4,train
T10_d20_130_b_4,,T10_130,T10,130,20,b,4,train
T10_d21_130_a_5,,T10_130,T10,130,21,a,5,train
T10_d21_130_b_5,,T10_130,T10,130,21,b,5,train
T10_d22_130_a_5,,T10_130,T10,130,22,a,5,train
T10_d22_130_b_5,,T10_130,T10,130,22,b,5,train
T10_d23_130_a_5,,T10_130,T10,130,23,a,5,train
T10_d23_130_b_5,,T10_130,T10,130,23,b,5,train
T10_d24_130_a_5,,T10_130,T10,130,24,a,5,train
T10_d24_130_b_5,,T10_130,T10,130,24,b,5,train
T10_d25_130_a_5,,T10_130,T10,130,25,a,5,train
T10_d25_130_b_5,,T10_130,T10,130,25,b,5,train
T10_d26_130_a_5,,T10_130,T10,130,26,a,5,train
T10_d26_130_b_5,,T10_130,T10,130,26,b,5,train
T10_d01_136_a_1,,T10_136,T10,136,1,a,1,train
T10_d01_136_b_1,,T10_136,T10,136,1,b,1,train
T10_d02_136_a_1,,T10_136,T10,136,2,a,1,train
T10_d02_136_b_1,,T10_136,T10,136,2,b,1,train
T10_d03_136_a_1,,T10_136,T10,136,3,a,1,train
T10_d03_136_b_1,,T10_136,T10,136,3,b,1,train
T10_d04_136_a_1,,T10_136,T10,136,4,a,1,train
T10_d04_136_b_1,,T10_136,T10,136,4,b,1,train
T10_d05_136_a_1,,T10_136,T10,136,5,a,1,train
T10_d05_136_b_1,,T10_136,T10,136,5,b,1,train
T10_d06_136_a_1,,T10_136,T10,136,6,a,1,train
T10_d06_136_b_1,,T10_136,T10,136,6,b,1,train
T10_d07_136_a_1,,T10_136,T10,136,7,a,1,train
T10_d07_136_b_1,,T10_136,T10,136,7,b,1,train
T10_d08_136_a_2,,T10_136,T10,136,8,a,2,train
T10_d08_136_b_2,,T10_136,T10,136,8,b,2,train
T10_d09_136_a_2,,T10_136,T10,136,9,a,2,train
T10_d09_136_b_2,,T10_136,T10,136,9,b,2,train
T10_d10_136_a_3,,T10_136,T10,136,10,a,3,train
T10_d10_136_b_3,,T10_136,T10,136,10,b,3,train
T10_d11_136_a_3,,T10_136,T10,136,11,a,3,train
T10_d11_136_b_3,,T10_136,T10,136,11,b,3,train
T10_d12_136_a_3,,T10_136,T10,136,12,a,3,train
T10_d12_136_b_3,,T10_136,T10,136,12,b,3,train
T10_d13_136_a_3,,T10_136,T10,136,13,a,3,train
T10_d13_136_b_3,,T10_136,T10,136,13,b,3,train
T10_d14_136_a_3,,T10_136,T10,136,14,a,3,train
T10_d14_136_b_3,,T10_136,T10,136,14,b,3,train
T10_d15_136_a_3,,T10_136,T10,136,15,a,3,train
T10_d15_136_b_3,,T10_136,T10,136,15,b,3,train
T10_d16_136_a_3,,T10_136,T10,136,16,a,3,train
T10_d16_136_b_3,,T10_136,T10,136,16,b,3,train
T10_d17_136_a_3,,T10_136,T10,136,17,a,3,train
T10_d17_136_b_3,,T10_136,T10,136,17,b,3,train
T10_d18_136_a_4,,T10_136,T10,136,18,a,4,train
T10_d18_136_b_4,,T10_136,T10,136,18,b,4,train
T10_d19_136_a_4,,T10_136,T10,136,19,a,4,train
T10_d19_136_b_4,,T10_136,T10,136,19,b,4,train
T10_d20_136_a_4,,T10_136,T10,136,20,a,4,train
T10_d20_136_b_4,,T10_136,T10,136,20,b,4,train
T10_d21_136_a_4,,T10_136,T10,136,21,a,4,train
T10_d21_136_b_4,,T10_136,T10,136,21,b,4,train
T10_d22_136_a_4,,T10_136,T10,136,22,a,4,train
T10_d22_136_b_4,,T10_136,T10,136,22,b,4,train
T10_d23_136_a_5,,T10_136,T10,136,23,a,5,train
T10_d23_136_b_5,,T10_136,T10,136,23,b,5,train
T10_d24_136_a_5,,T10_136,T10,136,24,a,5,train
T10_d24_136_b_5,,T10_136,T10,136,24,b,5,train
T10_d25_136_a_5,,T10_136,T10,136,25,a,5,train
T10_d25_136_b_5,,T10_136,T10,136,25,b,5,train
T10_d26_136_a_5,,T10_136,T10,136,26,a,5,train
T10_d26_136_b_5,,T10_136,T10,136,26,b,5,train
T10_d01_148_a_1,,T10_148,T10,148,1,a,1,train
T10_d01_148_b_1,,T10_148,T10,148,1,b,1,train
T10_d02_148_a_1,,T10_148,T10,148,2,a,1,train
T10_d02_148_b_1,,T10_148,T10,148,2,b,1,train
T10_d03_148_a_1,,T10_148,T10,148,3,a,1,train
T10_d03_148_b_1,,T10_148,T10,148,3,b,1,train
T10_d04_148_a_1,,T10_148,T10,148,4,a,1,train
T10_d04_148_b_1,,T10_148,T10,148,4,b,1,train
T10_d05_148_a_1,,T10_148,T10,148,5,a,1,train
T10_d05_148_b_1,,T10_148,T10,148,5,b,1,train
T10_d06_148_a_1,,T10_148,T10,148,6,a,1,train
T10_d06_148_b_1,,T10_148,T10,148,6,b,1,train
T10_d07_148_a_1,,T10_148,T10,148,7,a,1,train
T10_d07_148_b_1,,T10_148,T10,148,7,b,1,train
T10_d08_148_a_2,,T10_148,T10,148,8,a,2,train
T10_d08_148_b_2,,T10_148,T10,148,8,b,2,train
T10_d09_148_a_2,,T10_148,T10,148,9,a,2,train
T10_d09_148_b_2,,T10_148,T10,148,9,b,2,train
T10_d10_148_a_3,,T10_148,T10,148,10,a,3,train
T10_d10_148_b_3,,T10_148,T10,148,10,b,3,train
T10_d11_148_a_3,,T10_148,T10,148,11,a,3,train
T10_d11_148_b_3,,T10_148,T10,148,11,b,3,train
T10_d01_156_a_1,,T10_156,T10,156,1,a,1,train
T10_d01_156_b_1,,T10_156,T10,156,1,b,1,train
T10_d02_156_a_1,,T10_156,T10,156,2,a,1,train
T10_d02_156_b_1,,T10_156,T10,156,2,b,1,train
T10_d03_156_a_1,,T10_156,T10,156,3,a,1,train
T10_d03_156_b_1,,T10_156,T10,156,3,b,1,train
T10_d04_156_a_1,,T10_156,T10,156,4,a,1,train
T10_d04_156_b_1,,T10_156,T10,156,4,b,1,train
T10_d05_156_a_1,,T10_156,T10,156,5,a,1,train
T10_d05_156_b_1,,T10_156,T10,156,5,b,1,train
T10_d06_156_a_1,,T10_156,T10,156,6,a,1,train
T10_d06_156_b_1,,T10_156,T10,156,6,b,1,train
T10_d07_156_a_1,,T10_156,T10,156,7,a,1,train
T10_d07_156_b_1,,T10_156,T10,156,7,b,1,train
T10_d08_156_a_1,,T10_156,T10,156,8,a,1,train
T10_d08_156_b_1,,T10_156,T10,156,8,b,1,train
T10_d09_156_a_2,,T10_156,T10,156,9,a,2,train
T10_d09_156_b_2,,T10_156,T10,156,9,b,2,train
T10_d10_156_a_3,,T10_156,T10,156,10,a,3,train
T10_d10_156_b_3,,T10_156,T10,156,10,b,3,train
T10_d11_156_a_3,,T10_156,T10,156,11,a,3,train
T10_d11_156_b_3,,T10_156,T10,156,11,b,3,train
T10_d12_156_a_3,,T10_156,T10,156,12,a,3,train
T10_d12_156_b_3,,T10_156,T10,156,12,b,3,train
T10_d13_156_a_3,,T10_156,T10,156,13,a,3,train
T10_d13_156_b_3,,T10_156,T10,156,13,b,3,train
T10_d14_156_a_3,,T10_156,T10,156,14,a,3,train
T10_d14_156_b_3,,T10_156,T10,156,14,b,3,train
T10_d15_156_a_3,,T10_156,T10,156,15,a,3,train
T10_d15_156_b_3,,T10_156,T10,156,15,b,3,train
T10_d16_156_a_4,,T10_156,T10,156,16,a,4,train
T10_d16_156_b_4,,T10_156,T10,156,16,b,4,train
T10_d17_156_a_4,,T10_156,T10,156,17,a,4,train
T10_d17_156_b_4,,T10_156,T10,156,17,b,4,train
T10_d18_156_a_4,,T10_156,T10,156,18,a,4,train
T10_d18_156_b_4,,T10_156,T10,156,18,b,4,train
T10_d19_156_a_4,,T10_156,T10,156,19,a,4,train
T10_d19_156_b_4,,T10_156,T10,156,19,b,4,train
T10_d20_156_a_4,,T10_156,T10,156,20,a,4,train
T10_d20_156_b_4,,T10_156,T10,156,20,b,4,train
T10_d21_156_a_5,,T10_156,T10,156,21,a,5,train
T10_d21_156_b_5,,T10_156,T10,156,21,b,5,train
T10_d22_156_a_5,,T10_156,T10,156,22,a,5,train
T10_d22_156_b_5,,T10_156,T10,156,22,b,5,train
T10_d23_156_a_5,,T10_156,T10,156,23,a,5,train
T10_d23_156_b_5,,T10_156,T10,156,23,b,5,train
T10_d24_156_a_5,,T10_156,T10,156,24,a,5,train
T10_d24_156_b_5,,T10_156,T10,156,24,b,5,train
T10_d25_156_a_5,,T10_156,T10,156,25,a,5,train
T10_d25_156_b_5,,T10_156,T10,156,25,b,5,train
T10_d26_156_a_5,,T10_156,T10,156,26,a,5,train
T10_d26_156_b_5,,T10_156,T10,156,26,b,5,train
T10_d01_162_a_1,,T10_162,T10,162,1,a,1,train
T10_d01_162_b_1,,T10_162,T10,162,1,b,1,train
T10_d02_162_a_1,,T10_162,T10,162,2,a,1,train
T10_d02_162_b_1,,T10_162,T10,162,2,b,1,train
T10_d03_162_a_1,,T10_162,T10,162,3,a,1,train
T10_d03_162_b_1,,T10_162,T10,162,3,b,1,train
T10_d04_162_a_1,,T10_162,T10,162,4,a,1,train
T10_d04_162_b_1,,T10_162,T10,162,4,b,1,train
T10_d05_162_a_1,,T10_162,T10,162,5,a,1,train
T10_d05_162_b_1,,T10_162,T10,162,5,b,1,train
T10_d06_162_a_1,,T10_162,T10,162,6,a,1,train
T10_d06_162_b_1,,T10_162,T10,162,6,b,1,train
T10_d07_162_a_1,,T10_162,T10,162,7,a,1,train
T10_d07_162_b_1,,T10_162,T10,162,7,b,1,train
T10_d08_162_a_1,,T10_162,T10,162,8,a,1,train
T10_d08_162_b_1,,T10_162,T10,162,8,b,1,train
T10_d09_162_a_2,,T10_162,T10,162,9,a,2,train
T10_d09_162_b_2,,T10_162,T10,162,9,b,2,train
T10_d10_162_a_2,,T10_162,T10,162,10,a,2,train
T10_d10_162_b_2,,T10_162,T10,162,10,b,2,train
T10_d11_162_a_3,,T10_162,T10,162,11,a,3,train
T10_d11_162_b_3,,T10_162,T10,162,11,b,3,train
T10_d12_162_a_3,,T10_162,T10,162,12,a,3,train
T10_d12_162_b_3,,T10_162,T10,162,12,b,3,train
T10_d13_162_a_3,,T10_162,T10,162,13,a,3,train
T10_d13_162_b_3,,T10_162,T10,162,13,b,3,train
T10_d01_163_a_1,,T10_163,T10,163,1,a,1,train
T10_d01_163_b_1,,T10_163,T10,163,1,b,1,train
T10_d02_163_a_1,,T10_163,T10,163,2,a,1,train
T10_d02_163_b_1,,T10_163,T10,163,2,b,1,train
T10_d03_163_a_1,,T10_163,T10,163,3,a,1,train
T10_d03_163_b_1,,T10_163,T10,163,3,b,1,train
T10_d04_163_a_1,,T10_163,T10,163,4,a,1,train
T10_d04_163_b_1,,T10_163,T10,163,4,b,1,train
T10_d05_163_a_2,,T10_163,T10,163,5,a,2,train
T10_d05_163_b_2,,T10_163,T10,163,5,b,2,train
T10_d06_163_a_2,,T10_163,T10,163,6,a,2,train
T10_d06_163_b_2,,T10_163,T10,163,6,b,2,train
T10_d07_163_a_2,,T10_163,T10,163,7,a,2,train
T10_d07_163_b_2,,T10_163,T10,163,7,b,2,train
T10_d08_163_a_2,,T10_163,T10,163,8,a,2,train
T10_d08_163_b_2,,T10_163,T10,163,8,b,2,train
T10_d09_163_a_2,,T10_163,T10,163,9,a,2,train
T10_d09_163_b_2,,T10_163,T10,163,9,b,2,train
T10_d10_163_a_2,,T10_163,T10,163,10,a,2,train
T10_d10_163_b_2,,T10_163,T10,163,10,b,2,train
T10_d11_163_a_3,,T10_163,T10,163,11,a,3,train
T10_d11_163_b_3,,T10_163,T10,163,11,b,3,train
T10_d12_163_a_3,,T10_163,T10,163,12,a,3,train
T10_d12_163_b_3,,T10_163,T10,163,12,b,3,train
T10_d13_163_a_3,,T10_163,T10,163,13,a,3,train
T10_d13_163_b_3,,T10_163,T10,163,13,b,3,train
T10_d14_163_a_3,,T10_163,T10,163,14,a,3,train
T10_d14_163_b_3,,T10_163,T10,163,14,b,3,train
T10_d15_163_a_3,,T10_163,T10,163,15,a,3,train
T10_d15_163_b_3,,T10_163,T10,163,15,b,3,train
T10_d01_165_a_1,,T10_165,T10,165,1,a,1,train
T10_d01_165_b_1,,T10_165,T10,165,1,b,1,train
T10_d02_165_a_1,,T10_165,T10,165,2,a,1,train
T10_d02_165_b_1,,T10_165,T10,165,2,b,1,train
T10_d03_165_a_1,,T10_165,T10,165,3,a,1,train
T10_d03_165_b_1,,T10_165,T10,165,3,b,1,train
T10_d04_165_a_1,,T10_165,T10,165,4,a,1,train
T10_d04_165_b_1,,T10_165,T10,165,4,b,1,train
T10_d05_165_a_1,,T10_165,T10,165,5,a,1,train
T10_d05_165_b_1,,T10_165,T10,165,5,b,1,train
T10_d06_165_a_1,,T10_165,T10,165,6,a,1,train
T10_d06_165_b_1,,T10_165,T10,165,6,b,1,train
T10_d07_165_a_1,,T10_165,T10,165,7,a,1,train
T10_d07_165_b_1,,T10_165,T10,165,7,b,1,train
T10_d08_165_a_2,,T10_165,T10,165,8,a,2,train
T10_d08_165_b_2,,T10_165,T10,165,8,b,2,train
T10_d09_165_a_2,,T10_165,T10,165,9,a,2,train
T10_d09_165_b_2,,T10_165,T10,165,9,b,2,train
T10_d10_165_a_2,,T10_165,T10,165,10,a,2,train
T10_d10_165_b_2,,T10_165,T10,165,10,b,2,train
T10_d11_165_a_3,,T10_165,T10,165,11,a,3,train
T10_d11_165_b_3,,T10_165,T10,165,11,b,3,train
T10_d12_165_a_3,,T10_165,T10,165,12,a,3,train
T10_d12_165_b_3,,T10_165,T10,165,12,b,3,train
T10_d13_165_a_3,,T10_165,T10,165,13,a,3,train
T10_d13_165_b_3,,T10_165,T10,165,13,b,3,train
T10_d14_165_a_3,,T10_165,T10,165,14,a,3,train
T10_d14_165_b_3,,T10_165,T10,165,14,b,3,train
T10_d15_165_a_3,,T10_165,T10,165,15,a,3,train
T10_d15_165_b_3,,T10_165,T10,165,15,b,3,train
T10_d16_165_a_3,,T10_165,T10,165,16,a,3,train
T10_d16_165_b_3,,T10_165,T10,165,16,b,3,train
T10_d17_165_a_3,,T10_165,T10,165,17,a,3,train
T10_d17_165_b_3,,T10_165,T10,165,17,b,3,train
T10_d18_165_a_4,,T10_165,T10,165,18,a,4,train
T10_d18_165_b_4,,T10_165,T10,165,18,b,4,train
T10_d19_165_a_4,,T10_165,T10,165,19,a,4,train
T10_d19_165_b_4,,T10_165,T10,165,19,b,4,train
T10_d20_165_a_4,,T10_165,T10,165,20,a,4,train
T10_d20_165_b_4,,T10_165,T10,165,20,b,4,train
T10_d21_165_a_5,,T10_165,T10,165,21,a,5,train
T10_d21_165_b_5,,T10_165,T10,165,21,b,5,train
T10_d22_165_a_5,,T10_165,T10,165,22,a,5,train
T10_d22_165_b_5,,T10_165,T10,165,22,b,5,train
T10_d23_165_a_5,,T10_165,T10,165,23,a,5,train
T10_d23_165_b_5,,T10_165,T10,165,23,b,5,train
T10_d24_165_a_5,,T10_165,T10,165,24,a,5,train
T10_d24_165_b_5,,T10_165,T10,165,24,b,5,train
T10_d25_165_a_5,,T10_165,T10,165,25,a,5,train
T10_d25_165_b_5,,T10_165,T10,165,25,b,5,train
T10_d26_165_a_5,,T10_165,T10,165,26,a,5,train
T10_d26_165_b_5,,T10_165,T10,165,26,b,5,train
T10_d01_167_a_1,,T10_167,T10,167,1,a,1,train
T10_d01_167_b_1,,T10_167,T10,167,1,b,1,train
T10_d02_167_a_1,,T10_167,T10,167,2,a,1,train
T10_d02_167_b_1,,T10_167,T10,167,2,b,1,train
T10_d03_167_a_1,,T10_167,T10,167,3,a,1,train
T10_d03_167_b_1,,T10_167,T10,167,3,b,1,train
T10_d04_167_a_1,,T10_167,T10,167,4,a,1,train
T10_d04_167_b_1,,T10_167,T10,167,4,b,1,train
T10_d05_167_a_1,,T10_167,T10,167,5,a,1,train
T10_d05_167_b_1,,T10_167,T10,167,5,b,1,train
T10_d06_167_a_1,,T10_167,T10,167,6,a,1,train
T10_d06_167_b_1,,T10_167,T10,167,6,b,1,train
T10_d07_167_a_1,,T10_167,T10,167,7,a,1,train
T10_d07_167_b_1,,T10_167,T10,167,7,b,1,train
T10_d08_167_a_1,,T10_167,T10,167,8,a,1,train
T10_d08_167_b_1,,T10_167,T10,167,8,b,1,train
T10_d09_167_a_2,,T10_167,T10,167,9,a,2,train
T10_d09_167_b_2,,T10_167,T10,167,9,b,2,train
T10_d10_167_a_2,,T10_167,T10,167,10,a,2,train
T10_d10_167_b_2,,T10_167,T10,167,10,b,2,train
T10_d11_167_a_3,,T10_167,T10,167,11,a,3,train
T10_d11_167_b_3,,T10_167,T10,167,11,b,3,train
T10_d12_167_a_3,,T10_167,T10,167,12,a,3,train
T10_d12_167_b_3,,T10_167,T10,167,12,b,3,train
T10_d13_167_a_3,,T10_167,T10,167,13,a,3,train
T10_d13_167_b_3,,T10_167,T10,167,13,b,3,train
T10_d14_167_a_3,,T10_167,T10,167,14,a,3,train
T10_d14_167_b_3,,T10_167,T10,167,14,b,3,train
T10_d15_167_a_3,,T10_167,T10,167,15,a,3,train
T10_d15_167_b_3,,T10_167,T10,167,15,b,3,train
T10_d16_167_a_3,,T10_167,T10,167,16,a,3,train
T10_d16_167_b_3,,T10_167,T10,167,16,b,3,train
T10_d17_167_a_4,,T10_167,T10,167,17,a,4,train
T10_d17_167_b_4,,T10_167,T10,167,17,b,4,train
T10_d18_167_a_4,,T10_167,T10,167,18,a,4,train
T10_d18_167_b_4,,T10_167,T10,167,18,b,4,train
T10_d19_167_a_4,,T10_167,T10,167,19,a,4,train
T10_d19_167_b_4,,T10_167,T10,167,19,b,4,train
T10_d20_167_a_4,,T10_167,T10,167,20,a,4,train
T10_d20_167_b_4,,T10_167,T10,167,20,b,4,train
T10_d21_167_a_4,,T10_167,T10,167,21,a,4,train
T10_d21_167_b_4,,T10_167,T10,167,21,b,4,train
T10_d22_167_a_4,,T10_167,T10,167,22,a,4,train
T10_d22_167_b_4,,T10_167,T10,167,22,b,4,train
T10_d23_167_a_5,,T10_167,T10,167,23,a,5,train
T10_d23_167_b_5,,T10_167,T10,167,23,b,5,train
T10_d24_167_a_5,,T10_167,T10,167,24,a,5,train
T10_d24_167_b_5,,T10_167,T10,167,24,b,5,train
T10_d25_167_a_5,,T10_167,T10,167,25,a,5,train
T10_d25_167_b_5,,T10_167,T10,167,25,b,5,train
T10_d26_167_a_5,,T10_167,T10,167,26,a,5,train
T10_d26_167_b_5,,T10_167,T10,167,26,b,5,train
T10_d01_168_a_1,,T10_168,T10,168,1,a,1,train
T10_d01_168_b_1,,T10_168,T10,168,1,b,1,train
T10_d02_168_a_1,,T10_168,T10,168,2,a,1,train
T10_d02_168_b_1,,T10_168,T10,168,2,b,1,train
T10_d03_168_a_1,,T10_168,T10,168,3,a,1,train
T10_d03_168_b_1,,T10_168,T10,168,3,b,1,train
T10_d04_168_a_1,,T10_168,T10,168,4,a,1,train
T10_d04_168_b_1,,T10_168,T10,168,4,b,1,train
T10_d05_168_a_2,,T10_168,T10,168,5,a,2,train
T10_d05_168_b_2,,T10_168,T10,168,5,b,2,train
T10_d06_168_a_2,,T10_168,T10,168,6,a,2,train
T10_d06_168_b_2,,T10_168,T10,168,6,b,2,train
T10_d07_168_a_2,,T10_168,T10,168,7,a,2,train
T10_d07_168_b_2,,T10_168,T10,168,7,b,2,train
T10_d08_168_a_2,,T10_168,T10,168,8,a,2,train
T10_d08_168_b_2,,T10_168,T10,168,8,b,2,train
T10_d09_168_a_2,,T10_168,T10,168,9,a,2,train
T10_d09_168_b_2,,T10_168,T10,168,9,b,2,train
T10_d10_168_a_3,,T10_168,T10,168,10,a,3,train
T10_d10_168_b_3,,T10_168,T10,168,10,b,3,train
T10_d11_168_a_3,,T10_168,T10,168,11,a,3,train
T10_d11_168_b_3,,T10_168,T10,168,11,b,3,train
T10_d12_168_a_4,,T10_168,T10,168,12,a,4,train
T10_d12_168_b_4,,T10_168,T10,168,12,b,4,train
T10_d13_168_a_4,,T10_168,T10,168,13,a,4,train
T10_d13_168_b_4,,T10_168,T10,168,13,b,4,train
T10_d14_168_a_4,,T10_168,T10,168,14,a,4,train
T10_d14_168_b_4,,T10_168,T10,168,14,b,4,train
T10_d15_168_a_4,,T10_168,T10,168,15,a,4,train
T10_d15_168_b_4,,T10_168,T10,168,15,b,4,train
T10_d16_168_a_4,,T10_168,T10,168,16,a,4,train
T10_d16_168_b_4,,T10_168,T10,168,16,b,4,train
T10_d17_168_a_4,,T10_168,T10,168,17,a,4,train
T10_d17_168_b_4,,T10_168,T10,168,17,b,4,train
T10_d18_168_a_4,,T10_168,T10,168,18,a,4,train
T10_d18_168_b_4,,T10_168,T10,168,18,b,4,train
T10_d19_168_a_4,,T10_168,T10,168,19,a,4,train
T10_d19_168_b_4,,T10_168,T10,168,19,b,4,train
T10_d20_168_a_4,,T10_168,T10,168,20,a,4,train
T10_d20_168_b_4,,T10_168,T10,168,20,b,4,train
T10_d21_168_a_5,,T10_168,T10,168,21,a,5,train
T10_d21_168_b_5,,T10_168,T10,168,21,b,5,train
T10_d22_168_a_5,,T10_168,T10,168,22,a,5,train
T10_d22_168_b_5,,T10_168,T10,168,22,b,5,train
T10_d23_168_a_5,,T10_168,T10,168,23,a,5,train
T10_d23_168_b_5,,T10_168,T10,168,23,b,5,train
T10_d24_168_a_5,,T10_168,T10,168,24,a,5,train
T10_d24_168_b_5,,T10_168,T10,168,24,b,5,train
T10_d25_168_a_5,,T10_168,T10,168,25,a,5,train
T10_d25_168_b_5,,T10_168,T10,168,25,b,5,train
T10_d26_168_a_5,,T10_168,T10,168,26,a,5,train
T10_d26_168_b_5,,T10_168,T10,168,26,b,5,train
T10_d01_172_a_1,,T10_172,T10,172,1,a,1,train
T10_d01_172_b_1,,T10_172,T10,172,1,b,1,train
T10_d02_172_a_1,,T10_172,T10,172,2,a,1,train
T10_d02_172_b_1,,T10_172,T10,172,2,b,1,train
T10_d03_172_a_1,,T10_172,T10,172,3,a,1,train
T10_d03_172_b_1,,T10_172,T10,172,3,b,1,train
T10_d04_172_a_1,,T10_172,T10,172,4,a,1,train
T10_d04_172_b_1,,T10_172,T10,172,4,b,1,train
T10_d05_172_a_1,,T10_172,T10,172,5,a,1,train
T10_d05_172_b_1,,T10_172,T10,172,5,b,1,train
T10_d06_172_a_1,,T10_172,T10,172,6,a,1,train
T10_d06_172_b_1,,T10_172,T10,172,6,b,1,train
T10_d07_172_a_1,,T10_172,T10,172,7,a,1,train
T10_d07_172_b_1,,T10_172,T10,172,7,b,1,train
T10_d08_172_a_1,,T10_172,T10,172,8,a,1,train
T10_d08_172_b_1,,T10_172,T10,172,8,b,1,train
T10_d09_172_a_2,,T10_172,T10,172,9,a,2,train
T10_d09_172_b_2,,T10_172,T10,172,9,b,2,train
T10_d10_172_a_2,,T10_172,T10,172,10,a,2,train
T10_d10_172_b_2,,T10_172,T10,172,10,b,2,train
T10_d11_172_a_3,,T10_172,T10,172,11,a,3,train
T10_d11_172_b_3,,T10_172,T10,172,11,b,3,train
T10_d12_172_a_3,,T10_172,T10,172,12,a,3,train
T10_d12_172_b_3,,T10_172,T10,172,12,b,3,train
T10_d13_172_a_4,,T10_172,T10,172,13,a,4,train
T10_d13_172_b_4,,T10_172,T10,172,13,b,4,train
T10_d14_172_a_4,,T10_172,T10,172,14,a,4,train
T10_d14_172_b_4,,T10_172,T10,172,14,b,4,train
T10_d15_172_a_4,,T10_172,T10,172,15,a,4,train
T10_d15_172_b_4,,T10_172,T10,172,15,b,4,train
T10_d16_172_a_4,,T10_172,T10,172,16,a,4,train
T10_d16_172_b_4,,T10_172,T10,172,16,b,4,train
T10_d17_172_a_4,,T10_172,T10,172,17,a,4,train
T10_d17_172_b_4,,T10_172,T10,172,17,b,4,train
T10_d18_172_a_5,,T10_172,T10,172,18,a,5,train
T10_d18_172_b_5,,T10_172,T10,172,18,b,5,train
T10_d19_172_a_5,,T10_172,T10,172,19,a,5,train
T10_d19_172_b_5,,T10_172,T10,172,19,b,5,train
T10_d20_172_a_5,,T10_172,T10,172,20,a,5,train
T10_d20_172_b_5,,T10_172,T10,172,20,b,5,train
T10_d21_172_a_5,,T10_172,T10,172,21,a,5,train
T10_d21_172_b_5,,T10_172,T10,172,21,b,5,train
T10_d22_172_a_5,,T10_172,T10,172,22,a,5,train
T10_d22_172_b_5,,T10_172,T10,172,22,b,5,train
T10_d23_172_a_5,,T10_172,T10,172,23,a,5,train
T10_d23_172_b_5,,T10_172,T10,172,23,b,5,train
T10_d24_172_a_5,,T10_172,T10,172,24,a,5,train
T10_d24_172_b_5,,T10_172,T10,172,24,b,5,train
T10_d25_172_a_5,,T10_172,T10,172,25,a,5,train
T10_d25_172_b_5,,T10_172,T10,172,25,b,5,train
T10_d26_172_a_5,,T10_172,T10,172,26,a,5,train
T10_d26_172_b_5,,T10_172,T10,172,26,b,5,train
T10_d01_180_a_1,,T10_180,T10,180,1,a,1,train
T10_d01_180_b_1,,T10_180,T10,180,1,b,1,train
T10_d02_180_a_1,,T10_180,T10,180,2,a,1,train
T10_d02_180_b_1,,T10_180,T10,180,2,b,1,train
T10_d03_180_a_1,,T10_180,T10,180,3,a,1,train
T10_d03_180_b_1,,T10_180,T10,180,3,b,1,train
T10_d04_180_a_1,,T10_180,T10,180,4,a,1,train
T10_d04_180_b_1,,T10_180,T10,180,4,b,1,train
T10_d05_180_a_1,,T10_180,T10,180,5,a,1,train
T10_d05_180_b_1,,T10_180,T10,180,5,b,1,train
T10_d01_181_a_1,,T10_181,T10,181,1,a,1,train
T10_d01_181_b_1,,T10_181,T10,181,1,b,1,train
T10_d02_181_a_1,,T10_181,T10,181,2,a,1,train
T10_d02_181_b_1,,T10_181,T10,181,2,b,1,train
T10_d03_181_a_1,,T10_181,T10,181,3,a,1,train
T10_d03_181_b_1,,T10_181,T10,181,3,b,1,train
T10_d04_181_a_1,,T10_181,T10,181,4,a,1,train
T10_d04_181_b_1,,T10_181,T10,181,4,b,1,train
T10_d05_181_a_1,,T10_181,T10,181,5,a,1,train
T10_d05_181_b_1,,T10_181,T10,181,5,b,1,train
T10_d06_181_a_1,,T10_181,T10,181,6,a,1,train
T10_d06_181_b_1,,T10_181,T10,181,6,b,1,train
T10_d07_181_a_1,,T10_181,T10,181,7,a,1,train
T10_d07_181_b_1,,T10_181,T10,181,7,b,1,train
T10_d08_181_a_2,,T10_181,T10,181,8,a,2,train
T10_d08_181_b_2,,T10_181,T10,181,8,b,2,train
T10_d09_181_a_2,,T10_181,T10,181,9,a,2,train
T10_d09_181_b_2,,T10_181,T10,181,9,b,2,train
T10_d10_181_a_3,,T10_181,T10,181,10,a,3,train
T10_d10_181_b_3,,T10_181,T10,181,10,b,3,train
T10_d11_181_a_3,,T10_181,T10,181,11,a,3,train
T10_d11_181_b_3,,T10_181,T10,181,11,b,3,train
T10_d12_181_a_3,,T10_181,T10,181,12,a,3,train
T10_d12_181_b_3,,T10_181,T10,181,12,b,3,train
T10_d13_181_a_3,,T10_181,T10,181,13,a,3,train
T10_d13_181_b_3,,T10_181,T10,181,13,b,3,train
T10_d14_181_a_3,,T10_181,T10,181,14,a,3,train
T10_d14_181_b_3,,T10_181,T10,181,14,b,3,train
T10_d15_181_a_3,,T10_181,T10,181,15,a,3,train
T10_d15_181_b_3,,T10_181,T10,181,15,b,3,train
T10_d16_181_a_3,,T10_181,T10,181,16,a,3,train
T10_d16_181_b_3,,T10_181,T10,181,16,b,3,train
T10_d17_181_a_4,,T10_181,T10,181,17,a,4,train
T10_d17_181_b_4,,T10_181,T10,181,17,b,4,train
T10_d18_181_a_4,,T10_181,T10,181,18,a,4,train
T10_d18_181_b_4,,T10_181,T10,181,18,b,4,train
T10_d19_181_a_4,,T10_181,T10,181,19,a,4,train
T10_d19_181_b_4,,T10_181,T10,181,19,b,4,train
T10_d20_181_a_4,,T10_181,T10,181,20,a,4,train
T10_d20_181_b_4,,T10_181,T10,181,20,b,4,train
T10_d21_181_a_5,,T10_181,T10,181,21,a,5,train
T10_d21_181_b_5,,T10_181,T10,181,21,b,5,train
T10_d22_181_a_5,,T10_181,T10,181,22,a,5,train
T10_d22_181_b_5,,T10_181,T10,181,22,b,5,train
T10_d23_181_a_5,,T10_181,T10,181,23,a,5,train
T10_d23_181_b_5,,T10_181,T10,181,23,b,5,train
T10_d24_181_a_5,,T10_181,T10,181,24,a,5,train
T10_d24_181_b_5,,T10_181,T10,181,24,b,5,train
T10_d25_181_a_5,,T10_181,T10,181,25,a,5,train
T10_d25_181_b_5,,T10_181,T10,181,25,b,5,train
T10_d26_181_a_5,,T10_181,T10,181,26,a,5,train
T10_d26_181_b_5,,T10_181,T10,181,26,b,5,train
T10_d01_186_a_1,,T10_186,T10,186,1,a,1,train
T10_d01_186_b_1,,T10_186,T10,186,1,b,1,train
T10_d02_186_a_1,,T10_186,T10,186,2,a,1,train
T10_d02_186_b_1,,T10_186,T10,186,2,b,1,train
T10_d03_186_a_1,,T10_186,T10,186,3,a,1,train
T10_d03_186_b_1,,T10_186,T10,186,3,b,1,train
T10_d04_186_a_1,,T10_186,T10,186,4,a,1,train
T10_d04_186_b_1,,T10_186,T10,186,4,b,1,train
T10_d05_186_a_1,,T10_186,T10,186,5,a,1,train
T10_d05_186_b_1,,T10_186,T10,186,5,b,1,train
T10_d06_186_a_1,,T10_186,T10,186,6,a,1,train
T10_d06_186_b_1,,T10_186,T10,186,6,b,1,train
T10_d07_186_a_1,,T10_186,T10,186,7,a,1,train
T10_d07_186_b_1,,T10_186,T10,186,7,b,1,train
T10_d08_186_a_2,,T10_186,T10,186,8,a,2,train
T10_d08_186_b_2,,T10_186,T10,186,8,b,2,train
T10_d09_186_a_2,,T10_186,T10,186,9,a,2,train
T10_d09_186_b_2,,T10_186,T10,186,9,b,2,train
T10_d10_186_a_3,,T10_186,T10,186,10,a,3,train
T10_d10_186_b_3,,T10_186,T10,186,10,b,3,train
T10_d11_186_a_3,,T10_186,T10,186,11,a,3,train
T10_d11_186_b_3,,T10_186,T10,186,11,b,3,train
T10_d12_186_a_3,,T10_186,T10,186,12,a,3,train
T10_d12_186_b_3,,T10_186,T10,186,12,b,3,train
T10_d13_186_a_3,,T10_186,T10,186,13,a,3,train
T10_d13_186_b_3,,T10_186,T10,186,13,b,3,train
T10_d14_186_a_3,,T10_186,T10,186,14,a,3,train
T10_d14_186_b_3,,T10_186,T10,186,14,b,3,train
T10_d15_186_a_3,,T10_186,T10,186,15,a,3,train
T10_d15_186_b_3,,T10_186,T10,186,15,b,3,train
T10_d16_186_a_3,,T10_186,T10,186,16,a,3,train
T10_d16_186_b_3,,T10_186,T10,186,16,b,3,train
T10_d17_186_a_4,,T10_186,T10,186,17,a,4,train
T10_d17_186_b_4,,T10_186,T10,186,17,b,4,train
T10_d18_186_a_4,,T10_186,T10,186,18,a,4,train
T10_d18_186_b_4,,T10_186,T10,186,18,b,4,train
T10_d19_186_a_4,,T10_186,T10,186,19,a,4,train
T10_d19_186_b_4,,T10_186,T10,186,19,b,4,train
T10_d01_196_a_1,,T10_196,T10,196,1,a,1,train
T10_d01_196_b_1,,T10_196,T10,196,1,b,1,train
T10_d02_196_a_1,,T10_196,T10,196,2,a,1,train
T10_d02_196_b_1,,T10_196,T10,196,2,b,1,train
T10_d03_196_a_1,,T10_196,T10,196,3,a,1,train
T10_d03_196_b_1,,T10_196,T10,196,3,b,1,train
T10_d04_196_a_1,,T10_196,T10,196,4,a,1,train
T10_d04_196_b_1,,T10_196,T10,196,4,b,1,train
T10_d05_196_a_1,,T10_196,T10,196,5,a,1,train
T10_d05_196_b_1,,T10_196,T10,196,5,b,1,train
T10_d06_196_a_1,,T10_196,T10,196,6,a,1,train
T10_d06_196_b_1,,T10_196,T10,196,6,b,1,train
T10_d07_196_a_1,,T10_196,T10,196,7,a,1,train
T10_d07_196_b_1,,T10_196,T10,196,7,b,1,train
T10_d08_196_a_1,,T10_196,T10,196,8,a,1,train
T10_d08_196_b_1,,T10_196,T10,196,8,b,1,train
T10_d09_196_a_2,,T10_196,T10,196,9,a,2,train
T10_d09_196_b_2,,T10_196,T10,196,9,b,2,train
T10_d10_196_a_2,,T10_196,T10,196,10,a,2,train
T10_d10_196_b_2,,T10_196,T10,196,10,b,2,train
T10_d11_196_a_3,,T10_196,T10,196,11,a,3,train
T10_d11_196_b_3,,T10_196,T10,196,11,b,3,train
T10_d12_196_a_3,,T10_196,T10,196,12,a,3,train
T10_d12_196_b_3,,T10_196,T10,196,12,b,3,train
T10_d13_196_a_3,,T10_196,T10,196,13,a,3,train
T10_d13_196_b_3,,T10_196,T10,196,13,b,3,train
T10_d14_196_a_3,,T10_196,T10,196,14,a,3,train
T10_d14_196_b_3,,T10_196,T10,196,14,b,3,train
T10_d15_196_a_3,,T10_196,T10,196,15,a,3,train
T10_d15_196_b_3,,T10_196,T10,196,15,b,3,train
T10_d16_196_a_3,,T10_196,T10,196,16,a,3,train
T10_d16_196_b_3,,T10_196,T10,196,16,b,3,train
T10_d17_196_a_4,,T10_196,T10,196,17,a,4,train
T10_d17_196_b_4,,T10_196,T10,196,17,b,4,train
T10_d18_196_a_4,,T10_196,T10,196,18,a,4,train
T10_d18_196_b_4,,T10_196,T10,196,18,b,4,train
T10_d19_196_a_4,,T10_196,T10,196,19,a,4,train
T10_d19_196_b_4,,T10_196,T10,196,19,b,4,train
T10_d20_196_a_4,,T10_196,T10,196,20,a,4,train
T10_d20_196_b_4,,T10_196,T10,196,20,b,4,train
T10_d21_196_a_4,,T10_196,T10,196,21,a,4,train
T10_d21_196_b_4,,T10_196,T10,196,21,b,4,train
T10_d22_196_a_4,,T10_196,T10,196,22,a,4,train
T10_d22_196_b_4,,T10_196,T10,196,22,b,4,train
T10_d23_196_a_4,,T10_196,T10,196,23,a,4,train
T10_d23_196_b_4,,T10_196,T10,196,23,b,4,train
T10_d24_196_a_5,,T10_196,T10,196,24,a,5,train
T10_d24_196_b_5,,T10_196,T10,196,24,b,5,train
T10_d25_196_a_5,,T10_196,T10,196,25,a,5,train
T10_d25_196_b_5,,T10_196,T10,196,25,b,5,train
T10_d26_196_a_5,,T10_196,T10,196,26,a,5,train
T10_d26_196_b_5,,T10_196,T10,196,26,b,5,train
T10_d01_202_a_1,,T10_202,T10,202,1,a,1,train
T10_d01_202_b_1,,T10_202,T10,202,1,b,1,train
T10_d02_202_a_1,,T10_202,T10,202,2,a,1,train
T10_d02_202_b_1,,T10_202,T10,202,2,b,1,train
T10_d03_202_a_1,,T10_202,T10,202,3,a,1,train
T10_d03_202_b_1,,T10_202,T10,202,3,b,1,train
T10_d04_202_a_1,,T10_202,T10,202,4,a,1,train
T10_d04_202_b_1,,T10_202,T10,202,4,b,1,train
T10_d05_202_a_2,,T10_202,T10,202,5,a,2,train
T10_d05_202_b_2,,T10_202,T10,202,5,b,2,train
T10_d06_202_a_2,,T10_202,T10,202,6,a,2,train
T10_d06_202_b_2,,T10_202,T10,202,6,b,2,train
T10_d07_202_a_2,,T10_202,T10,202,7,a,2,train
T10_d07_202_b_2,,T10_202,T10,202,7,b,2,train
T10_d08_202_a_2,,T10_202,T10,202,8,a,2,train
T10_d08_202_b_2,,T10_202,T10,202,8,b,2,train
T10_d09_202_a_3,,T10_202,T10,202,9,a,3,train
T10_d09_202_b_3,,T10_202,T10,202,9,b,3,train
T10_d10_202_a_3,,T10_202,T10,202,10,a,3,train
T10_d10_202_b_3,,T10_202,T10,202,10,b,3,train
T10_d11_202_a_3,,T10_202,T10,202,11,a,3,train
T10_d11_202_b_3,,T10_202,T10,202,11,b,3,train
T10_d12_202_a_3,,T10_202,T10,202,12,a,3,train
T10_d12_202_b_3,,T10_202,T10,202,12,b,3,train
T10_d13_202_a_3,,T10_202,T10,202,13,a,3,train
T10_d13_202_b_3,,T10_202,T10,202,13,b,3,train
T10_d14_202_a_3,,T10_202,T10,202,14,a,3,train
T10_d14_202_b_3,,T10_202,T10,202,14,b,3,train
T10_d15_202_a_3,,T10_202,T10,202,15,a,3,train
T10_d15_202_b_3,,T10_202,T10,202,15,b,3,train
T10_d16_202_a_4,,T10_202,T10,202,16,a,4,train
T10_d16_202_b_4,,T10_202,T10,202,16,b,4,train
T10_d17_202_a_4,,T10_202,T10,202,17,a,4,train
T10_d17_202_b_4,,T10_202,T10,202,17,b,4,train
T10_d18_202_a_5,,T10_202,T10,202,18,a,5,train
T10_d18_202_b_5,,T10_202,T10,202,18,b,5,train
T10_d19_202_a_5,,T10_202,T10,202,19,a,5,train
T10_d19_202_b_5,,T10_202,T10,202,19,b,5,train
T10_d20_202_a_5,,T10_202,T10,202,20,a,5,train
T10_d20_202_b_5,,T10_202,T10,202,20,b,5,train
T10_d21_202_a_5,,T10_202,T10,202,21,a,5,train
T10_d21_202_b_5,,T10_202,T10,202,21,b,5,train
T10_d22_202_a_5,,T10_202,T10,202,22,a,5,train
T10_d22_202_b_5,,T10_202,T10,202,22,b,5,train
T10_d23_202_a_5,,T10_202,T10,202,23,a,5,train
T10_d23_202_b_5,,T10_202,T10,202,23,b,5,train
T10_d24_202_a_5,,T10_202,T10,202,24,a,5,train
T10_d24_202_b_5,,T10_202,T10,202,24,b,5,train
T10_d25_202_a_5,,T10_202,T10,202,25,a,5,train
T10_d25_202_b_5,,T10_202,T10,202,25,b,5,train
T10_d26_202_a_5,,T10_202,T10,202,26,a,5,train
T10_d26_202_b_5,,T10_202,T10,202,26,b,5,train
T10_d01_204_a_1,,T10_204,T10,204,1,a,1,train
T10_d01_204_b_1,,T10_204,T10,204,1,b,1,train
T10_d02_204_a_1,,T10_204,T10,204,2,a,1,train
T10_d02_204_b_1,,T10_204,T10,204,2,b,1,train
T10_d03_204_a_1,,T10_204,T10,204,3,a,1,train
T10_d03_204_b_1,,T10_204,T10,204,3,b,1,train
T10_d04_204_a_1,,T10_204,T10,204,4,a,1,train
T10_d04_204_b_1,,T10_204,T10,204,4,b,1,train
T10_d05_204_a_1,,T10_204,T10,204,5,a,1,train
T10_d05_204_b_1,,T10_204,T10,204,5,b,1,train
T10_d06_204_a_1,,T10_204,T10,204,6,a,1,train
T10_d06_204_b_1,,T10_204,T10,204,6,b,1,train
T10_d07_204_a_1,,T10_204,T10,204,7,a,1,train
T10_d07_204_b_1,,T10_204,T10,204,7,b,1,train
T10_d08_204_a_1,,T10_204,T10,204,8,a,1,train
T10_d08_204_b_1,,T10_204,T10,204,8,b,1,train
T10_d09_204_a_2,,T10_204,T10,204,9,a,2,train
T10_d09_204_b_2,,T10_204,T10,204,9,b,2,train
T10_d10_204_a_2,,T10_204,T10,204,10,a,2,train
T10_d10_204_b_2,,T10_204,T10,204,10,b,2,train
T10_d11_204_a_3,,T10_204,T10,204,11,a,3,train
T10_d11_204_b_3,,T10_204,T10,204,11,b,3,train
T10_d12_204_a_3,,T10_204,T10,204,12,a,3,train
T10_d12_204_b_3,,T10_204,T10,204,12,b,3,train
T10_d13_204_a_3,,T10_204,T10,204,13,a,3,train
T10_d13_204_b_3,,T10_204,T10,204,13,b,3,train
T10_d14_204_a_3,,T10_204,T10,204,14,a,3,train
T10_d14_204_b_3,,T10_204,T10,204,14,b,3,train
T10_d15_204_a_3,,T10_204,T10,204,15,a,3,train
T10_d15_204_b_3,,T10_204,T10,204,15,b,3,train
T10_d16_204_a_3,,T10_204,T10,204,16,a,3,train
T10_d16_204_b_3,,T10_204,T10,204,16,b,3,train
T10_d17_204_a_3,,T10_204,T10,204,17,a,3,train
T10_d17_204_b_3,,T10_204,T10,204,17,b,3,train
T10_d18_204_a_4,,T10_204,T10,204,18,a,4,train
T10_d18_204_b_4,,T10_204,T10,204,18,b,4,train
T10_d19_204_a_4,,T10_204,T10,204,19,a,4,train
T10_d19_204_b_4,,T10_204,T10,204,19,b,4,train
T10_d20_204_a_4,,T10_204,T10,204,20,a,4,train
T10_d20_204_b_4,,T10_204,T10,204,20,b,4,train
T10_d21_204_a_4,,T10_204,T10,204,21,a,4,train
T10_d21_204_b_4,,T10_204,T10,204,21,b,4,train
T10_d22_204_a_5,,T10_204,T10,204,22,a,5,train
T10_d22_204_b_5,,T10_204,T10,204,22,b,5,train
T10_d23_204_a_5,,T10_204,T10,204,23,a,5,train
T10_d23_204_b_5,,T10_204,T10,204,23,b,5,train
T10_d24_204_a_5,,T10_204,T10,204,24,a,5,train
T10_d24_204_b_5,,T10_204,T10,204,24,b,5,train
T10_d25_204_a_5,,T10_204,T10,204,25,a,5,train
T10_d25_204_b_5,,T10_204,T10,204,25,b,5,train
T10_d26_204_a_5,,T10_204,T10,204,26,a,5,train
T10_d26_204_b_5,,T10_204,T10,204,26,b,5,train
T10_d01_206_a_1,,T10_206,T10,206,1,a,1,train
T10_d01_206_b_1,,T10_206,T10,206,1,b,1,train
T10_d02_206_a_1,,T10_206,T10,206,2,a,1,train
T10_d02_206_b_1,,T10_206,T10,206,2,b,1,train
T10_d03_206_a_1,,T10_206,T10,206,3,a,1,train
T10_d03_206_b_1,,T10_206,T10,206,3,b,1,train
T10_d04_206_a_1,,T10_206,T10,206,4,a,1,train
T10_d04_206_b_1,,T10_206,T10,206,4,b,1,train
T10_d05_206_a_1,,T10_206,T10,206,5,a,1,train
T10_d05_206_b_1,,T10_206,T10,206,5,b,1,train
T10_d06_206_a_1,,T10_206,T10,206,6,a,1,train
T10_d06_206_b_1,,T10_206,T10,206,6,b,1,train
T10_d07_206_a_1,,T10_206,T10,206,7,a,1,train
T10_d07_206_b_1,,T10_206,T10,206,7,b,1,train
T10_d08_206_a_1,,T10_206,T10,206,8,a,1,train
T10_d08_206_b_1,,T10_206,T10,206,8,b,1,train
T10_d09_206_a_2,,T10_206,T10,206,9,a,2,train
T10_d09_206_b_2,,T10_206,T10,206,9,b,2,train
T10_d10_206_a_2,,T10_206,T10,206,10,a,2,train
T10_d10_206_b_2,,T10_206,T10,206,10,b,2,train
T10_d11_206_a_3,,T10_206,T10,206,11,a,3,train
T10_d11_206_b_3,,T10_206,T10,206,11,b,3,train
T10_d12_206_a_3,,T10_206,T10,206,12,a,3,train
T10_d12_206_b_3,,T10_206,T10,206,12,b,3,train
T10_d13_206_a_3,,T10_206,T10,206,13,a,3,train
T10_d13_206_b_3,,T10_206,T10,206,13,b,3,train
T10_d14_206_a_3,,T10_206,T10,206,14,a,3,train
T10_d14_206_b_3,,T10_206,T10,206,14,b,3,train
T10_d15_206_a_3,,T10_206,T10,206,15,a,3,train
T10_d15_206_b_3,,T10_206,T10,206,15,b,3,train
T10_d16_206_a_3,,T10_206,T10,206,16,a,3,train
T10_d16_206_b_3,,T10_206,T10,206,16,b,3,train
T10_d17_206_a_3,,T10_206,T10,206,17,a,3,train
T10_d17_206_b_3,,T10_206,T10,206,17,b,3,train
T10_d18_206_a_4,,T10_206,T10,206,18,a,4,train
T10_d18_206_b_4,,T10_206,T10,206,18,b,4,train
T10_d19_206_a_4,,T10_206,T10,206,19,a,4,train
T10_d19_206_b_4,,T10_206,T10,206,19,b,4,train
T10_d20_206_a_4,,T10_206,T10,206,20,a,4,train
T10_d20_206_b_4,,T10_206,T10,206,20,b,4,train
T10_d21_206_a_4,,T10_206,T10,206,21,a,4,train
T10_d21_206_b_4,,T10_206,T10,206,21,b,4,train
T10_d22_206_a_4,,T10_206,T10,206,22,a,4,train
T10_d22_206_b_4,,T10_206,T10,206,22,b,4,train
T10_d23_206_a_4,,T10_206,T10,206,23,a,4,train
T10_d23_206_b_4,,T10_206,T10,206,23,b,4,train
T10_d24_206_a_4,,T10_206,T10,206,24,a,4,train
T10_d24_206_b_4,,T10_206,T10,206,24,b,4,train
T10_d25_206_a_5,,T10_206,T10,206,25,a,5,train
T10_d25_206_b_5,,T10_206,T10,206,25,b,5,train
T10_d26_206_a_5,,T10_206,T10,206,26,a,5,train
T10_d26_206_b_5,,T10_206,T10,206,26,b,5,train
T10_d01_211_a_1,,T10_211,T10,211,1,a,1,train
T10_d01_211_b_1,,T10_211,T10,211,1,b,1,train
T10_d02_211_a_1,,T10_211,T10,211,2,a,1,train
T10_d02_211_b_1,,T10_211,T10,211,2,b,1,train
T10_d03_211_a_1,,T10_211,T10,211,3,a,1,train
T10_d03_211_b_1,,T10_211,T10,211,3,b,1,train
T10_d04_211_a_1,,T10_211,T10,211,4,a,1,train
T10_d04_211_b_1,,T10_211,T10,211,4,b,1,train
T10_d05_211_a_1,,T10_211,T10,211,5,a,1,train
T10_d05_211_b_1,,T10_211,T10,211,5,b,1,train
T10_d06_211_a_1,,T10_211,T10,211,6,a,1,train
T10_d06_211_b_1,,T10_211,T10,211,6,b,1,train
T10_d07_211_a_1,,T10_211,T10,211,7,a,1,train
T10_d07_211_b_1,,T10_211,T10,211,7,b,1,train
T10_d08_211_a_1,,T10_211,T10,211,8,a,1,train
T10_d08_211_b_1,,T10_211,T10,211,8,b,1,train
T10_d09_211_a_2,,T10_211,T10,211,9,a,2,train
T10_d09_211_b_2,,T10_211,T10,211,9,b,2,train
T10_d10_211_a_2,,T10_211,T10,211,10,a,2,train
T10_d10_211_b_2,,T10_211,T10,211,10,b,2,train
T10_d11_211_a_2,,T10_211,T10,211,11,a,2,train
T10_d11_211_b_2,,T10_211,T10,211,11,b,2,train
T10_d12_211_a_2,,T10_211,T10,211,12,a,2,train
T10_d12_211_b_2,,T10_211,T10,211,12,b,2,train
T10_d13_211_a_3,,T10_211,T10,211,13,a,3,train
T10_d13_211_b_3,,T10_211,T10,211,13,b,3,train
T10_d14_211_a_3,,T10_211,T10,211,14,a,3,train
T10_d14_211_b_3,,T10_211,T10,211,14,b,3,train
T10_d15_211_a_3,,T10_211,T10,211,15,a,3,train
T10_d15_211_b_3,,T10_211,T10,211,15,b,3,train
T10_d16_211_a_3,,T10_211,T10,211,16,a,3,train
T10_d16_211_b_3,,T10_211,T10,211,16,b,3,train
T10_d17_211_a_3,,T10_211,T10,211,17,a,3,train
T10_d17_211_b_3,,T10_211,T10,211,17,b,3,train
T10_d18_211_a_4,,T10_211,T10,211,18,a,4,train
T10_d18_211_b_4,,T10_211,T10,211,18,b,4,train
T10_d19_211_a_4,,T10_211,T10,211,19,a,4,train
T10_d19_211_b_4,,T10_211,T10,211,19,b,4,train
T10_d20_211_a_4,,T10_211,T10,211,20,a,4,train
T10_d20_211_b_4,,T10_211,T10,211,20,b,4,train
T10_d21_211_a_4,,T10_211,T10,211,21,a,4,train
T10_d21_211_b_4,,T10_211,T10,211,21,b,4,train
T10_d22_211_a_4,,T10_211,T10,211,22,a,4,train
T10_d22_211_b_4,,T10_211,T10,211,22,b,4,train
T10_d23_211_a_5,,T10_211,T10,211,23,a,5,train
T10_d23_211_b_5,,T10_211,T10,211,23,b,5,train
T10_d24_211_a_5,,T10_211,T10,211,24,a,5,train
T10_d24_211_b_5,,T10_211,T10,211,24,b,5,train
T10_d25_211_a_5,,T10_211,T10,211,25,a,5,train
T10_d25_211_b_5,,T10_211,T10,211,25,b,5,train
T10_d26_211_a_5,,T10_211,T10,211,26,a,5,train
T10_d26_211_b_5,,T10_211,T10,211,26,b,5,train
T10_d01_213_a_1,,T10_213,T10,213,1,a,1,train
T10_d01_213_b_1,,T10_213,T10,213,1,b,1,train
T10_d02_213_a_1,,T10_213,T10,213,2,a,1,train
T10_d02_213_b_1,,T10_213,T10,213,2,b,1,train
T10_d03_213_a_1,,T10_213,T10,213,3,a,1,train
T10_d03_213_b_1,,T10_213,T10,213,3,b,1,train
T10_d04_213_a_1,,T10_213,T10,213,4,a,1,train
T10_d04_213_b_1,,T10_213,T10,213,4,b,1,train
T10_d05_213_a_1,,T10_213,T10,213,5,a,1,train
T10_d05_213_b_1,,T10_213,T10,213,5,b,1,train
T10_d06_213_a_1,,T10_213,T10,213,6,a,1,train
T10_d06_213_b_1,,T10_213,T10,213,6,b,1,train
T10_d07_213_a_1,,T10_213,T10,213,7,a,1,train
T10_d07_213_b_1,,T10_213,T10,213,7,b,1,train
T10_d08_213_a_1,,T10_213,T10,213,8,a,1,train
T10_d08_213_b_1,,T10_213,T10,213,8,b,1,train
T10_d09_213_a_2,,T10_213,T10,213,9,a,2,train
T10_d09_213_b_2,,T10_213,T10,213,9,b,2,train
T10_d10_213_a_2,,T10_213,T10,213,10,a,2,train
T10_d10_213_b_2,,T10_213,T10,213,10,b,2,train
T10_d11_213_a_3,,T10_213,T10,213,11,a,3,train
T10_d11_213_b_3,,T10_213,T10,213,11,b,3,train
T10_d12_213_a_3,,T10_213,T10,213,12,a,3,train
T10_d12_213_b_3,,T10_213,T10,213,12,b,3,train
T10_d13_213_a_3,,T10_213,T10,213,13,a,3,train
T10_d13_213_b_3,,T10_213,T10,213,13,b,3,train
T10_d14_213_a_3,,T10_213,T10,213,14,a,3,train
T10_d14_213_b_3,,T10_213,T10,213,14,b,3,train
T10_d15_213_a_3,,T10_213,T10,213,15,a,3,train
T10_d15_213_b_3,,T10_213,T10,213,15,b,3,train
T10_d16_213_a_3,,T10_213,T10,213,16,a,3,train
T10_d16_213_b_3,,T10_213,T10,213,16,b,3,train
T10_d17_213_a_3,,T10_213,T10,213,17,a,3,train
T10_d17_213_b_3,,T10_213,T10,213,17,b,3,train
T10_d18_213_a_4,,T10_213,T10,213,18,a,4,train
T10_d18_213_b_4,,T10_213,T10,213,18,b,4,train
T10_d19_213_a_4,,T10_213,T10,213,19,a,4,train
T10_d19_213_b_4,,T10_213,T10,213,19,b,4,train
T10_d20_213_a_4,,T10_213,T10,213,20,a,4,train
T10_d20_213_b_4,,T10_213,T10,213,20,b,4,train
T10_d21_213_a_4,,T10_213,T10,213,21,a,4,train
T10_d21_213_b_4,,T10_213,T10,213,21,b,4,train
T10_d22_213_a_4,,T10_213,T10,213,22,a,4,train
T10_d22_213_b_4,,T10_213,T10,213,22,b,4,train
T10_d23_213_a_4,,T10_213,T10,213,23,a,4,train
T10_d23_213_b_4,,T10_213,T10,213,23,b,4,train
T10_d24_213_a_5,,T10_213,T10,213,24,a,5,train
T10_d24_213_b_5,,T10_213,T10,213,24,b,5,train
T10_d25_213_a_5,,T10_213,T10,213,25,a,5,train
T10_d25_213_b_5,,T10_213,T10,213,25,b,5,train
T10_d26_213_a_5,,T10_213,T10,213,26,a,5,train
T10_d26_213_b_5,,T10_213,T10,213,26,b,5,train
T10_d01_215_a_1,,T10_215,T10,215,1,a,1,train
T10_d01_215_b_1,,T10_215,T10,215,1,b,1,train
T10_d02_215_a_1,,T10_215,T10,215,2,a,1,train
T10_d02_215_b_1,,T10_215,T10,215,2,b,1,train
T10_d03_215_a_1,,T10_215,T10,215,3,a,1,train
T10_d03_215_b_1,,T10_215,T10,215,3,b,1,train
T10_d04_215_a_1,,T10_215,T10,215,4,a,1,train
T10_d04_215_b_1,,T10_215,T10,215,4,b,1,train
T10_d05_215_a_1,,T10_215,T10,215,5,a,1,train
T10_d05_215_b_1,,T10_215,T10,215,5,b,1,train
T10_d06_215_a_1,,T10_215,T10,215,6,a,1,train
T10_d06_215_b_1,,T10_215,T10,215,6,b,1,train
T10_d07_215_a_1,,T10_215,T10,215,7,a,1,train
T10_d07_215_b_1,,T10_215,T10,215,7,b,1,train
T10_d08_215_a_1,,T10_215,T10,215,8,a,1,train
T10_d08_215_b_1,,T10_215,T10,215,8,b,1,train
T10_d09_215_a_2,,T10_215,T10,215,9,a,2,train
T10_d09_215_b_2,,T10_215,T10,215,9,b,2,train
T10_d10_215_a_2,,T10_215,T10,215,10,a,2,train
T10_d10_215_b_2,,T10_215,T10,215,10,b,2,train
T10_d11_215_a_3,,T10_215,T10,215,11,a,3,train
T10_d11_215_b_3,,T10_215,T10,215,11,b,3,train
T10_d12_215_a_3,,T10_215,T10,215,12,a,3,train
T10_d12_215_b_3,,T10_215,T10,215,12,b,3,train
T10_d13_215_a_3,,T10_215,T10,215,13,a,3,train
T10_d13_215_b_3,,T10_215,T10,215,13,b,3,train
T10_d14_215_a_3,,T10_215,T10,215,14,a,3,train
T10_d14_215_b_3,,T10_215,T10,215,14,b,3,train
T10_d15_215_a_3,,T10_215,T10,215,15,a,3,train
T10_d15_215_b_3,,T10_215,T10,215,15,b,3,train
T10_d16_215_a_3,,T10_215,T10,215,16,a,3,train
T10_d16_215_b_3,,T10_215,T10,215,16,b,3,train
T10_d17_215_a_3,,T10_215,T10,215,17,a,3,train
T10_d17_215_b_3,,T10_215,T10,215,17,b,3,train
T10_d01_217_a_1,,T10_217,T10,217,1,a,1,train
T10_d01_217_b_1,,T10_217,T10,217,1,b,1,train
T10_d02_217_a_1,,T10_217,T10,217,2,a,1,train
T10_d02_217_b_1,,T10_217,T10,217,2,b,1,train
T10_d03_217_a_1,,T10_217,T10,217,3,a,1,train
T10_d03_217_b_1,,T10_217,T10,217,3,b,1,train
T10_d04_217_a_1,,T10_217,T10,217,4,a,1,train
T10_d04_217_b_1,,T10_217,T10,217,4,b,1,train
T10_d05_217_a_1,,T10_217,T10,217,5,a,1,train
T10_d05_217_b_1,,T10_217,T10,217,5,b,1,train
T10_d06_217_a_1,,T10_217,T10,217,6,a,1,train
T10_d06_217_b_1,,T10_217,T10,217,6,b,1,train
T10_d07_217_a_1,,T10_217,T10,217,7,a,1,train
T10_d07_217_b_1,,T10_217,T10,217,7,b,1,train
T10_d08_217_a_1,,T10_217,T10,217,8,a,1,train
T10_d08_217_b_1,,T10_217,T10,217,8,b,1,train
T10_d09_217_a_2,,T10_217,T10,217,9,a,2,train
T10_d09_217_b_2,,T10_217,T10,217,9,b,2,train
T10_d10_217_a_2,,T10_217,T10,217,10,a,2,train
T10_d10_217_b_2,,T10_217,T10,217,10,b,2,train
T10_d11_217_a_2,,T10_217,T10,217,11,a,2,train
T10_d11_217_b_2,,T10_217,T10,217,11,b,2,train
T10_d12_217_a_3,,T10_217,T10,217,12,a,3,train
T10_d12_217_b_3,,T10_217,T10,217,12,b,3,train
T10_d13_217_a_3,,T10_217,T10,217,13,a,3,train
T10_d13_217_b_3,,T10_217,T10,217,13,b,3,train
T10_d14_217_a_3,,T10_217,T10,217,14,a,3,train
T10_d14_217_b_3,,T10_217,T10,217,14,b,3,train
T10_d15_217_a_3,,T10_217,T10,217,15,a,3,train
T10_d15_217_b_3,,T10_217,T10,217,15,b,3,train
T10_d16_217_a_3,,T10_217,T10,217,16,a,3,train
T10_d16_217_b_3,,T10_217,T10,217,16,b,3,train
T10_d17_217_a_3,,T10_217,T10,217,17,a,3,train
T10_d17_217_b_3,,T10_217,T10,217,17,b,3,train
T10_d18_217_a_4,,T10_217,T10,217,18,a,4,train
T10_d18_217_b_4,,T10_217,T10,217,18,b,4,train
T10_d19_217_a_4,,T10_217,T10,217,19,a,4,train
T10_d19_217_b_4,,T10_217,T10,217,19,b,4,train
T10_d20_217_a_4,,T10_217,T10,217,20,a,4,train
T10_d20_217_b_4,,T10_217,T10,217,20,b,4,train
T10_d21_217_a_4,,T10_217,T10,217,21,a,4,train
T10_d21_217_b_4,,T10_217,T10,217,21,b,4,train
T10_d22_217_a_4,,T10_217,T10,217,22,a,4,train
T10_d22_217_b_4,,T10_217,T10,217,22,b,4,train
T10_d23_217_a_4,,T10_217,T10,217,23,a,4,train
T10_d23_217_b_4,,T10_217,T10,217,23,b,4,train
T10_d24_217_a_5,,T10_217,T10,217,24,a,5,train
T10_d24_217_b_5,,T10_217,T10,217,24,b,5,train
T10_d25_217_a_5,,T10_217,T10,217,25,a,5,train
T10_d25_217_b_5,,T10_217,T10,217,25,b,5,train
T10_d26_217_a_5,,T10_217,T10,217,26,a,5,train
T10_d26_217_b_5,,T10_217,T10,217,26,b,5,train
T10_d01_219_a_1,,T10_219,T10,219,1,a,1,train
T10_d01_219_b_1,,T10_219,T10,219,1,b,1,train
T10_d02_219_a_1,,T10_219,T10,219,2,a,1,train
T10_d02_219_b_1,,T10_219,T10,219,2,b,1,train
T10_d03_219_a_1,,T10_219,T10,219,3,a,1,train
T10_d03_219_b_1,,T10_219,T10,219,3,b,1,train
T10_d04_219_a_1,,T10_219,T10,219,4,a,1,train
T10_d04_219_b_1,,T10_219,T10,219,4,b,1,train
T10_d05_219_a_1,,T10_219,T10,219,5,a,1,train
T10_d05_219_b_1,,T10_219,T10,219,5,b,1,train
T10_d06_219_a_1,,T10_219,T10,219,6,a,1,train
T10_d06_219_b_1,,T10_219,T10,219,6,b,1,train
T10_d07_219_a_1,,T10_219,T10,219,7,a,1,train
T10_d07_219_b_1,,T10_219,T10,219,7,b,1,train
T10_d08_219_a_1,,T10_219,T10,219,8,a,1,train
T10_d08_219_b_1,,T10_219,T10,219,8,b,1,train
T10_d09_219_a_2,,T10_219,T10,219,9,a,2,train
T10_d09_219_b_2,,T10_219,T10,219,9,b,2,train
T10_d10_219_a_2,,T10_219,T10,219,10,a,2,train
T10_d10_219_b_2,,T10_219,T10,219,10,b,2,train
T10_d11_219_a_3,,T10_219,T10,219,11,a,3,train
T10_d11_219_b_3,,T10_219,T10,219,11,b,3,train
T10_d12_219_a_3,,T10_219,T10,219,12,a,3,train
T10_d12_219_b_3,,T10_219,T10,219,12,b,3,train
T10_d13_219_a_3,,T10_219,T10,219,13,a,3,train
T10_d13_219_b_3,,T10_219,T10,219,13,b,3,train
T10_d14_219_a_3,,T10_219,T10,219,14,a,3,train
T10_d14_219_b_3,,T10_219,T10,219,14,b,3,train
T10_d15_219_a_3,,T10_219,T10,219,15,a,3,train
T10_d15_219_b_3,,T10_219,T10,219,15,b,3,train
T10_d16_219_a_4,,T10_219,T10,219,16,a,4,train
T10_d16_219_b_4,,T10_219,T10,219,16,b,4,train
T10_d17_219_a_4,,T10_219,T10,219,17,a,4,train
T10_d17_219_b_4,,T10_219,T10,219,17,b,4,train
T10_d18_219_a_4,,T10_219,T10,219,18,a,4,train
T10_d18_219_b_4,,T10_219,T10,219,18,b,4,train
T10_d19_219_a_4,,T10_219,T10,219,19,a,4,train
T10_d19_219_b_4,,T10_219,T10,219,19,b,4,train
T10_d20_219_a_4,,T10_219,T10,219,20,a,4,train
T10_d20_219_b_4,,T10_219,T10,219,20,b,4,train
T10_d21_219_a_4,,T10_219,T10,219,21,a,4,train
T10_d21_219_b_4,,T10_219,T10,219,21,b,4,train
T10_d22_219_a_5,,T10_219,T10,219,22,a,5,train
T10_d22_219_b_5,,T10_219,T10,219,22,b,5,train
T10_d23_219_a_5,,T10_219,T10,219,23,a,5,train
T10_d23_219_b_5,,T10_219,T10,219,23,b,5,train
T10_d24_219_a_5,,T10_219,T10,219,24,a,5,train
T10_d24_219_b_5,,T10_219,T10,219,24,b,5,train
T10_d25_219_a_5,,T10_219,T10,219,25,a,5,train
T10_d25_219_b_5,,T10_219,T10,219,25,b,5,train
T10_d26_219_a_5,,T10_219,T10,219,26,a,5,train
T10_d26_219_b_5,,T10_219,T10,219,26,b,5,train
T10_d01_220_a_1,,T10_220,T10,220,1,a,1,train
T10_d01_220_b_1,,T10_220,T10,220,1,b,1,train
T10_d02_220_a_1,,T10_220,T10,220,2,a,1,train
T10_d02_220_b_1,,T10_220,T10,220,2,b,1,train
T10_d03_220_a_1,,T10_220,T10,220,3,a,1,train
T10_d03_220_b_1,,T10_220,T10,220,3,b,1,train
T10_d04_220_a_1,,T10_220,T10,220,4,a,1,train
T10_d04_220_b_1,,T10_220,T10,220,4,b,1,train
T10_d05_220_a_2,,T10_220,T10,220,5,a,2,train
T10_d05_220_b_2,,T10_220,T10,220,5,b,2,train
T10_d06_220_a_2,,T10_220,T10,220,6,a,2,train
T10_d06_220_b_2,,T10_220,T10,220,6,b,2,train
T10_d07_220_a_2,,T10_220,T10,220,7,a,2,train
T10_d07_220_b_2,,T10_220,T10,220,7,b,2,train
T10_d08_220_a_2,,T10_220,T10,220,8,a,2,train
T10_d08_220_b_2,,T10_220,T10,220,8,b,2,train
T10_d09_220_a_2,,T10_220,T10,220,9,a,2,train
T10_d09_220_b_2,,T10_220,T10,220,9,b,2,train
T10_d10_220_a_3,,T10_220,T10,220,10,a,3,train
T10_d10_220_b_3,,T10_220,T10,220,10,b,3,train
T10_d11_220_a_3,,T10_220,T10,220,11,a,3,train
T10_d11_220_b_3,,T10_220,T10,220,11,b,3,train
T10_d12_220_a_3,,T10_220,T10,220,12,a,3,train
T10_d12_220_b_3,,T10_220,T10,220,12,b,3,train
T10_d13_220_a_3,,T10_220,T10,220,13,a,3,train
T10_d13_220_b_3,,T10_220,T10,220,13,b,3,train
T10_d14_220_a_3,,T10_220,T10,220,14,a,3,train
T10_d14_220_b_3,,T10_220,T10,220,14,b,3,train
T10_d15_220_a_3,,T10_220,T10,220,15,a,3,train
T10_d15_220_b_3,,T10_220,T10,220,15,b,3,train
T10_d16_220_a_3,,T10_220,T10,220,16,a,3,train
T10_d16_220_b_3,,T10_220,T10,220,16,b,3,train
T10_d17_220_a_3,,T10_220,T10,220,17,a,3,train
T10_d17_220_b_3,,T10_220,T10,220,17,b,3,train
T10_d18_220_a_4,,T10_220,T10,220,18,a,4,train
T10_d18_220_b_4,,T10_220,T10,220,18,b,4,train
T10_d19_220_a_4,,T10_220,T10,220,19,a,4,train
T10_d19_220_b_4,,T10_220,T10,220,19,b,4,train
T10_d20_220_a_4,,T10_220,T10,220,20,a,4,train
T10_d20_220_b_4,,T10_220,T10,220,20,b,4,train
T10_d21_220_a_4,,T10_220,T10,220,21,a,4,train
T10_d21_220_b_4,,T10_220,T10,220,21,b,4,train
T10_d22_220_a_4,,T10_220,T10,220,22,a,4,train
T10_d22_220_b_4,,T10_220,T10,220,22,b,4,train
T10_d23_220_a_5,,T10_220,T10,220,23,a,5,train
T10_d23_220_b_5,,T10_220,T10,220,23,b,5,train
T10_d24_220_a_5,,T10_220,T10,220,24,a,5,train
T10_d24_220_b_5,,T10_220,T10,220,24,b,5,train
T10_d25_220_a_5,,T10_220,T10,220,25,a,5,train
T10_d25_220_b_5,,T10_220,T10,220,25,b,5,train
T10_d26_220_a_5,,T10_220,T10,220,26,a,5,train
T10_d26_220_b_5,,T10_220,T10,220,26,b,5,train
T10_d01_221_a_1,,T10_221,T10,221,1,a,1,train
T10_d01_221_b_1,,T10_221,T10,221,1,b,1,train
T10_d02_221_a_1,,T10_221,T10,221,2,a,1,train
T10_d02_221_b_1,,T10_221,T10,221,2,b,1,train
T10_d03_221_a_1,,T10_221,T10,221,3,a,1,train
T10_d03_221_b_1,,T10_221,T10,221,3,b,1,train
T10_d04_221_a_1,,T10_221,T10,221,4,a,1,train
T10_d04_221_b_1,,T10_221,T10,221,4,b,1,train
T10_d05_221_a_1,,T10_221,T10,221,5,a,1,train
T10_d05_221_b_1,,T10_221,T10,221,5,b,1,train
T10_d06_221_a_1,,T10_221,T10,221,6,a,1,train
T10_d06_221_b_1,,T10_221,T10,221,6,b,1,train
T10_d07_221_a_2,,T10_221,T10,221,7,a,2,train
T10_d07_221_b_2,,T10_221,T10,221,7,b,2,train
T10_d08_221_a_2,,T10_221,T10,221,8,a,2,train
T10_d08_221_b_2,,T10_221,T10,221,8,b,2,train
T10_d09_221_a_2,,T10_221,T10,221,9,a,2,train
T10_d09_221_b_2,,T10_221,T10,221,9,b,2,train
T10_d10_221_a_3,,T10_221,T10,221,10,a,3,train
T10_d10_221_b_3,,T10_221,T10,221,10,b,3,train
T10_d11_221_a_3,,T10_221,T10,221,11,a,3,train
T10_d11_221_b_3,,T10_221,T10,221,11,b,3,train
T10_d12_221_a_3,,T10_221,T10,221,12,a,3,train
T10_d12_221_b_3,,T10_221,T10,221,12,b,3,train
T10_d13_221_a_3,,T10_221,T10,221,13,a,3,train
T10_d13_221_b_3,,T10_221,T10,221,13,b,3,train
T10_d14_221_a_3,,T10_221,T10,221,14,a,3,train
T10_d14_221_b_3,,T10_221,T10,221,14,b,3,train
T10_d15_221_a_3,,T10_221,T10,221,15,a,3,train
T10_d15_221_b_3,,T10_221,T10,221,15,b,3,train
T10_d16_221_a_3,,T10_221,T10,221,16,a,3,train
T10_d16_221_b_3,,T10_221,T10,221,16,b,3,train
T10_d17_221_a_4,,T10_221,T10,221,17,a,4,train
T10_d17_221_b_4,,T10_221,T10,221,17,b,4,train
T10_d18_221_a_4,,T10_221,T10,221,18,a,4,train
T10_d18_221_b_4,,T10_221,T10,221,18,b,4,train
T10_d19_221_a_4,,T10_221,T10,221,19,a,4,train
T10_d19_221_b_4,,T10_221,T10,221,19,b,4,train
T10_d01_223_a_1,,T10_223,T10,223,1,a,1,train
T10_d01_223_b_1,,T10_223,T10,223,1,b,1,train
T10_d02_223_a_1,,T10_223,T10,223,2,a,1,train
T10_d02_223_b_1,,T10_223,T10,223,2,b,1,train
T10_d03_223_a_1,,T10_223,T10,223,3,a,1,train
T10_d03_223_b_1,,T10_223,T10,223,3,b,1,train
T10_d04_223_a_1,,T10_223,T10,223,4,a,1,train
T10_d04_223_b_1,,T10_223,T10,223,4,b,1,train
T10_d05_223_a_1,,T10_223,T10,223,5,a,1,train
T10_d05_223_b_1,,T10_223,T10,223,5,b,1,train
T10_d06_223_a_1,,T10_223,T10,223,6,a,1,train
T10_d06_223_b_1,,T10_223,T10,223,6,b,1,train
T10_d07_223_a_1,,T10_223,T10,223,7,a,1,train
T10_d07_223_b_1,,T10_223,T10,223,7,b,1,train
T10_d08_223_a_1,,T10_223,T10,223,8,a,1,train
T10_d08_223_b_1,,T10_223,T10,223,8,b,1,train
T10_d09_223_a_2,,T10_223,T10,223,9,a,2,train
T10_d09_223_b_2,,T10_223,T10,223,9,b,2,train
T10_d10_223_a_2,,T10_223,T10,223,10,a,2,train
T10_d10_223_b_2,,T10_223,T10,223,10,b,2,train
T10_d11_223_a_2,,T10_223,T10,223,11,a,2,train
T10_d11_223_b_2,,T10_223,T10,223,11,b,2,train
T10_d12_223_a_2,,T10_223,T10,223,12,a,2,train
T10_d12_223_b_2,,T10_223,T10,223,12,b,2,train
T10_d13_223_a_2,,T10_223,T10,223,13,a,2,train
T10_d13_223_b_2,,T10_223,T10,223,13,b,2,train
T10_d14_223_a_2,,T10_223,T10,223,14,a,2,train
T10_d14_223_b_2,,T10_223,T10,223,14,b,2,train
T10_d15_223_a_3,,T10_223,T10,223,15,a,3,train
T10_d15_223_b_3,,T10_223,T10,223,15,b,3,train
T10_d16_223_a_3,,T10_223,T10,223,16,a,3,train
T10_d16_223_b_3,,T10_223,T10,223,16,b,3,train
T10_d17_223_a_3,,T10_223,T10,223,17,a,3,train
T10_d17_223_b_3,,T10_223,T10,223,17,b,3,train
T10_d01_227_a_1,,T10_227,T10,227,1,a,1,train
T10_d01_227_b_1,,T10_227,T10,227,1,b,1,train
T10_d02_227_a_2,,T10_227,T10,227,2,a,2,train
T10_d02_227_b_2,,T10_227,T10,227,2,b,2,train
T10_d03_227_a_2,,T10_227,T10,227,3,a,2,train
T10_d03_227_b_2,,T10_227,T10,227,3,b,2,train
T10_d04_227_a_3,,T10_227,T10,227,4,a,3,train
T10_d04_227_b_3,,T10_227,T10,227,4,b,3,train
T10_d05_227_a_4,,T10_227,T10,227,5,a,4,train
T10_d05_227_b_4,,T10_227,T10,227,5,b,4,train
T10_d06_227_a_4,,T10_227,T10,227,6,a,4,train
T10_d06_227_b_4,,T10_227,T10,227,6,b,4,train
T10_d07_227_a_4,,T10_227,T10,227,7,a,4,train
T10_d07_227_b_4,,T10_227,T10,227,7,b,4,train
T10_d08_227_a_4,,T10_227,T10,227,8,a,4,train
T10_d08_227_b_4,,T10_227,T10,227,8,b,4,train
T10_d09_227_a_5,,T10_227,T10,227,9,a,5,train
T10_d09_227_b_5,,T10_227,T10,227,9,b,5,train
T10_d10_227_a_5,,T10_227,T10,227,10,a,5,train
T10_d10_227_b_5,,T10_227,T10,227,10,b,5,train
T10_d11_227_a_5,,T10_227,T10,227,11,a,5,train
T10_d11_227_b_5,,T10_227,T10,227,11,b,5,train
T10_d12_227_a_5,,T10_227,T10,227,12,a,5,train
T10_d12_227_b_5,,T10_227,T10,227,12,b,5,train
T10_d13_227_a_5,,T10_227,T10,227,13,a,5,train
T10_d13_227_b_5,,T10_227,T10,227,13,b,5,train
T10_d14_227_a_5,,T10_227,T10,227,14,a,5,train
T10_d14_227_b_5,,T10_227,T10,227,14,b,5,train
T10_d15_227_a_5,,T10_227,T10,227,15,a,5,train
T10_d15_227_b_5,,T10_227,T10,227,15,b,5,train
T10_d16_227_a_5,,T10_227,T10,227,16,a,5,train
T10_d16_227_b_5,,T10_227,T10,227,16,b,5,train
T10_d17_227_a_5,,T10_227,T10,227,17,a,5,train
T10_d17_227_b_5,,T10_227,T10,227,17,b,5,train
T10_d18_227_a_5,,T10_227,T10,227,18,a,5,train
T10_d18_227_b_5,,T10_227,T10,227,18,b,5,train
T10_d19_227_a_5,,T10_227,T10,227,19,a,5,train
T10_d19_227_b_5,,T10_227,T10,227,19,b,5,train
T10_d20_227_a_5,,T10_227,T10,227,20,a,5,train
T10_d20_227_b_5,,T10_227,T10,227,20,b,5,train
T10_d21_227_a_5,,T10_227,T10,227,21,a,5,train
T10_d21_227_b_5,,T10_227,T10,227,21,b,5,train
T10_d22_227_a_5,,T10_227,T10,227,22,a,5,train
T10_d22_227_b_5,,T10_227,T10,227,22,b,5,train
T10_d23_227_a_5,,T10_227,T10,227,23,a,5,train
T10_d23_227_b_5,,T10_227,T10,227,23,b,5,train
T10_d24_227_a_5,,T10_227,T10,227,24,a,5,train
T10_d24_227_b_5,,T10_227,T10,227,24,b,5,train
T10_d25_227_a_5,,T10_227,T10,227,25,a,5,train
T10_d25_227_b_5,,T10_227,T10,227,25,b,5,train
T10_d26_227_a_5,,T10_227,T10,227,26,a,5,train
T10_d26_227_b_5,,T10_227,T10,227,26,b,5,train
T10_d01_229_a_1,,T10_229,T10,229,1,a,1,train
T10_d01_229_b_1,,T10_229,T10,229,1,b,1,train
T10_d02_229_a_1,,T10_229,T10,229,2,a,1,train
T10_d02_229_b_1,,T10_229,T10,229,2,b,1,train
T10_d03_229_a_1,,T10_229,T10,229,3,a,1,train
T10_d03_229_b_1,,T10_229,T10,229,3,b,1,train
T10_d04_229_a_1,,T10_229,T10,229,4,a,1,train
T10_d04_229_b_1,,T10_229,T10,229,4,b,1,train
T10_d05_229_a_1,,T10_229,T10,229,5,a,1,train
T10_d05_229_b_1,,T10_229,T10,229,5,b,1,train
T10_d06_229_a_1,,T10_229,T10,229,6,a,1,train
T10_d06_229_b_1,,T10_229,T10,229,6,b,1,train
T10_d07_229_a_1,,T10_229,T10,229,7,a,1,train
T10_d07_229_b_1,,T10_229,T10,229,7,b,1,train
T10_d08_229_a_1,,T10_229,T10,229,8,a,1,train
T10_d08_229_b_1,,T10_229,T10,229,8,b,1,train
T10_d09_229_a_2,,T10_229,T10,229,9,a,2,train
T10_d09_229_b_2,,T10_229,T10,229,9,b,2,train
T10_d10_229_a_2,,T10_229,T10,229,10,a,2,train
T10_d10_229_b_2,,T10_229,T10,229,10,b,2,train
T10_d11_229_a_3,,T10_229,T10,229,11,a,3,train
T10_d11_229_b_3,,T10_229,T10,229,11,b,3,train
T10_d12_229_a_3,,T10_229,T10,229,12,a,3,train
T10_d12_229_b_3,,T10_229,T10,229,12,b,3,train
T10_d13_229_a_3,,T10_229,T10,229,13,a,3,train
T10_d13_229_b_3,,T10_229,T10,229,13,b,3,train
T10_d14_229_a_3,,T10_229,T10,229,14,a,3,train
T10_d14_229_b_3,,T10_229,T10,229,14,b,3,train
T10_d15_229_a_3,,T10_229,T10,229,15,a,3,train
T10_d15_229_b_3,,T10_229,T10,229,15,b,3,train
T10_d16_229_a_3,,T10_229,T10,229,16,a,3,train
T10_d16_229_b_3,,T10_229,T10,229,16,b,3,train
T10_d17_229_a_4,,T10_229,T10,229,17,a,4,train
T10_d17_229_b_4,,T10_229,T10,229,17,b,4,train
T10_d18_229_a_4,,T10_229,T10,229,18,a,4,train
T10_d18_229_b_4,,T10_229,T10,229,18,b,4,train
T10_d19_229_a_4,,T10_229,T10,229,19,a,4,train
T10_d19_229_b_4,,T10_229,T10,229,19,b,4,train
T10_d20_229_a_4,,T10_229,T10,229,20,a,4,train
T10_d20_229_b_4,,T10_229,T10,229,20,b,4,train
T10_d21_229_a_5,,T10_229,T10,229,21,a,5,train
T10_d21_229_b_5,,T10_229,T10,229,21,b,5,train
T10_d22_229_a_5,,T10_229,T10,229,22,a,5,train
T10_d22_229_b_5,,T10_229,T10,229,22,b,5,train
T10_d23_229_a_5,,T10_229,T10,229,23,a,5,train
T10_d23_229_b_5,,T10_229,T10,229,23,b,5,train
T10_d24_229_a_5,,T10_229,T10,229,24,a,5,train
T10_d24_229_b_5,,T10_229,T10,229,24,b,5,train
T10_d25_229_a_5,,T10_229,T10,229,25,a,5,train
T10_d25_229_b_5,,T10_229,T10,229,25,b,5,train
T10_d26_229_a_5,,T10_229,T10,229,26,a,5,train
T10_d26_229_b_5,,T10_229,T10,229,26,b,5,train
T10_d01_233_a_1,,T10_233,T10,233,1,a,1,train
T10_d01_233_b_1,,T10_233,T10,233,1,b,1,train
T10_d02_233_a_1,,T10_233,T10,233,2,a,1,train
T10_d02_233_b_1,,T10_233,T10,233,2,b,1,train
T10_d03_233_a_1,,T10_233,T10,233,3,a,1,train
T10_d03_233_b_1,,T10_233,T10,233,3,b,1,train
T10_d04_233_a_1,,T10_233,T10,233,4,a,1,train
T10_d04_233_b_1,,T10_233,T10,233,4,b,1,train
T10_d05_233_a_2,,T10_233,T10,233,5,a,2,train
T10_d05_233_b_2,,T10_233,T10,233,5,b,2,train
T10_d06_233_a_2,,T10_233,T10,233,6,a,2,train
T10_d06_233_b_2,,T10_233,T10,233,6,b,2,train
T10_d07_233_a_2,,T10_233,T10,233,7,a,2,train
T10_d07_233_b_2,,T10_233,T10,233,7,b,2,train
T10_d08_233_a_2,,T10_233,T10,233,8,a,2,train
T10_d08_233_b_2,,T10_233,T10,233,8,b,2,train
T10_d09_233_a_3,,T10_233,T10,233,9,a,3,train
T10_d09_233_b_3,,T10_233,T10,233,9,b,3,train
T10_d10_233_a_3,,T10_233,T10,233,10,a,3,train
T10_d10_233_b_3,,T10_233,T10,233,10,b,3,train
T10_d11_233_a_3,,T10_233,T10,233,11,a,3,train
T10_d11_233_b_3,,T10_233,T10,233,11,b,3,train
T10_d12_233_a_3,,T10_233,T10,233,12,a,3,train
T10_d12_233_b_3,,T10_233,T10,233,12,b,3,train
T10_d13_233_a_3,,T10_233,T10,233,13,a,3,train
T10_d13_233_b_3,,T10_233,T10,233,13,b,3,train
T10_d14_233_a_3,,T10_233,T10,233,14,a,3,train
T10_d14_233_b_3,,T10_233,T10,233,14,b,3,train
T10_d15_233_a_3,,T10_233,T10,233,15,a,3,train
T10_d15_233_b_3,,T10_233,T10,233,15,b,3,train
T10_d16_233_a_3,,T10_233,T10,233,16,a,3,train
T10_d16_233_b_3,,T10_233,T10,233,16,b,3,train
T10_d17_233_a_4,,T10_233,T10,233,17,a,4,train
T10_d17_233_b_4,,T10_233,T10,233,17,b,4,train
T10_d18_233_a_4,,T10_233,T10,233,18,a,4,train
T10_d18_233_b_4,,T10_233,T10,233,18,b,4,train
T10_d19_233_a_5,,T10_233,T10,233,19,a,5,train
T10_d19_233_b_5,,T10_233,T10,233,19,b,5,train
T10_d20_233_a_5,,T10_233,T10,233,20,a,5,train
T10_d20_233_b_5,,T10_233,T10,233,20,b,5,train
T10_d21_233_a_5,,T10_233,T10,233,21,a,5,train
T10_d21_233_b_5,,T10_233,T10,233,21,b,5,train
T10_d22_233_a_5,,T10_233,T10,233,22,a,5,train
T10_d22_233_b_5,,T10_233,T10,233,22,b,5,train
T10_d23_233_a_5,,T10_233,T10,233,23,a,5,train
T10_d23_233_b_5,,T10_233,T10,233,23,b,5,train
T10_d24_233_a_5,,T10_233,T10,233,24,a,5,train
T10_d24_233_b_5,,T10_233,T10,233,24,b,5,train
T10_d25_233_a_5,,T10_233,T10,233,25,a,5,train
T10_d25_233_b_5,,T10_233,T10,233,25,b,5,train
T10_d26_233_a_5,,T10_233,T10,233,26,a,5,train
T10_d26_233_b_5,,T10_233,T10,233,26,b,5,train
T10_d01_234_a_1,,T10_234,T10,234,1,a,1,train
T10_d01_234_b_1,,T10_234,T10,234,1,b,1,train
T10_d02_234_a_1,,T10_234,T10,234,2,a,1,train
T10_d02_234_b_1,,T10_234,T10,234,2,b,1,train
T10_d03_234_a_1,,T10_234,T10,234,3,a,1,train
T10_d03_234_b_1,,T10_234,T10,234,3,b,1,train
T10_d04_234_a_1,,T10_234,T10,234,4,a,1,train
T10_d04_234_b_1,,T10_234,T10,234,4,b,1,train
T10_d05_234_a_1,,T10_234,T10,234,5,a,1,train
T10_d05_234_b_1,,T10_234,T10,234,5,b,1,train
T10_d06_234_a_1,,T10_234,T10,234,6,a,1,train
T10_d06_234_b_1,,T10_234,T10,234,6,b,1,train
T10_d07_234_a_1,,T10_234,T10,234,7,a,1,train
T10_d07_234_b_1,,T10_234,T10,234,7,b,1,train
T10_d08_234_a_2,,T10_234,T10,234,8,a,2,train
T10_d08_234_b_2,,T10_234,T10,234,8,b,2,train
T10_d09_234_a_2,,T10_234,T10,234,9,a,2,train
T10_d09_234_b_2,,T10_234,T10,234,9,b,2,train
T10_d10_234_a_3,,T10_234,T10,234,10,a,3,train
T10_d10_234_b_3,,T10_234,T10,234,10,b,3,train
T10_d11_234_a_3,,T10_234,T10,234,11,a,3,train
T10_d11_234_b_3,,T10_234,T10,234,11,b,3,train
T10_d12_234_a_3,,T10_234,T10,234,12,a,3,train
T10_d12_234_b_3,,T10_234,T10,234,12,b,3,train
T10_d13_234_a_4,,T10_234,T10,234,13,a,4,train
T10_d13_234_b_4,,T10_234,T10,234,13,b,4,train
T10_d14_234_a_4,,T10_234,T10,234,14,a,4,train
T10_d14_234_b_4,,T10_234,T10,234,14,b,4,train
T10_d15_234_a_4,,T10_234,T10,234,15,a,4,train
T10_d15_234_b_4,,T10_234,T10,234,15,b,4,train
T10_d16_234_a_4,,T10_234,T10,234,16,a,4,train
T10_d16_234_b_4,,T10_234,T10,234,16,b,4,train
T10_d17_234_a_4,,T10_234,T10,234,17,a,4,train
T10_d17_234_b_4,,T10_234,T10,234,17,b,4,train
T10_d18_234_a_4,,T10_234,T10,234,18,a,4,train
T10_d18_234_b_4,,T10_234,T10,234,18,b,4,train
T10_d19_234_a_4,,T10_234,T10,234,19,a,4,train
T10_d19_234_b_4,,T10_234,T10,234,19,b,4,train
T10_d20_234_a_4,,T10_234,T10,234,20,a,4,train
T10_d20_234_b_4,,T10_234,T10,234,20,b,4,train
T10_d21_234_a_4,,T10_234,T10,234,21,a,4,train
T10_d21_234_b_4,,T10_234,T10,234,21,b,4,train
T10_d22_234_a_4,,T10_234,T10,234,22,a,4,train
T10_d22_234_b_4,,T10_234,T10,234,22,b,4,train
T10_d23_234_a_5,,T10_234,T10,234,23,a,5,train
T10_d23_234_b_5,,T10_234,T10,234,23,b,5,train
T10_d24_234_a_5,,T10_234,T10,234,24,a,5,train
T10_d24_234_b_5,,T10_234,T10,234,24,b,5,train
T10_d25_234_a_5,,T10_234,T10,234,25,a,5,train
T10_d25_234_b_5,,T10_234,T10,234,25,b,5,train
T10_d26_234_a_5,,T10_234,T10,234,26,a,5,train
T10_d26_234_b_5,,T10_234,T10,234,26,b,5,train
T10_d01_236_a_1,,T10_236,T10,236,1,a,1,train
T10_d01_236_b_1,,T10_236,T10,236,1,b,1,train
T10_d02_236_a_1,,T10_236,T10,236,2,a,1,train
T10_d02_236_b_1,,T10_236,T10,236,2,b,1,train
T10_d03_236_a_1,,T10_236,T10,236,3,a,1,train
T10_d03_236_b_1,,T10_236,T10,236,3,b,1,train
T10_d04_236_a_1,,T10_236,T10,236,4,a,1,train
T10_d04_236_b_1,,T10_236,T10,236,4,b,1,train
T10_d05_236_a_1,,T10_236,T10,236,5,a,1,train
T10_d05_236_b_1,,T10_236,T10,236,5,b,1,train
T10_d06_236_a_1,,T10_236,T10,236,6,a,1,train
T10_d06_236_b_1,,T10_236,T10,236,6,b,1,train
T10_d07_236_a_1,,T10_236,T10,236,7,a,1,train
T10_d07_236_b_1,,T10_236,T10,236,7,b,1,train
T10_d08_236_a_1,,T10_236,T10,236,8,a,1,train
T10_d08_236_b_1,,T10_236,T10,236,8,b,1,train
T10_d09_236_a_2,,T10_236,T10,236,9,a,2,train
T10_d09_236_b_2,,T10_236,T10,236,9,b,2,train
T10_d10_236_a_2,,T10_236,T10,236,10,a,2,train
T10_d10_236_b_2,,T10_236,T10,236,10,b,2,train
T10_d11_236_a_2,,T10_236,T10,236,11,a,2,train
T10_d11_236_b_2,,T10_236,T10,236,11,b,2,train
T10_d12_236_a_2,,T10_236,T10,236,12,a,2,train
T10_d12_236_b_2,,T10_236,T10,236,12,b,2,train
T10_d13_236_a_2,,T10_236,T10,236,13,a,2,train
T10_d13_236_b_2,,T10_236,T10,236,13,b,2,train
T10_d14_236_a_3,,T10_236,T10,236,14,a,3,train
T10_d14_236_b_3,,T10_236,T10,236,14,b,3,train
T10_d15_236_a_3,,T10_236,T10,236,15,a,3,train
T10_d15_236_b_3,,T10_236,T10,236,15,b,3,train
T10_d16_236_a_3,,T10_236,T10,236,16,a,3,train
T10_d16_236_b_3,,T10_236,T10,236,16,b,3,train
T10_d17_236_a_3,,T10_236,T10,236,17,a,3,train
T10_d17_236_b_3,,T10_236,T10,236,17,b,3,train
T10_d18_236_a_3,,T10_236,T10,236,18,a,3,train
T10_d18_236_b_3,,T10_236,T10,236,18,b,3,train
T10_d19_236_a_4,,T10_236,T10,236,19,a,4,train
T10_d19_236_b_4,,T10_236,T10,236,19,b,4,train
T10_d20_236_a_4,,T10_236,T10,236,20,a,4,train
T10_d20_236_b_4,,T10_236,T10,236,20,b,4,train
T10_d21_236_a_5,,T10_236,T10,236,21,a,5,train
T10_d21_236_b_5,,T10_236,T10,236,21,b,5,train
T10_d22_236_a_5,,T10_236,T10,236,22,a,5,train
T10_d22_236_b_5,,T10_236,T10,236,22,b,5,train
T10_d23_236_a_5,,T10_236,T10,236,23,a,5,train
T10_d23_236_b_5,,T10_236,T10,236,23,b,5,train
T10_d24_236_a_5,,T10_236,T10,236,24,a,5,train
T10_d24_236_b_5,,T10_236,T10,236,24,b,5,train
T10_d25_236_a_5,,T10_236,T10,236,25,a,5,train
T10_d25_236_b_5,,T10_236,T10,236,25,b,5,train
T10_d26_236_a_5,,T10_236,T10,236,26,a,5,train
T10_d26_236_b_5,,T10_236,T10,236,26,b,5,train
T10_d01_237_a_1,,T10_237,T10,237,1,a,1,train
T10_d01_237_b_1,,T10_237,T10,237,1,b,1,train
T10_d02_237_a_1,,T10_237,T10,237,2,a,1,train
T10_d02_237_b_1,,T10_237,T10,237,2,b,1,train
T10_d03_237_a_1,,T10_237,T10,237,3,a,1,train
T10_d03_237_b_1,,T10_237,T10,237,3,b,1,train
T10_d04_237_a_1,,T10_237,T10,237,4,a,1,train
T10_d04_237_b_1,,T10_237,T10,237,4,b,1,train
T10_d05_237_a_2,,T10_237,T10,237,5,a,2,train
T10_d05_237_b_2,,T10_237,T10,237,5,b,2,train
T10_d06_237_a_2,,T10_237,T10,237,6,a,2,train
T10_d06_237_b_2,,T10_237,T10,237,6,b,2,train
T10_d07_237_a_2,,T10_237,T10,237,7,a,2,train
T10_d07_237_b_2,,T10_237,T10,237,7,b,2,train
T10_d08_237_a_2,,T10_237,T10,237,8,a,2,train
T10_d08_237_b_2,,T10_237,T10,237,8,b,2,train
T10_d09_237_a_2,,T10_237,T10,237,9,a,2,train
T10_d09_237_b_2,,T10_237,T10,237,9,b,2,train
T10_d10_237_a_3,,T10_237,T10,237,10,a,3,train
T10_d10_237_b_3,,T10_237,T10,237,10,b,3,train
T10_d11_237_a_3,,T10_237,T10,237,11,a,3,train
T10_d11_237_b_3,,T10_237,T10,237,11,b,3,train
T10_d12_237_a_3,,T10_237,T10,237,12,a,3,train
T10_d12_237_b_3,,T10_237,T10,237,12,b,3,train
T10_d13_237_a_3,,T10_237,T10,237,13,a,3,train
T10_d13_237_b_3,,T10_237,T10,237,13,b,3,train
T10_d14_237_a_3,,T10_237,T10,237,14,a,3,train
T10_d14_237_b_3,,T10_237,T10,237,14,b,3,train
T10_d15_237_a_3,,T10_237,T10,237,15,a,3,train
T10_d15_237_b_3,,T10_237,T10,237,15,b,3,train
T10_d16_237_a_3,,T10_237,T10,237,16,a,3,train
T10_d16_237_b_3,,T10_237,T10,237,16,b,3,train
T10_d17_237_a_4,,T10_237,T10,237,17,a,4,train
T10_d17_237_b_4,,T10_237,T10,237,17,b,4,train
T10_d18_237_a_4,,T10_237,T10,237,18,a,4,train
T10_d18_237_b_4,,T10_237,T10,237,18,b,4,train
T10_d19_237_a_5,,T10_237,T10,237,19,a,5,train
T10_d19_237_b_5,,T10_237,T10,237,19,b,5,train
T10_d20_237_a_5,,T10_237,T10,237,20,a,5,train
T10_d20_237_b_5,,T10_237,T10,237,20,b,5,train
T10_d21_237_a_5,,T10_237,T10,237,21,a,5,train
T10_d21_237_b_5,,T10_237,T10,237,21,b,5,train
T10_d22_237_a_5,,T10_237,T10,237,22,a,5,train
T10_d22_237_b_5,,T10_237,T10,237,22,b,5,train
T10_d23_237_a_5,,T10_237,T10,237,23,a,5,train
T10_d23_237_b_5,,T10_237,T10,237,23,b,5,train
T10_d24_237_a_5,,T10_237,T10,237,24,a,5,train
T10_d24_237_b_5,,T10_237,T10,237,24,b,5,train
T10_d25_237_a_5,,T10_237,T10,237,25,a,5,train
T10_d25_237_b_5,,T10_237,T10,237,25,b,5,train
T10_d26_237_a_5,,T10_237,T10,237,26,a,5,train
T10_d26_237_b_5,,T10_237,T10,237,26,b,5,train
T10_d01_243_a_1,,T10_243,T10,243,1,a,1,train
T10_d01_243_b_1,,T10_243,T10,243,1,b,1,train
T10_d02_243_a_1,,T10_243,T10,243,2,a,1,train
T10_d02_243_b_1,,T10_243,T10,243,2,b,1,train
T10_d03_243_a_1,,T10_243,T10,243,3,a,1,train
T10_d03_243_b_1,,T10_243,T10,243,3,b,1,train
T10_d04_243_a_1,,T10_243,T10,243,4,a,1,train
T10_d04_243_b_1,,T10_243,T10,243,4,b,1,train
T10_d05_243_a_1,,T10_243,T10,243,5,a,1,train
T10_d05_243_b_1,,T10_243,T10,243,5,b,1,train
T10_d06_243_a_1,,T10_243,T10,243,6,a,1,train
T10_d06_243_b_1,,T10_243,T10,243,6,b,1,train
T10_d07_243_a_1,,T10_243,T10,243,7,a,1,train
T10_d07_243_b_1,,T10_243,T10,243,7,b,1,train
T10_d08_243_a_1,,T10_243,T10,243,8,a,1,train
T10_d08_243_b_1,,T10_243,T10,243,8,b,1,train
T10_d09_243_a_2,,T10_243,T10,243,9,a,2,train
T10_d09_243_b_2,,T10_243,T10,243,9,b,2,train
T10_d10_243_a_2,,T10_243,T10,243,10,a,2,train
T10_d10_243_b_2,,T10_243,T10,243,10,b,2,train
T10_d11_243_a_2,,T10_243,T10,243,11,a,2,train
T10_d11_243_b_2,,T10_243,T10,243,11,b,2,train
T10_d12_243_a_2,,T10_243,T10,243,12,a,2,train
T10_d12_243_b_2,,T10_243,T10,243,12,b,2,train
T10_d13_243_a_3,,T10_243,T10,243,13,a,3,train
T10_d13_243_b_3,,T10_243,T10,243,13,b,3,train
T10_d14_243_a_3,,T10_243,T10,243,14,a,3,train
T10_d14_243_b_3,,T10_243,T10,243,14,b,3,train
T10_d15_243_a_3,,T10_243,T10,243,15,a,3,train
T10_d15_243_b_3,,T10_243,T10,243,15,b,3,train
T10_d16_243_a_3,,T10_243,T10,243,16,a,3,train
T10_d16_243_b_3,,T10_243,T10,243,16,b,3,train
T10_d17_243_a_4,,T10_243,T10,243,17,a,4,train
T10_d17_243_b_4,,T10_243,T10,243,17,b,4,train
T10_d18_243_a_4,,T10_243,T10,243,18,a,4,train
T10_d18_243_b_4,,T10_243,T10,243,18,b,4,train
T10_d19_243_a_4,,T10_243,T10,243,19,a,4,train
T10_d19_243_b_4,,T10_243,T10,243,19,b,4,train
T10_d20_243_a_4,,T10_243,T10,243,20,a,4,train
T10_d20_243_b_4,,T10_243,T10,243,20,b,4,train
T10_d21_243_a_5,,T10_243,T10,243,21,a,5,train
T10_d21_243_b_5,,T10_243,T10,243,21,b,5,train
T10_d22_243_a_5,,T10_243,T10,243,22,a,5,train
T10_d22_243_b_5,,T10_243,T10,243,22,b,5,train
T10_d23_243_a_5,,T10_243,T10,243,23,a,5,train
T10_d23_243_b_5,,T10_243,T10,243,23,b,5,train
T10_d24_243_a_5,,T10_243,T10,243,24,a,5,train
T10_d24_243_b_5,,T10_243,T10,243,24,b,5,train
T10_d25_243_a_5,,T10_243,T10,243,25,a,5,train
T10_d25_243_b_5,,T10_243,T10,243,25,b,5,train
T10_d26_243_a_5,,T10_243,T10,243,26,a,5,train
T10_d26_243_b_5,,T10_243,T10,243,26,b,5,train
T10_d01_250_a_1,,T10_250,T10,250,1,a,1,train
T10_d01_250_b_1,,T10_250,T10,250,1,b,1,train
T10_d02_250_a_1,,T10_250,T10,250,2,a,1,train
T10_d02_250_b_1,,T10_250,T10,250,2,b,1,train
T10_d03_250_a_1,,T10_250,T10,250,3,a,1,train
T10_d03_250_b_1,,T10_250,T10,250,3,b,1,train
T10_d04_250_a_1,,T10_250,T10,250,4,a,1,train
T10_d04_250_b_1,,T10_250,T10,250,4,b,1,train
T10_d05_250_a_1,,T10_250,T10,250,5,a,1,train
T10_d05_250_b_1,,T10_250,T10,250,5,b,1,train
T10_d06_250_a_1,,T10_250,T10,250,6,a,1,train
T10_d06_250_b_1,,T10_250,T10,250,6,b,1,train
T10_d07_250_a_1,,T10_250,T10,250,7,a,1,train
T10_d07_250_b_1,,T10_250,T10,250,7,b,1,train
T10_d08_250_a_2,,T10_250,T10,250,8,a,2,train
T10_d08_250_b_2,,T10_250,T10,250,8,b,2,train
T10_d09_250_a_2,,T10_250,T10,250,9,a,2,train
T10_d09_250_b_2,,T10_250,T10,250,9,b,2,train
T10_d10_250_a_3,,T10_250,T10,250,10,a,3,train
T10_d10_250_b_3,,T10_250,T10,250,10,b,3,train
T10_d11_250_a_3,,T10_250,T10,250,11,a,3,train
T10_d11_250_b_3,,T10_250,T10,250,11,b,3,train
T10_d12_250_a_3,,T10_250,T10,250,12,a,3,train
T10_d12_250_b_3,,T10_250,T10,250,12,b,3,train
T10_d13_250_a_3,,T10_250,T10,250,13,a,3,train
T10_d13_250_b_3,,T10_250,T10,250,13,b,3,train
T10_d14_250_a_3,,T10_250,T10,250,14,a,3,train
T10_d14_250_b_3,,T10_250,T10,250,14,b,3,train
T10_d15_250_a_3,,T10_250,T10,250,15,a,3,train
T10_d15_250_b_3,,T10_250,T10,250,15,b,3,train
T10_d16_250_a_3,,T10_250,T10,250,16,a,3,train
T10_d16_250_b_3,,T10_250,T10,250,16,b,3,train
T10_d17_250_a_4,,T10_250,T10,250,17,a,4,train
T10_d17_250_b_4,,T10_250,T10,250,17,b,4,train
T10_d18_250_a_4,,T10_250,T10,250,18,a,4,train
T10_d18_250_b_4,,T10_250,T10,250,18,b,4,train
T10_d19_250_a_4,,T10_250,T10,250,19,a,4,train
T10_d19_250_b_4,,T10_250,T10,250,19,b,4,train
T10_d20_250_a_4,,T10_250,T10,250,20,a,4,train
T10_d20_250_b_4,,T10_250,T10,250,20,b,4,train
T10_d21_250_a_5,,T10_250,T10,250,21,a,5,train
T10_d21_250_b_5,,T10_250,T10,250,21,b,5,train
T10_d22_250_a_5,,T10_250,T10,250,22,a,5,train
T10_d22_250_b_5,,T10_250,T10,250,22,b,5,train
T10_d23_250_a_5,,T10_250,T10,250,23,a,5,train
T10_d23_250_b_5,,T10_250,T10,250,23,b,5,train
T10_d24_250_a_5,,T10_250,T10,250,24,a,5,train
T10_d24_250_b_5,,T10_250,T10,250,24,b,5,train
T10_d25_250_a_5,,T10_250,T10,250,25,a,5,train
T10_d25_250_b_5,,T10_250,T10,250,25,b,5,train
T10_d26_250_a_5,,T10_250,T10,250,26,a,5,train
T10_d26_250_b_5,,T10_250,T10,250,26,b,5,train
T10_d01_252_a_1,,T10_252,T10,252,1,a,1,train
T10_d01_252_b_1,,T10_252,T10,252,1,b,1,train
T10_d02_252_a_1,,T10_252,T10,252,2,a,1,train
T10_d02_252_b_1,,T10_252,T10,252,2,b,1,train
T10_d03_252_a_1,,T10_252,T10,252,3,a,1,train
T10_d03_252_b_1,,T10_252,T10,252,3,b,1,train
T10_d04_252_a_1,,T10_252,T10,252,4,a,1,train
T10_d04_252_b_1,,T10_252,T10,252,4,b,1,train
T10_d05_252_a_1,,T10_252,T10,252,5,a,1,train
T10_d05_252_b_1,,T10_252,T10,252,5,b,1,train
T10_d06_252_a_1,,T10_252,T10,252,6,a,1,train
T10_d06_252_b_1,,T10_252,T10,252,6,b,1,train
T10_d07_252_a_1,,T10_252,T10,252,7,a,1,train
T10_d07_252_b_1,,T10_252,T10,252,7,b,1,train
T10_d08_252_a_1,,T10_252,T10,252,8,a,1,train
T10_d08_252_b_1,,T10_252,T10,252,8,b,1,train
T10_d09_252_a_2,,T10_252,T10,252,9,a,2,train
T10_d09_252_b_2,,T10_252,T10,252,9,b,2,train
T10_d10_252_a_2,,T10_252,T10,252,10,a,2,train
T10_d10_252_b_2,,T10_252,T10,252,10,b,2,train
T10_d11_252_a_2,,T10_252,T10,252,11,a,2,train
T10_d11_252_b_2,,T10_252,T10,252,11,b,2,train
T10_d12_252_a_2,,T10_252,T10,252,12,a,2,train
T10_d12_252_b_2,,T10_252,T10,252,12,b,2,train
T10_d13_252_a_2,,T10_252,T10,252,13,a,2,train
T10_d13_252_b_2,,T10_252,T10,252,13,b,2,train
T10_d14_252_a_3,,T10_252,T10,252,14,a,3,train
T10_d14_252_b_3,,T10_252,T10,252,14,b,3,train
T10_d15_252_a_3,,T10_252,T10,252,15,a,3,train
T10_d15_252_b_3,,T10_252,T10,252,15,b,3,train
T10_d16_252_a_3,,T10_252,T10,252,16,a,3,train
T10_d16_252_b_3,,T10_252,T10,252,16,b,3,train
T10_d17_252_a_3,,T10_252,T10,252,17,a,3,train
T10_d17_252_b_3,,T10_252,T10,252,17,b,3,train
T10_d18_252_a_4,,T10_252,T10,252,18,a,4,train
T10_d18_252_b_4,,T10_252,T10,252,18,b,4,train
T10_d19_252_a_4,,T10_252,T10,252,19,a,4,train
T10_d19_252_b_4,,T10_252,T10,252,19,b,4,train
T10_d20_252_a_4,,T10_252,T10,252,20,a,4,train
T10_d20_252_b_4,,T10_252,T10,252,20,b,4,train
T10_d21_252_a_5,,T10_252,T10,252,21,a,5,train
T10_d21_252_b_5,,T10_252,T10,252,21,b,5,train
T10_d22_252_a_5,,T10_252,T10,252,22,a,5,train
T10_d22_252_b_5,,T10_252,T10,252,22,b,5,train
T10_d23_252_a_5,,T10_252,T10,252,23,a,5,train
T10_d23_252_b_5,,T10_252,T10,252,23,b,5,train
T10_d01_253_a_1,,T10_253,T10,253,1,a,1,train
T10_d01_253_b_1,,T10_253,T10,253,1,b,1,train
T10_d02_253_a_1,,T10_253,T10,253,2,a,1,train
T10_d02_253_b_1,,T10_253,T10,253,2,b,1,train
T10_d03_253_a_1,,T10_253,T10,253,3,a,1,train
T10_d03_253_b_1,,T10_253,T10,253,3,b,1,train
T10_d04_253_a_1,,T10_253,T10,253,4,a,1,train
T10_d04_253_b_1,,T10_253,T10,253,4,b,1,train
T10_d05_253_a_2,,T10_253,T10,253,5,a,2,train
T10_d05_253_b_2,,T10_253,T10,253,5,b,2,train
T10_d06_253_a_2,,T10_253,T10,253,6,a,2,train
T10_d06_253_b_2,,T10_253,T10,253,6,b,2,train
T10_d07_253_a_2,,T10_253,T10,253,7,a,2,train
T10_d07_253_b_2,,T10_253,T10,253,7,b,2,train
T10_d08_253_a_2,,T10_253,T10,253,8,a,2,train
T10_d08_253_b_2,,T10_253,T10,253,8,b,2,train
T10_d09_253_a_2,,T10_253,T10,253,9,a,2,train
T10_d09_253_b_2,,T10_253,T10,253,9,b,2,train
T10_d10_253_a_3,,T10_253,T10,253,10,a,3,train
T10_d10_253_b_3,,T10_253,T10,253,10,b,3,train
T10_d11_253_a_3,,T10_253,T10,253,11,a,3,train
T10_d11_253_b_3,,T10_253,T10,253,11,b,3,train
T10_d12_253_a_3,,T10_253,T10,253,12,a,3,train
T10_d12_253_b_3,,T10_253,T10,253,12,b,3,train
T10_d13_253_a_3,,T10_253,T10,253,13,a,3,train
T10_d13_253_b_3,,T10_253,T10,253,13,b,3,train
T10_d14_253_a_3,,T10_253,T10,253,14,a,3,train
T10_d14_253_b_3,,T10_253,T10,253,14,b,3,train
T10_d15_253_a_3,,T10_253,T10,253,15,a,3,train
T10_d15_253_b_3,,T10_253,T10,253,15,b,3,train
T10_d16_253_a_3,,T10_253,T10,253,16,a,3,train
T10_d16_253_b_3,,T10_253,T10,253,16,b,3,train
T10_d17_253_a_3,,T10_253,T10,253,17,a,3,train
T10_d17_253_b_3,,T10_253,T10,253,17,b,3,train
T10_d18_253_a_4,,T10_253,T10,253,18,a,4,train
T10_d18_253_b_4,,T10_253,T10,253,18,b,4,train
T10_d19_253_a_4,,T10_253,T10,253,19,a,4,train
T10_d19_253_b_4,,T10_253,T10,253,19,b,4,train
T10_d20_253_a_4,,T10_253,T10,253,20,a,4,train
T10_d20_253_b_4,,T10_253,T10,253,20,b,4,train
T10_d21_253_a_4,,T10_253,T10,253,21,a,4,train
T10_d21_253_b_4,,T10_253,T10,253,21,b,4,train
T10_d22_253_a_4,,T10_253,T10,253,22,a,4,train
T10_d22_253_b_4,,T10_253,T10,253,22,b,4,train
T10_d23_253_a_4,,T10_253,T10,253,23,a,4,train
T10_d23_253_b_4,,T10_253,T10,253,23,b,4,train
T10_d24_253_a_4,,T10_253,T10,253,24,a,4,train
T10_d24_253_b_4,,T10_253,T10,253,24,b,4,train
T10_d25_253_a_5,,T10_253,T10,253,25,a,5,train
T10_d25_253_b_5,,T10_253,T10,253,25,b,5,train
T10_d01_254_a_1,,T10_254,T10,254,1,a,1,train
T10_d01_254_b_1,,T10_254,T10,254,1,b,1,train
T10_d02_254_a_1,,T10_254,T10,254,2,a,1,train
T10_d02_254_b_1,,T10_254,T10,254,2,b,1,train
T10_d03_254_a_1,,T10_254,T10,254,3,a,1,train
T10_d03_254_b_1,,T10_254,T10,254,3,b,1,train
T10_d04_254_a_1,,T10_254,T10,254,4,a,1,train
T10_d04_254_b_1,,T10_254,T10,254,4,b,1,train
T10_d05_254_a_1,,T10_254,T10,254,5,a,1,train
T10_d05_254_b_1,,T10_254,T10,254,5,b,1,train
T10_d06_254_a_1,,T10_254,T10,254,6,a,1,train
T10_d06_254_b_1,,T10_254,T10,254,6,b,1,train
T10_d07_254_a_1,,T10_254,T10,254,7,a,1,train
T10_d07_254_b_1,,T10_254,T10,254,7,b,1,train
T10_d08_254_a_2,,T10_254,T10,254,8,a,2,train
T10_d08_254_b_2,,T10_254,T10,254,8,b,2,train
T10_d09_254_a_2,,T10_254,T10,254,9,a,2,train
T10_d09_254_b_2,,T10_254,T10,254,9,b,2,train
T10_d10_254_a_2,,T10_254,T10,254,10,a,2,train
T10_d10_254_b_2,,T10_254,T10,254,10,b,2,train
T10_d11_254_a_3,,T10_254,T10,254,11,a,3,train
T10_d11_254_b_3,,T10_254,T10,254,11,b,3,train
T10_d12_254_a_3,,T10_254,T10,254,12,a,3,train
T10_d12_254_b_3,,T10_254,T10,254,12,b,3,train
T10_d13_254_a_3,,T10_254,T10,254,13,a,3,train
T10_d13_254_b_3,,T10_254,T10,254,13,b,3,train
T10_d14_254_a_3,,T10_254,T10,254,14,a,3,train
T10_d14_254_b_3,,T10_254,T10,254,14,b,3,train
T10_d15_254_a_3,,T10_254,T10,254,15,a,3,train
T10_d15_254_b_3,,T10_254,T10,254,15,b,3,train
T10_d16_254_a_3,,T10_254,T10,254,16,a,3,train
T10_d16_254_b_3,,T10_254,T10,254,16,b,3,train
T10_d17_254_a_4,,T10_254,T10,254,17,a,4,train
T10_d17_254_b_4,,T10_254,T10,254,17,b,4,train
T10_d18_254_a_4,,T10_254,T10,254,18,a,4,train
T10_d18_254_b_4,,T10_254,T10,254,18,b,4,train
T10_d19_254_a_5,,T10_254,T10,254,19,a,5,train
T10_d19_254_b_5,,T10_254,T10,254,19,b,5,train
T10_d20_254_a_5,,T10_254,T10,254,20,a,5,train
T10_d20_254_b_5,,T10_254,T10,254,20,b,5,train
T10_d21_254_a_5,,T10_254,T10,254,21,a,5,train
T10_d21_254_b_5,,T10_254,T10,254,21,b,5,train
T10_d22_254_a_5,,T10_254,T10,254,22,a,5,train
T10_d22_254_b_5,,T10_254,T10,254,22,b,5,train
T10_d23_254_a_5,,T10_254,T10,254,23,a,5,train
T10_d23_254_b_5,,T10_254,T10,254,23,b,5,train
T10_d24_254_a_5,,T10_254,T10,254,24,a,5,train
T10_d24_254_b_5,,T10_254,T10,254,24,b,5,train
T10_d25_254_a_5,,T10_254,T10,254,25,a,5,train
T10_d25_254_b_5,,T10_254,T10,254,25,b,5,train
T10_d26_254_a_5,,T10_254,T10,254,26,a,5,train
T10_d26_254_b_5,,T10_254,T10,254,26,b,5,train
T10_d01_266_a_1,,T10_266,T10,266,1,a,1,train
T10_d01_266_b_1,,T10_266,T10,266,1,b,1,train
T10_d02_266_a_1,,T10_266,T10,266,2,a,1,train
T10_d02_266_b_1,,T10_266,T10,266,2,b,1,train
T10_d03_266_a_1,,T10_266,T10,266,3,a,1,train
T10_d03_266_b_1,,T10_266,T10,266,3,b,1,train
T10_d04_266_a_1,,T10_266,T10,266,4,a,1,train
T10_d04_266_b_1,,T10_266,T10,266,4,b,1,train
T10_d05_266_a_1,,T10_266,T10,266,5,a,1,train
T10_d05_266_b_1,,T10_266,T10,266,5,b,1,train
T10_d06_266_a_1,,T10_266,T10,266,6,a,1,train
T10_d06_266_b_1,,T10_266,T10,266,6,b,1,train
T10_d07_266_a_1,,T10_266,T10,266,7,a,1,train
T10_d07_266_b_1,,T10_266,T10,266,7,b,1,train
T10_d08_266_a_2,,T10_266,T10,266,8,a,2,train
T10_d08_266_b_2,,T10_266,T10,266,8,b,2,train
T10_d09_266_a_2,,T10_266,T10,266,9,a,2,train
T10_d09_266_b_2,,T10_266,T10,266,9,b,2,train
T10_d10_266_a_3,,T10_266,T10,266,10,a,3,train
T10_d10_266_b_3,,T10_266,T10,266,10,b,3,train
T10_d11_266_a_3,,T10_266,T10,266,11,a,3,train
T10_d11_266_b_3,,T10_266,T10,266,11,b,3,train
T10_d12_266_a_3,,T10_266,T10,266,12,a,3,train
T10_d12_266_b_3,,T10_266,T10,266,12,b,3,train
T10_d13_266_a_3,,T10_266,T10,266,13,a,3,train
T10_d13_266_b_3,,T10_266,T10,266,13,b,3,train
T10_d01_269_a_1,,T10_269,T10,269,1,a,1,train
T10_d01_269_b_1,,T10_269,T10,269,1,b,1,train
T10_d02_269_a_1,,T10_269,T10,269,2,a,1,train
T10_d02_269_b_1,,T10_269,T10,269,2,b,1,train
T10_d03_269_a_1,,T10_269,T10,269,3,a,1,train
T10_d03_269_b_1,,T10_269,T10,269,3,b,1,train
T10_d04_269_a_1,,T10_269,T10,269,4,a,1,train
T10_d04_269_b_1,,T10_269,T10,269,4,b,1,train
T10_d05_269_a_1,,T10_269,T10,269,5,a,1,train
T10_d05_269_b_1,,T10_269,T10,269,5,b,1,train
T10_d06_269_a_1,,T10_269,T10,269,6,a,1,train
T10_d06_269_b_1,,T10_269,T10,269,6,b,1,train
T10_d07_269_a_2,,T10_269,T10,269,7,a,2,train
T10_d07_269_b_2,,T10_269,T10,269,7,b,2,train
T10_d08_269_a_2,,T10_269,T10,269,8,a,2,train
T10_d08_269_b_2,,T10_269,T10,269,8,b,2,train
T10_d09_269_a_2,,T10_269,T10,269,9,a,2,train
T10_d09_269_b_2,,T10_269,T10,269,9,b,2,train
T10_d10_269_a_3,,T10_269,T10,269,10,a,3,train
T10_d10_269_b_3,,T10_269,T10,269,10,b,3,train
T10_d11_269_a_3,,T10_269,T10,269,11,a,3,train
T10_d11_269_b_3,,T10_269,T10,269,11,b,3,train
T10_d12_269_a_3,,T10_269,T10,269,12,a,3,train
T10_d12_269_b_3,,T10_269,T10,269,12,b,3,train
T10_d13_269_a_4,,T10_269,T10,269,13,a,4,train
T10_d13_269_b_4,,T10_269,T10,269,13,b,4,train
T10_d14_269_a_4,,T10_269,T10,269,14,a,4,train
T10_d14_269_b_4,,T10_269,T10,269,14,b,4,train
T10_d15_269_a_4,,T10_269,T10,269,15,a,4,train
T10_d15_269_b_4,,T10_269,T10,269,15,b,4,train
T10_d16_269_a_4,,T10_269,T10,269,16,a,4,train
T10_d16_269_b_4,,T10_269,T10,269,16,b,4,train
T10_d17_269_a_4,,T10_269,T10,269,17,a,4,train
T10_d17_269_b_4,,T10_269,T10,269,17,b,4,train
T10_d18_269_a_4,,T10_269,T10,269,18,a,4,train
T10_d18_269_b_4,,T10_269,T10,269,18,b,4,train
T10_d19_269_a_4,,T10_269,T10,269,19,a,4,train
T10_d19_269_b_4,,T10_269,T10,269,19,b,4,train
T10_d20_269_a_4,,T10_269,T10,269,20,a,4,train
T10_d20_269_b_4,,T10_269,T10,269,20,b,4,train
T10_d21_269_a_4,,T10_269,T10,269,21,a,4,train
T10_d21_269_b_4,,T10_269,T10,269,21,b,4,train
T10_d22_269_a_4,,T10_269,T10,269,22,a,4,train
T10_d22_269_b_4,,T10_269,T10,269,22,b,4,train
T10_d23_269_a_4,,T10_269,T10,269,23,a,4,train
T10_d23_269_b_4,,T10_269,T10,269,23,b,4,train
T10_d24_269_a_4,,T10_269,T10,269,24,a,4,train
T10_d24_269_b_4,,T10_269,T10,269,24,b,4,train
T10_d25_269_a_5,,T10_269,T10,269,25,a,5,train
T10_d25_269_b_5,,T10_269,T10,269,25,b,5,train
T10_d26_269_a_5,,T10_269,T10,269,26,a,5,train
T10_d26_269_b_5,,T10_269,T10,269,26,b,5,train
T10_d01_275_a_1,,T10_275,T10,275,1,a,1,train
T10_d01_275_b_1,,T10_275,T10,275,1,b,1,train
T10_d02_275_a_1,,T10_275,T10,275,2,a,1,train
T10_d02_275_b_1,,T10_275,T10,275,2,b,1,train
T10_d03_275_a_1,,T10_275,T10,275,3,a,1,train
T10_d03_275_b_1,,T10_275,T10,275,3,b,1,train
T10_d04_275_a_1,,T10_275,T10,275,4,a,1,train
T10_d04_275_b_1,,T10_275,T10,275,4,b,1,train
T10_d05_275_a_1,,T10_275,T10,275,5,a,1,train
T10_d05_275_b_1,,T10_275,T10,275,5,b,1,train
T10_d06_275_a_1,,T10_275,T10,275,6,a,1,train
T10_d06_275_b_1,,T10_275,T10,275,6,b,1,train
T10_d07_275_a_1,,T10_275,T10,275,7,a,1,train
T10_d07_275_b_1,,T10_275,T10,275,7,b,1,train
T10_d08_275_a_1,,T10_275,T10,275,8,a,1,train
T10_d08_275_b_1,,T10_275,T10,275,8,b,1,train
T10_d09_275_a_2,,T10_275,T10,275,9,a,2,train
T10_d09_275_b_2,,T10_275,T10,275,9,b,2,train
T10_d10_275_a_2,,T10_275,T10,275,10,a,2,train
T10_d10_275_b_2,,T10_275,T10,275,10,b,2,train
T10_d11_275_a_3,,T10_275,T10,275,11,a,3,train
T10_d11_275_b_3,,T10_275,T10,275,11,b,3,train
T10_d12_275_a_3,,T10_275,T10,275,12,a,3,train
T10_d12_275_b_3,,T10_275,T10,275,12,b,3,train
T10_d13_275_a_3,,T10_275,T10,275,13,a,3,train
T10_d13_275_b_3,,T10_275,T10,275,13,b,3,train
T10_d14_275_a_3,,T10_275,T10,275,14,a,3,train
T10_d14_275_b_3,,T10_275,T10,275,14,b,3,train
T10_d15_275_a_3,,T10_275,T10,275,15,a,3,train
T10_d15_275_b_3,,T10_275,T10,275,15,b,3,train
T10_d16_275_a_3,,T10_275,T10,275,16,a,3,train
T10_d16_275_b_3,,T10_275,T10,275,16,b,3,train
T10_d17_275_a_4,,T10_275,T10,275,17,a,4,train
T10_d17_275_b_4,,T10_275,T10,275,17,b,4,train
T10_d18_275_a_4,,T10_275,T10,275,18,a,4,train
T10_d18_275_b_4,,T10_275,T10,275,18,b,4,train
T10_d19_275_a_4,,T10_275,T10,275,19,a,4,train
T10_d19_275_b_4,,T10_275,T10,275,19,b,4,train
T10_d20_275_a_4,,T10_275,T10,275,20,a,4,train
T10_d20_275_b_4,,T10_275,T10,275,20,b,4,train
T10_d21_275_a_4,,T10_275,T10,275,21,a,4,train
T10_d21_275_b_4,,T10_275,T10,275,21,b,4,train
T10_d22_275_a_4,,T10_275,T10,275,22,a,4,train
T10_d22_275_b_4,,T10_275,T10,275,22,b,4,train
T10_d23_275_a_5,,T10_275,T10,275,23,a,5,train
T10_d23_275_b_5,,T10_275,T10,275,23,b,5,train
T10_d24_275_a_5,,T10_275,T10,275,24,a,5,train
T10_d24_275_b_5,,T10_275,T10,275,24,b,5,train
T10_d25_275_a_5,,T10_275,T10,275,25,a,5,train
T10_d25_275_b_5,,T10_275,T10,275,25,b,5,train
T10_d26_275_a_5,,T10_275,T10,275,26,a,5,train
T10_d26_275_b_5,,T10_275,T10,275,26,b,5,train
T10_d01_276_a_1,,T10_276,T10,276,1,a,1,train
T10_d01_276_b_1,,T10_276,T10,276,1,b,1,train
T10_d02_276_a_1,,T10_276,T10,276,2,a,1,train
T10_d02_276_b_1,,T10_276,T10,276,2,b,1,train
T10_d03_276_a_1,,T10_276,T10,276,3,a,1,train
T10_d03_276_b_1,,T10_276,T10,276,3,b,1,train
T10_d04_276_a_1,,T10_276,T10,276,4,a,1,train
T10_d04_276_b_1,,T10_276,T10,276,4,b,1,train
T10_d05_276_a_1,,T10_276,T10,276,5,a,1,train
T10_d05_276_b_1,,T10_276,T10,276,5,b,1,train
T10_d06_276_a_1,,T10_276,T10,276,6,a,1,train
T10_d06_276_b_1,,T10_276,T10,276,6,b,1,train
T10_d07_276_a_1,,T10_276,T10,276,7,a,1,train
T10_d07_276_b_1,,T10_276,T10,276,7,b,1,train
T10_d08_276_a_1,,T10_276,T10,276,8,a,1,train
T10_d08_276_b_1,,T10_276,T10,276,8,b,1,train
T10_d09_276_a_2,,T10_276,T10,276,9,a,2,train
T10_d09_276_b_2,,T10_276,T10,276,9,b,2,train
T10_d10_276_a_2,,T10_276,T10,276,10,a,2,train
T10_d10_276_b_2,,T10_276,T10,276,10,b,2,train
T10_d11_276_a_2,,T10_276,T10,276,11,a,2,train
T10_d11_276_b_2,,T10_276,T10,276,11,b,2,train
T10_d12_276_a_3,,T10_276,T10,276,12,a,3,train
T10_d12_276_b_3,,T10_276,T10,276,12,b,3,train
T10_d13_276_a_3,,T10_276,T10,276,13,a,3,train
T10_d13_276_b_3,,T10_276,T10,276,13,b,3,train
T10_d14_276_a_3,,T10_276,T10,276,14,a,3,train
T10_d14_276_b_3,,T10_276,T10,276,14,b,3,train
T10_d15_276_a_3,,T10_276,T10,276,15,a,3,train
T10_d15_276_b_3,,T10_276,T10,276,15,b,3,train
T10_d16_276_a_3,,T10_276,T10,276,16,a,3,train
T10_d16_276_b_3,,T10_276,T10,276,16,b,3,train
T10_d17_276_a_3,,T10_276,T10,276,17,a,3,train
T10_d17_276_b_3,,T10_276,T10,276,17,b,3,train
T10_d18_276_a_4,,T10_276,T10,276,18,a,4,train
T10_d18_276_b_4,,T10_276,T10,276,18,b,4,train
T10_d19_276_a_4,,T10_276,T10,276,19,a,4,train
T10_d19_276_b_4,,T10_276,T10,276,19,b,4,train
T10_d20_276_a_4,,T10_276,T10,276,20,a,4,train
T10_d20_276_b_4,,T10_276,T10,276,20,b,4,train
T10_d21_276_a_5,,T10_276,T10,276,21,a,5,train
T10_d21_276_b_5,,T10_276,T10,276,21,b,5,train
T10_d22_276_a_5,,T10_276,T10,276,22,a,5,train
T10_d22_276_b_5,,T10_276,T10,276,22,b,5,train
T10_d23_276_a_5,,T10_276,T10,276,23,a,5,train
T10_d23_276_b_5,,T10_276,T10,276,23,b,5,train
T10_d24_276_a_5,,T10_276,T10,276,24,a,5,train
T10_d24_276_b_5,,T10_276,T10,276,24,b,5,train
T10_d25_276_a_5,,T10_276,T10,276,25,a,5,train
T10_d25_276_b_5,,T10_276,T10,276,25,b,5,train
T10_d26_276_a_5,,T10_276,T10,276,26,a,5,train
T10_d26_276_b_5,,T10_276,T10,276,26,b,5,train
T10_d01_282_a_1,,T10_282,T10,282,1,a,1,train
T10_d01_282_b_1,,T10_282,T10,282,1,b,1,train
T10_d02_282_a_1,,T10_282,T10,282,2,a,1,train
T10_d02_282_b_1,,T10_282,T10,282,2,b,1,train
T10_d03_282_a_1,,T10_282,T10,282,3,a,1,train
T10_d03_282_b_1,,T10_282,T10,282,3,b,1,train
T10_d04_282_a_1,,T10_282,T10,282,4,a,1,train
T10_d04_282_b_1,,T10_282,T10,282,4,b,1,train
T10_d05_282_a_1,,T10_282,T10,282,5,a,1,train
T10_d05_282_b_1,,T10_282,T10,282,5,b,1,train
T10_d06_282_a_1,,T10_282,T10,282,6,a,1,train
T10_d06_282_b_1,,T10_282,T10,282,6,b,1,train
T10_d07_282_a_1,,T10_282,T10,282,7,a,1,train
T10_d07_282_b_1,,T10_282,T10,282,7,b,1,train
T10_d08_282_a_2,,T10_282,T10,282,8,a,2,train
T10_d08_282_b_2,,T10_282,T10,282,8,b,2,train
T10_d09_282_a_2,,T10_282,T10,282,9,a,2,train
T10_d09_282_b_2,,T10_282,T10,282,9,b,2,train
T10_d10_282_a_3,,T10_282,T10,282,10,a,3,train
T10_d10_282_b_3,,T10_282,T10,282,10,b,3,train
T10_d11_282_a_3,,T10_282,T10,282,11,a,3,train
T10_d11_282_b_3,,T10_282,T10,282,11,b,3,train
T10_d12_282_a_3,,T10_282,T10,282,12,a,3,train
T10_d12_282_b_3,,T10_282,T10,282,12,b,3,train
T10_d13_282_a_4,,T10_282,T10,282,13,a,4,train
T10_d13_282_b_4,,T10_282,T10,282,13,b,4,train
T10_d14_282_a_4,,T10_282,T10,282,14,a,4,train
T10_d14_282_b_4,,T10_282,T10,282,14,b,4,train
T10_d15_282_a_4,,T10_282,T10,282,15,a,4,train
T10_d15_282_b_4,,T10_282,T10,282,15,b,4,train
T10_d16_282_a_4,,T10_282,T10,282,16,a,4,train
T10_d16_282_b_4,,T10_282,T10,282,16,b,4,train
T10_d17_282_a_4,,T10_282,T10,282,17,a,4,train
T10_d17_282_b_4,,T10_282,T10,282,17,b,4,train
T10_d18_282_a_4,,T10_282,T10,282,18,a,4,train
T10_d18_282_b_4,,T10_282,T10,282,18,b,4,train
T10_d19_282_a_4,,T10_282,T10,282,19,a,4,train
T10_d19_282_b_4,,T10_282,T10,282,19,b,4,train
T10_d20_282_a_4,,T10_282,T10,282,20,a,4,train
T10_d20_282_b_4,,T10_282,T10,282,20,b,4,train
T10_d21_282_a_4,,T10_282,T10,282,21,a,4,train
T10_d21_282_b_4,,T10_282,T10,282,21,b,4,train
T10_d22_282_a_4,,T10_282,T10,282,22,a,4,train
T10_d22_282_b_4,,T10_282,T10,282,22,b,4,train
T10_d23_282_a_5,,T10_282,T10,282,23,a,5,train
T10_d23_282_b_5,,T10_282,T10,282,23,b,5,train
T10_d24_282_a_5,,T10_282,T10,282,24,a,5,train
T10_d24_282_b_5,,T10_282,T10,282,24,b,5,train
T10_d25_282_a_5,,T10_282,T10,282,25,a,5,train
T10_d25_282_b_5,,T10_282,T10,282,25,b,5,train
T10_d26_282_a_5,,T10_282,T10,282,26,a,5,train
T10_d26_282_b_5,,T10_282,T10,282,26,b,5,train
T10_d01_290_a_1,,T10_290,T10,290,1,a,1,train
T10_d01_290_b_1,,T10_290,T10,290,1,b,1,train
T10_d02_290_a_1,,T10_290,T10,290,2,a,1,train
T10_d02_290_b_1,,T10_290,T10,290,2,b,1,train
T10_d03_290_a_1,,T10_290,T10,290,3,a,1,train
T10_d03_290_b_1,,T10_290,T10,290,3,b,1,train
T10_d04_290_a_1,,T10_290,T10,290,4,a,1,train
T10_d04_290_b_1,,T10_290,T10,290,4,b,1,train
T10_d05_290_a_2,,T10_290,T10,290,5,a,2,train
T10_d05_290_b_2,,T10_290,T10,290,5,b,2,train
T10_d06_290_a_2,,T10_290,T10,290,6,a,2,train
T10_d06_290_b_2,,T10_290,T10,290,6,b,2,train
T10_d07_290_a_2,,T10_290,T10,290,7,a,2,train
T10_d07_290_b_2,,T10_290,T10,290,7,b,2,train
T10_d08_290_a_2,,T10_290,T10,290,8,a,2,train
T10_d08_290_b_2,,T10_290,T10,290,8,b,2,train
T10_d09_290_a_3,,T10_290,T10,290,9,a,3,train
T10_d09_290_b_3,,T10_290,T10,290,9,b,3,train
T10_d10_290_a_4,,T10_290,T10,290,10,a,4,train
T10_d10_290_b_4,,T10_290,T10,290,10,b,4,train
T10_d11_290_a_4,,T10_290,T10,290,11,a,4,train
T10_d11_290_b_4,,T10_290,T10,290,11,b,4,train
T10_d12_290_a_4,,T10_290,T10,290,12,a,4,train
T10_d12_290_b_4,,T10_290,T10,290,12,b,4,train
T10_d13_290_a_5,,T10_290,T10,290,13,a,5,train
T10_d13_290_b_5,,T10_290,T10,290,13,b,5,train
T10_d14_290_a_5,,T10_290,T10,290,14,a,5,train
T10_d14_290_b_5,,T10_290,T10,290,14,b,5,train
T10_d15_290_a_5,,T10_290,T10,290,15,a,5,train
T10_d15_290_b_5,,T10_290,T10,290,15,b,5,train
T10_d16_290_a_5,,T10_290,T10,290,16,a,5,train
T10_d16_290_b_5,,T10_290,T10,290,16,b,5,train
T10_d17_290_a_5,,T10_290,T10,290,17,a,5,train
T10_d17_290_b_5,,T10_290,T10,290,17,b,5,train
T10_d18_290_a_5,,T10_290,T10,290,18,a,5,train
T10_d18_290_b_5,,T10_290,T10,290,18,b,5,train
T10_d19_290_a_5,,T10_290,T10,290,19,a,5,train
T10_d19_290_b_5,,T10_290,T10,290,19,b,5,train
T10_d20_290_a_5,,T10_290,T10,290,20,a,5,train
T10_d20_290_b_5,,T10_290,T10,290,20,b,5,train
T10_d21_290_a_5,,T10_290,T10,290,21,a,5,train
T10_d21_290_b_5,,T10_290,T10,290,21,b,5,train
T10_d22_290_a_5,,T10_290,T10,290,22,a,5,train
T10_d22_290_b_5,,T10_290,T10,290,22,b,5,train
T10_d23_290_a_5,,T10_290,T10,290,23,a,5,train
T10_d23_290_b_5,,T10_290,T10,290,23,b,5,train
T10_d24_290_a_5,,T10_290,T10,290,24,a,5,train
T10_d24_290_b_5,,T10_290,T10,290,24,b,5,train
T10_d25_290_a_5,,T10_290,T10,290,25,a,5,train
T10_d25_290_b_5,,T10_290,T10,290,25,b,5,train
T10_d26_290_a_5,,T10_290,T10,290,26,a,5,train
T10_d26_290_b_5,,T10_290,T10,290,26,b,5,train
T10_d01_292_a_1,,T10_292,T10,292,1,a,1,train
T10_d01_292_b_1,,T10_292,T10,292,1,b,1,train
T10_d02_292_a_1,,T10_292,T10,292,2,a,1,train
T10_d02_292_b_1,,T10_292,T10,292,2,b,1,train
T10_d03_292_a_1,,T10_292,T10,292,3,a,1,train
T10_d03_292_b_1,,T10_292,T10,292,3,b,1,train
T10_d04_292_a_1,,T10_292,T10,292,4,a,1,train
T10_d04_292_b_1,,T10_292,T10,292,4,b,1,train
T10_d05_292_a_1,,T10_292,T10,292,5,a,1,train
T10_d05_292_b_1,,T10_292,T10,292,5,b,1,train
T10_d06_292_a_1,,T10_292,T10,292,6,a,1,train
T10_d06_292_b_1,,T10_292,T10,292,6,b,1,train
T10_d07_292_a_1,,T10_292,T10,292,7,a,1,train
T10_d07_292_b_1,,T10_292,T10,292,7,b,1,train
T10_d08_292_a_1,,T10_292,T10,292,8,a,1,train
T10_d08_292_b_1,,T10_292,T10,292,8,b,1,train
T10_d09_292_a_2,,T10_292,T10,292,9,a,2,train
T10_d09_292_b_2,,T10_292,T10,292,9,b,2,train
T10_d10_292_a_2,,T10_292,T10,292,10,a,2,train
T10_d10_292_b_2,,T10_292,T10,292,10,b,2,train
T10_d11_292_a_2,,T10_292,T10,292,11,a,2,train
T10_d11_292_b_2,,T10_292,T10,292,11,b,2,train
T10_d12_292_a_3,,T10_292,T10,292,12,a,3,train
T10_d12_292_b_3,,T10_292,T10,292,12,b,3,train
T10_d13_292_a_3,,T10_292,T10,292,13,a,3,train
T10_d13_292_b_3,,T10_292,T10,292,13,b,3,train
T10_d14_292_a_3,,T10_292,T10,292,14,a,3,train
T10_d14_292_b_3,,T10_292,T10,292,14,b,3,train
T10_d15_292_a_3,,T10_292,T10,292,15,a,3,train
T10_d15_292_b_3,,T10_292,T10,292,15,b,3,train
T10_d16_292_a_3,,T10_292,T10,292,16,a,3,train
T10_d16_292_b_3,,T10_292,T10,292,16,b,3,train
T10_d17_292_a_3,,T10_292,T10,292,17,a,3,train
T10_d17_292_b_3,,T10_292,T10,292,17,b,3,train
T10_d18_292_a_4,,T10_292,T10,292,18,a,4,train
T10_d18_292_b_4,,T10_292,T10,292,18,b,4,train
T10_d19_292_a_4,,T10_292,T10,292,19,a,4,train
T10_d19_292_b_4,,T10_292,T10,292,19,b,4,train
T10_d20_292_a_4,,T10_292,T10,292,20,a,4,train
T10_d20_292_b_4,,T10_292,T10,292,20,b,4,train
T10_d21_292_a_5,,T10_292,T10,292,21,a,5,train
T10_d21_292_b_5,,T10_292,T10,292,21,b,5,train
T10_d22_292_a_5,,T10_292,T10,292,22,a,5,train
T10_d22_292_b_5,,T10_292,T10,292,22,b,5,train
T10_d23_292_a_5,,T10_292,T10,292,23,a,5,train
T10_d23_292_b_5,,T10_292,T10,292,23,b,5,train
T10_d24_292_a_5,,T10_292,T10,292,24,a,5,train
T10_d24_292_b_5,,T10_292,T10,292,24,b,5,train
T10_d25_292_a_5,,T10_292,T10,292,25,a,5,train
T10_d25_292_b_5,,T10_292,T10,292,25,b,5,train
T10_d26_292_a_5,,T10_292,T10,292,26,a,5,train
T10_d26_292_b_5,,T10_292,T10,292,26,b,5,train
T10_d01_295_a_1,,T10_295,T10,295,1,a,1,train
T10_d01_295_b_1,,T10_295,T10,295,1,b,1,train
T10_d02_295_a_1,,T10_295,T10,295,2,a,1,train
T10_d02_295_b_1,,T10_295,T10,295,2,b,1,train
T10_d03_295_a_1,,T10_295,T10,295,3,a,1,train
T10_d03_295_b_1,,T10_295,T10,295,3,b,1,train
T10_d04_295_a_1,,T10_295,T10,295,4,a,1,train
T10_d04_295_b_1,,T10_295,T10,295,4,b,1,train
T10_d05_295_a_1,,T10_295,T10,295,5,a,1,train
T10_d05_295_b_1,,T10_295,T10,295,5,b,1,train
T10_d06_295_a_1,,T10_295,T10,295,6,a,1,train
T10_d06_295_b_1,,T10_295,T10,295,6,b,1,train
T10_d07_295_a_1,,T10_295,T10,295,7,a,1,train
T10_d07_295_b_1,,T10_295,T10,295,7,b,1,train
T10_d08_295_a_2,,T10_295,T10,295,8,a,2,train
T10_d08_295_b_2,,T10_295,T10,295,8,b,2,train
T10_d09_295_a_2,,T10_295,T10,295,9,a,2,train
T10_d09_295_b_2,,T10_295,T10,295,9,b,2,train
T10_d10_295_a_3,,T10_295,T10,295,10,a,3,train
T10_d10_295_b_3,,T10_295,T10,295,10,b,3,train
T10_d11_295_a_3,,T10_295,T10,295,11,a,3,train
T10_d11_295_b_3,,T10_295,T10,295,11,b,3,train
T10_d12_295_a_3,,T10_295,T10,295,12,a,3,train
T10_d12_295_b_3,,T10_295,T10,295,12,b,3,train
T10_d13_295_a_3,,T10_295,T10,295,13,a,3,train
T10_d13_295_b_3,,T10_295,T10,295,13,b,3,train
T10_d14_295_a_3,,T10_295,T10,295,14,a,3,train
T10_d14_295_b_3,,T10_295,T10,295,14,b,3,train
T10_d15_295_a_3,,T10_295,T10,295,15,a,3,train
T10_d15_295_b_3,,T10_295,T10,295,15,b,3,train
T10_d16_295_a_3,,T10_295,T10,295,16,a,3,train
T10_d16_295_b_3,,T10_295,T10,295,16,b,3,train
T10_d17_295_a_3,,T10_295,T10,295,17,a,3,train
T10_d17_295_b_3,,T10_295,T10,295,17,b,3,train
T10_d18_295_a_4,,T10_295,T10,295,18,a,4,train
T10_d18_295_b_4,,T10_295,T10,295,18,b,4,train
T10_d19_295_a_4,,T10_295,T10,295,19,a,4,train
T10_d19_295_b_4,,T10_295,T10,295,19,b,4,train
T10_d20_295_a_4,,T10_295,T10,295,20,a,4,train
T10_d20_295_b_4,,T10_295,T10,295,20,b,4,train
T10_d21_295_a_4,,T10_295,T10,295,21,a,4,train
T10_d21_295_b_4,,T10_295,T10,295,21,b,4,train
T10_d22_295_a_4,,T10_295,T10,295,22,a,4,train
T10_d22_295_b_4,,T10_295,T10,295,22,b,4,train
T10_d23_295_a_5,,T10_295,T10,295,23,a,5,train
T10_d23_295_b_5,,T10_295,T10,295,23,b,5,train
T10_d24_295_a_5,,T10_295,T10,295,24,a,5,train
T10_d24_295_b_5,,T10_295,T10,295,24,b,5,train
T10_d25_295_a_5,,T10_295,T10,295,25,a,5,train
T10_d25_295_b_5,,T10_295,T10,295,25,b,5,train
T10_d26_295_a_5,,T10_295,T10,295,26,a,5,train
T10_d26_295_b_5,,T10_295,T10,295,26,b,5,train
T10_d01_296_a_1,,T10_296,T10,296,1,a,1,train
T10_d01_296_b_1,,T10_296,T10,296,1,b,1,train
T10_d02_296_a_1,,T10_296,T10,296,2,a,1,train
T10_d02_296_b_1,,T10_296,T10,296,2,b,1,train
T10_d03_296_a_1,,T10_296,T10,296,3,a,1,train
T10_d03_296_b_1,,T10_296,T10,296,3,b,1,train
T10_d04_296_a_1,,T10_296,T10,296,4,a,1,train
T10_d04_296_b_1,,T10_296,T10,296,4,b,1,train
T10_d05_296_a_1,,T10_296,T10,296,5,a,1,train
T10_d05_296_b_1,,T10_296,T10,296,5,b,1,train
T10_d06_296_a_1,,T10_296,T10,296,6,a,1,train
T10_d06_296_b_1,,T10_296,T10,296,6,b,1,train
T10_d07_296_a_1,,T10_296,T10,296,7,a,1,train
T10_d07_296_b_1,,T10_296,T10,296,7,b,1,train
T10_d08_296_a_2,,T10_296,T10,296,8,a,2,train
T10_d08_296_b_2,,T10_296,T10,296,8,b,2,train
T10_d09_296_a_2,,T10_296,T10,296,9,a,2,train
T10_d09_296_b_2,,T10_296,T10,296,9,b,2,train
T10_d10_296_a_2,,T10_296,T10,296,10,a,2,train
T10_d10_296_b_2,,T10_296,T10,296,10,b,2,train
T10_d11_296_a_3,,T10_296,T10,296,11,a,3,train
T10_d11_296_b_3,,T10_296,T10,296,11,b,3,train
T10_d12_296_a_3,,T10_296,T10,296,12,a,3,train
T10_d12_296_b_3,,T10_296,T10,296,12,b,3,train
T10_d13_296_a_3,,T10_296,T10,296,13,a,3,train
T10_d13_296_b_3,,T10_296,T10,296,13,b,3,train
T10_d14_296_a_3,,T10_296,T10,296,14,a,3,train
T10_d14_296_b_3,,T10_296,T10,296,14,b,3,train
T10_d15_296_a_3,,T10_296,T10,296,15,a,3,train
T10_d15_296_b_3,,T10_296,T10,296,15,b,3,train
T10_d16_296_a_3,,T10_296,T10,296,16,a,3,train
T10_d16_296_b_3,,T10_296,T10,296,16,b,3,train
T10_d17_296_a_3,,T10_296,T10,296,17,a,3,train
T10_d17_296_b_3,,T10_296,T10,296,17,b,3,train
T10_d18_296_a_4,,T10_296,T10,296,18,a,4,train
T10_d18_296_b_4,,T10_296,T10,296,18,b,4,train
T10_d19_296_a_4,,T10_296,T10,296,19,a,4,train
T10_d19_296_b_4,,T10_296,T10,296,19,b,4,train
T10_d20_296_a_4,,T10_296,T10,296,20,a,4,train
T10_d20_296_b_4,,T10_296,T10,296,20,b,4,train
T10_d21_296_a_5,,T10_296,T10,296,21,a,5,train
T10_d21_296_b_5,,T10_296,T10,296,21,b,5,train
T10_d22_296_a_5,,T10_296,T10,296,22,a,5,train
T10_d22_296_b_5,,T10_296,T10,296,22,b,5,train
T10_d23_296_a_5,,T10_296,T10,296,23,a,5,train
T10_d23_296_b_5,,T10_296,T10,296,23,b,5,train
T10_d24_296_a_5,,T10_296,T10,296,24,a,5,train
T10_d24_296_b_5,,T10_296,T10,296,24,b,5,train
T10_d25_296_a_5,,T10_296,T10,296,25,a,5,train
T10_d25_296_b_5,,T10_296,T10,296,25,b,5,train
T10_d26_296_a_5,,T10_296,T10,296,26,a,5,train
T10_d26_296_b_5,,T10_296,T10,296,26,b,5,train
T10_d01_298_a_1,,T10_298,T10,298,1,a,1,train
T10_d01_298_b_1,,T10_298,T10,298,1,b,1,train
T10_d02_298_a_1,,T10_298,T10,298,2,a,1,train
T10_d02_298_b_1,,T10_298,T10,298,2,b,1,train
T10_d03_298_a_1,,T10_298,T10,298,3,a,1,train
T10_d03_298_b_1,,T10_298,T10,298,3,b,1,train
T10_d04_298_a_1,,T10_298,T10,298,4,a,1,train
T10_d04_298_b_1,,T10_298,T10,298,4,b,1,train
T10_d05_298_a_1,,T10_298,T10,298,5,a,1,train
T10_d05_298_b_1,,T10_298,T10,298,5,b,1,train
T10_d06_298_a_1,,T10_298,T10,298,6,a,1,train
T10_d06_298_b_1,,T10_298,T10,298,6,b,1,train
T10_d07_298_a_1,,T10_298,T10,298,7,a,1,train
T10_d07_298_b_1,,T10_298,T10,298,7,b,1,train
T10_d01_306_a_1,,T10_306,T10,306,1,a,1,train
T10_d01_306_b_1,,T10_306,T10,306,1,b,1,train
T10_d02_306_a_1,,T10_306,T10,306,2,a,1,train
T10_d02_306_b_1,,T10_306,T10,306,2,b,1,train
T10_d03_306_a_1,,T10_306,T10,306,3,a,1,train
T10_d03_306_b_1,,T10_306,T10,306,3,b,1,train
T10_d04_306_a_1,,T10_306,T10,306,4,a,1,train
T10_d04_306_b_1,,T10_306,T10,306,4,b,1,train
T10_d05_306_a_2,,T10_306,T10,306,5,a,2,train
T10_d05_306_b_2,,T10_306,T10,306,5,b,2,train
T10_d06_306_a_2,,T10_306,T10,306,6,a,2,train
T10_d06_306_b_2,,T10_306,T10,306,6,b,2,train
T10_d07_306_a_2,,T10_306,T10,306,7,a,2,train
T10_d07_306_b_2,,T10_306,T10,306,7,b,2,train
T10_d08_306_a_2,,T10_306,T10,306,8,a,2,train
T10_d08_306_b_2,,T10_306,T10,306,8,b,2,train
T10_d09_306_a_2,,T10_306,T10,306,9,a,2,train
T10_d09_306_b_2,,T10_306,T10,306,9,b,2,train
T10_d10_306_a_3,,T10_306,T10,306,10,a,3,train
T10_d10_306_b_3,,T10_306,T10,306,10,b,3,train
T10_d11_306_a_3,,T10_306,T10,306,11,a,3,train
T10_d11_306_b_3,,T10_306,T10,306,11,b,3,train
T10_d12_306_a_3,,T10_306,T10,306,12,a,3,train
T10_d12_306_b_3,,T10_306,T10,306,12,b,3,train
T10_d13_306_a_3,,T10_306,T10,306,13,a,3,train
T10_d13_306_b_3,,T10_306,T10,306,13,b,3,train
T10_d14_306_a_3,,T10_306,T10,306,14,a,3,train
T10_d14_306_b_3,,T10_306,T10,306,14,b,3,train
T10_d15_306_a_3,,T10_306,T10,306,15,a,3,train
T10_d15_306_b_3,,T10_306,T10,306,15,b,3,train
T10_d16_306_a_3,,T10_306,T10,306,16,a,3,train
T10_d16_306_b_3,,T10_306,T10,306,16,b,3,train
T10_d17_306_a_3,,T10_306,T10,306,17,a,3,train
T10_d17_306_b_3,,T10_306,T10,306,17,b,3,train
T10_d18_306_a_4,,T10_306,T10,306,18,a,4,train
T10_d18_306_b_4,,T10_306,T10,306,18,b,4,train
T10_d19_306_a_4,,T10_306,T10,306,19,a,4,train
T10_d19_306_b_4,,T10_306,T10,306,19,b,4,train
T10_d20_306_a_4,,T10_306,T10,306,20,a,4,train
T10_d20_306_b_4,,T10_306,T10,306,20,b,4,train
T10_d21_306_a_4,,T10_306,T10,306,21,a,4,train
T10_d21_306_b_4,,T10_306,T10,306,21,b,4,train
T10_d22_306_a_4,,T10_306,T10,306,22,a,4,train
T10_d22_306_b_4,,T10_306,T10,306,22,b,4,train
T10_d23_306_a_4,,T10_306,T10,306,23,a,4,train
T10_d23_306_b_4,,T10_306,T10,306,23,b,4,train
T10_d24_306_a_5,,T10_306,T10,306,24,a,5,train
T10_d24_306_b_5,,T10_306,T10,306,24,b,5,train
T10_d25_306_a_5,,T10_306,T10,306,25,a,5,train
T10_d25_306_b_5,,T10_306,T10,306,25,b,5,train
T10_d26_306_a_5,,T10_306,T10,306,26,a,5,train
T10_d26_306_b_5,,T10_306,T10,306,26,b,5,train
T10_d01_310_a_1,,T10_310,T10,310,1,a,1,train
T10_d01_310_b_1,,T10_310,T10,310,1,b,1,train
T10_d02_310_a_1,,T10_310,T10,310,2,a,1,train
T10_d02_310_b_1,,T10_310,T10,310,2,b,1,train
T10_d03_310_a_1,,T10_310,T10,310,3,a,1,train
T10_d03_310_b_1,,T10_310,T10,310,3,b,1,train
T10_d04_310_a_1,,T10_310,T10,310,4,a,1,train
T10_d04_310_b_1,,T10_310,T10,310,4,b,1,train
T10_d05_310_a_1,,T10_310,T10,310,5,a,1,train
T10_d05_310_b_1,,T10_310,T10,310,5,b,1,train
T10_d06_310_a_1,,T10_310,T10,310,6,a,1,train
T10_d06_310_b_1,,T10_310,T10,310,6,b,1,train
T10_d07_310_a_1,,T10_310,T10,310,7,a,1,train
T10_d07_310_b_1,,T10_310,T10,310,7,b,1,train
T10_d08_310_a_1,,T10_310,T10,310,8,a,1,train
T10_d08_310_b_1,,T10_310,T10,310,8,b,1,train
T10_d09_310_a_2,,T10_310,T10,310,9,a,2,train
T10_d09_310_b_2,,T10_310,T10,310,9,b,2,train
T10_d10_310_a_2,,T10_310,T10,310,10,a,2,train
T10_d10_310_b_2,,T10_310,T10,310,10,b,2,train
T10_d11_310_a_3,,T10_310,T10,310,11,a,3,train
T10_d11_310_b_3,,T10_310,T10,310,11,b,3,train
T10_d12_310_a_3,,T10_310,T10,310,12,a,3,train
T10_d12_310_b_3,,T10_310,T10,310,12,b,3,train
T10_d13_310_a_3,,T10_310,T10,310,13,a,3,train
T10_d13_310_b_3,,T10_310,T10,310,13,b,3,train
T10_d14_310_a_3,,T10_310,T10,310,14,a,3,train
T10_d14_310_b_3,,T10_310,T10,310,14,b,3,train
T10_d15_310_a_4,,T10_310,T10,310,15,a,4,train
T10_d15_310_b_4,,T10_310,T10,310,15,b,4,train
T10_d16_310_a_4,,T10_310,T10,310,16,a,4,train
T10_d16_310_b_4,,T10_310,T10,310,16,b,4,train
T10_d17_310_a_4,,T10_310,T10,310,17,a,4,train
T10_d17_310_b_4,,T10_310,T10,310,17,b,4,train
T10_d18_310_a_4,,T10_310,T10,310,18,a,4,train
T10_d18_310_b_4,,T10_310,T10,310,18,b,4,train
T10_d19_310_a_4,,T10_310,T10,310,19,a,4,train
T10_d19_310_b_4,,T10_310,T10,310,19,b,4,train
T10_d20_310_a_4,,T10_310,T10,310,20,a,4,train
T10_d20_310_b_4,,T10_310,T10,310,20,b,4,train
T10_d21_310_a_4,,T10_310,T10,310,21,a,4,train
T10_d21_310_b_4,,T10_310,T10,310,21,b,4,train
T10_d22_310_a_4,,T10_310,T10,310,22,a,4,train
T10_d22_310_b_4,,T10_310,T10,310,22,b,4,train
T10_d23_310_a_4,,T10_310,T10,310,23,a,4,train
T10_d23_310_b_4,,T10_310,T10,310,23,b,4,train
T10_d24_310_a_5,,T10_310,T10,310,24,a,5,train
T10_d24_310_b_5,,T10_310,T10,310,24,b,5,train
T10_d25_310_a_5,,T10_310,T10,310,25,a,5,train
T10_d25_310_b_5,,T10_310,T10,310,25,b,5,train
T10_d26_310_a_5,,T10_310,T10,310,26,a,5,train
T10_d26_310_b_5,,T10_310,T10,310,26,b,5,train
T10_d01_314_a_1,,T10_314,T10,314,1,a,1,train
T10_d01_314_b_1,,T10_314,T10,314,1,b,1,train
T10_d02_314_a_1,,T10_314,T10,314,2,a,1,train
T10_d02_314_b_1,,T10_314,T10,314,2,b,1,train
T10_d03_314_a_1,,T10_314,T10,314,3,a,1,train
T10_d03_314_b_1,,T10_314,T10,314,3,b,1,train
T10_d04_314_a_1,,T10_314,T10,314,4,a,1,train
T10_d04_314_b_1,,T10_314,T10,314,4,b,1,train
T10_d05_314_a_1,,T10_314,T10,314,5,a,1,train
T10_d05_314_b_1,,T10_314,T10,314,5,b,1,train
T10_d06_314_a_1,,T10_314,T10,314,6,a,1,train
T10_d06_314_b_1,,T10_314,T10,314,6,b,1,train
T10_d07_314_a_1,,T10_314,T10,314,7,a,1,train
T10_d07_314_b_1,,T10_314,T10,314,7,b,1,train
T10_d08_314_a_2,,T10_314,T10,314,8,a,2,train
T10_d08_314_b_2,,T10_314,T10,314,8,b,2,train
T10_d09_314_a_2,,T10_314,T10,314,9,a,2,train
T10_d09_314_b_2,,T10_314,T10,314,9,b,2,train
T10_d10_314_a_2,,T10_314,T10,314,10,a,2,train
T10_d10_314_b_2,,T10_314,T10,314,10,b,2,train
T10_d11_314_a_3,,T10_314,T10,314,11,a,3,train
T10_d11_314_b_3,,T10_314,T10,314,11,b,3,train
T10_d12_314_a_3,,T10_314,T10,314,12,a,3,train
T10_d12_314_b_3,,T10_314,T10,314,12,b,3,train
T10_d13_314_a_3,,T10_314,T10,314,13,a,3,train
T10_d13_314_b_3,,T10_314,T10,314,13,b,3,train
T10_d14_314_a_3,,T10_314,T10,314,14,a,3,train
T10_d14_314_b_3,,T10_314,T10,314,14,b,3,train
T10_d15_314_a_4,,T10_314,T10,314,15,a,4,train
T10_d15_314_b_4,,T10_314,T10,314,15,b,4,train
T10_d01_315_a_1,,T10_315,T10,315,1,a,1,train
T10_d01_315_b_1,,T10_315,T10,315,1,b,1,train
T10_d02_315_a_1,,T10_315,T10,315,2,a,1,train
T10_d02_315_b_1,,T10_315,T10,315,2,b,1,train
T10_d03_315_a_1,,T10_315,T10,315,3,a,1,train
T10_d03_315_b_1,,T10_315,T10,315,3,b,1,train
T10_d04_315_a_1,,T10_315,T10,315,4,a,1,train
T10_d04_315_b_1,,T10_315,T10,315,4,b,1,train
T10_d05_315_a_1,,T10_315,T10,315,5,a,1,train
T10_d05_315_b_1,,T10_315,T10,315,5,b,1,train
T10_d06_315_a_1,,T10_315,T10,315,6,a,1,train
T10_d06_315_b_1,,T10_315,T10,315,6,b,1,train
T10_d07_315_a_1,,T10_315,T10,315,7,a,1,train
T10_d07_315_b_1,,T10_315,T10,315,7,b,1,train
T10_d08_315_a_1,,T10_315,T10,315,8,a,1,train
T10_d08_315_b_1,,T10_315,T10,315,8,b,1,train
T10_d09_315_a_2,,T10_315,T10,315,9,a,2,train
T10_d09_315_b_2,,T10_315,T10,315,9,b,2,train
T10_d10_315_a_2,,T10_315,T10,315,10,a,2,train
T10_d10_315_b_2,,T10_315,T10,315,10,b,2,train
T10_d11_315_a_2,,T10_315,T10,315,11,a,2,train
T10_d11_315_b_2,,T10_315,T10,315,11,b,2,train
T10_d12_315_a_2,,T10_315,T10,315,12,a,2,train
T10_d12_315_b_2,,T10_315,T10,315,12,b,2,train
T10_d13_315_a_2,,T10_315,T10,315,13,a,2,train
T10_d13_315_b_2,,T10_315,T10,315,13,b,2,train
T10_d14_315_a_2,,T10_315,T10,315,14,a,2,train
T10_d14_315_b_2,,T10_315,T10,315,14,b,2,train
T10_d15_315_a_3,,T10_315,T10,315,15,a,3,train
T10_d15_315_b_3,,T10_315,T10,315,15,b,3,train
T10_d16_315_a_3,,T10_315,T10,315,16,a,3,train
T10_d16_315_b_3,,T10_315,T10,315,16,b,3,train
T10_d17_315_a_3,,T10_315,T10,315,17,a,3,train
T10_d17_315_b_3,,T10_315,T10,315,17,b,3,train
T10_d18_315_a_3,,T10_315,T10,315,18,a,3,train
T10_d18_315_b_3,,T10_315,T10,315,18,b,3,train
T10_d19_315_a_4,,T10_315,T10,315,19,a,4,train
T10_d19_315_b_4,,T10_315,T10,315,19,b,4,train
T10_d20_315_a_4,,T10_315,T10,315,20,a,4,train
T10_d20_315_b_4,,T10_315,T10,315,20,b,4,train
T10_d21_315_a_4,,T10_315,T10,315,21,a,4,train
T10_d21_315_b_4,,T10_315,T10,315,21,b,4,train
T10_d22_315_a_4,,T10_315,T10,315,22,a,4,train
T10_d22_315_b_4,,T10_315,T10,315,22,b,4,train
T10_d23_315_a_4,,T10_315,T10,315,23,a,4,train
T10_d23_315_b_4,,T10_315,T10,315,23,b,4,train
T10_d24_315_a_4,,T10_315,T10,315,24,a,4,train
T10_d24_315_b_4,,T10_315,T10,315,24,b,4,train
T10_d25_315_a_4,,T10_315,T10,315,25,a,4,train
T10_d25_315_b_4,,T10_315,T10,315,25,b,4,train
T10_d26_315_a_5,,T10_315,T10,315,26,a,5,train
T10_d26_315_b_5,,T10_315,T10,315,26,b,5,train
T10_d01_325_a_1,,T10_325,T10,325,1,a,1,train
T10_d01_325_b_1,,T10_325,T10,325,1,b,1,train
T10_d02_325_a_1,,T10_325,T10,325,2,a,1,train
T10_d02_325_b_1,,T10_325,T10,325,2,b,1,train
T10_d03_325_a_1,,T10_325,T10,325,3,a,1,train
T10_d03_325_b_1,,T10_325,T10,325,3,b,1,train
T10_d04_325_a_1,,T10_325,T10,325,4,a,1,train
T10_d04_325_b_1,,T10_325,T10,325,4,b,1,train
T10_d05_325_a_1,,T10_325,T10,325,5,a,1,train
T10_d05_325_b_1,,T10_325,T10,325,5,b,1,train
T10_d06_325_a_1,,T10_325,T10,325,6,a,1,train
T10_d06_325_b_1,,T10_325,T10,325,6,b,1,train
T10_d07_325_a_1,,T10_325,T10,325,7,a,1,train
T10_d07_325_b_1,,T10_325,T10,325,7,b,1,train
T10_d08_325_a_1,,T10_325,T10,325,8,a,1,train
T10_d08_325_b_1,,T10_325,T10,325,8,b,1,train
T10_d09_325_a_2,,T10_325,T10,325,9,a,2,train
T10_d09_325_b_2,,T10_325,T10,325,9,b,2,train
T10_d01_327_a_1,,T10_327,T10,327,1,a,1,train
T10_d01_327_b_1,,T10_327,T10,327,1,b,1,train
T10_d02_327_a_1,,T10_327,T10,327,2,a,1,train
T10_d02_327_b_1,,T10_327,T10,327,2,b,1,train
T10_d03_327_a_1,,T10_327,T10,327,3,a,1,train
T10_d03_327_b_1,,T10_327,T10,327,3,b,1,train
T10_d04_327_a_1,,T10_327,T10,327,4,a,1,train
T10_d04_327_b_1,,T10_327,T10,327,4,b,1,train
T10_d05_327_a_1,,T10_327,T10,327,5,a,1,train
T10_d05_327_b_1,,T10_327,T10,327,5,b,1,train
T10_d06_327_a_1,,T10_327,T10,327,6,a,1,train
T10_d06_327_b_1,,T10_327,T10,327,6,b,1,train
T10_d07_327_a_1,,T10_327,T10,327,7,a,1,train
T10_d07_327_b_1,,T10_327,T10,327,7,b,1,train
T10_d08_327_a_2,,T10_327,T10,327,8,a,2,train
T10_d08_327_b_2,,T10_327,T10,327,8,b,2,train
T10_d09_327_a_2,,T10_327,T10,327,9,a,2,train
T10_d09_327_b_2,,T10_327,T10,327,9,b,2,train
T10_d10_327_a_2,,T10_327,T10,327,10,a,2,train
T10_d10_327_b_2,,T10_327,T10,327,10,b,2,train
T10_d11_327_a_3,,T10_327,T10,327,11,a,3,train
T10_d11_327_b_3,,T10_327,T10,327,11,b,3,train
T10_d12_327_a_3,,T10_327,T10,327,12,a,3,train
T10_d12_327_b_3,,T10_327,T10,327,12,b,3,train
T10_d13_327_a_3,,T10_327,T10,327,13,a,3,train
T10_d13_327_b_3,,T10_327,T10,327,13,b,3,train
T10_d14_327_a_3,,T10_327,T10,327,14,a,3,train
T10_d14_327_b_3,,T10_327,T10,327,14,b,3,train
T10_d15_327_a_3,,T10_327,T10,327,15,a,3,train
T10_d15_327_b_3,,T10_327,T10,327,15,b,3,train
T10_d16_327_a_3,,T10_327,T10,327,16,a,3,train
T10_d16_327_b_3,,T10_327,T10,327,16,b,3,train
T10_d17_327_a_3,,T10_327,T10,327,17,a,3,train
T10_d17_327_b_3,,T10_327,T10,327,17,b,3,train
T10_d18_327_a_4,,T10_327,T10,327,18,a,4,train
T10_d18_327_b_4,,T10_327,T10,327,18,b,4,train
T10_d19_327_a_4,,T10_327,T10,327,19,a,4,train
T10_d19_327_b_4,,T10_327,T10,327,19,b,4,train
T10_d20_327_a_4,,T10_327,T10,327,20,a,4,train
T10_d20_327_b_4,,T10_327,T10,327,20,b,4,train
T10_d21_327_a_5,,T10_327,T10,327,21,a,5,train
T10_d21_327_b_5,,T10_327,T10,327,21,b,5,train
T10_d22_327_a_5,,T10_327,T10,327,22,a,5,train
T10_d22_327_b_5,,T10_327,T10,327,22,b,5,train
T10_d23_327_a_5,,T10_327,T10,327,23,a,5,train
T10_d23_327_b_5,,T10_327,T10,327,23,b,5,train
T10_d24_327_a_5,,T10_327,T10,327,24,a,5,train
T10_d24_327_b_5,,T10_327,T10,327,24,b,5,train
T10_d25_327_a_5,,T10_327,T10,327,25,a,5,train
T10_d25_327_b_5,,T10_327,T10,327,25,b,5,train
T10_d26_327_a_5,,T10_327,T10,327,26,a,5,train
T10_d26_327_b_5,,T10_327,T10,327,26,b,5,train
T10_d01_328_a_1,,T10_328,T10,328,1,a,1,train
T10_d01_328_b_1,,T10_328,T10,328,1,b,1,train
T10_d02_328_a_1,,T10_328,T10,328,2,a,1,train
T10_d02_328_b_1,,T10_328,T10,328,2,b,1,train
T10_d03_328_a_1,,T10_328,T10,328,3,a,1,train
T10_d03_328_b_1,,T10_328,T10,328,3,b,1,train
T10_d04_328_a_1,,T10_328,T10,328,4,a,1,train
T10_d04_328_b_1,,T10_328,T10,328,4,b,1,train
T10_d05_328_a_1,,T10_328,T10,328,5,a,1,train
T10_d05_328_b_1,,T10_328,T10,328,5,b,1,train
T10_d06_328_a_1,,T10_328,T10,328,6,a,1,train
T10_d06_328_b_1,,T10_328,T10,328,6,b,1,train
T10_d07_328_a_1,,T10_328,T10,328,7,a,1,train
T10_d07_328_b_1,,T10_328,T10,328,7,b,1,train
T10_d08_328_a_1,,T10_328,T10,328,8,a,1,train
T10_d08_328_b_1,,T10_328,T10,328,8,b,1,train
T10_d09_328_a_2,,T10_328,T10,328,9,a,2,train
T10_d09_328_b_2,,T10_328,T10,328,9,b,2,train
T10_d10_328_a_2,,T10_328,T10,328,10,a,2,train
T10_d10_328_b_2,,T10_328,T10,328,10,b,2,train
T10_d11_328_a_3,,T10_328,T10,328,11,a,3,train
T10_d11_328_b_3,,T10_328,T10,328,11,b,3,train
T10_d12_328_a_3,,T10_328,T10,328,12,a,3,train
T10_d12_328_b_3,,T10_328,T10,328,12,b,3,train
T10_d13_328_a_3,,T10_328,T10,328,13,a,3,train
T10_d13_328_b_3,,T10_328,T10,328,13,b,3,train
T10_d14_328_a_3,,T10_328,T10,328,14,a,3,train
T10_d14_328_b_3,,T10_328,T10,328,14,b,3,train
T10_d15_328_a_3,,T10_328,T10,328,15,a,3,train
T10_d15_328_b_3,,T10_328,T10,328,15,b,3,train
T10_d16_328_a_3,,T10_328,T10,328,16,a,3,train
T10_d16_328_b_3,,T10_328,T10,328,16,b,3,train
T10_d17_328_a_3,,T10_328,T10,328,17,a,3,train
T10_d17_328_b_3,,T10_328,T10,328,17,b,3,train
T10_d18_328_a_3,,T10_328,T10,328,18,a,3,train
T10_d18_328_b_3,,T10_328,T10,328,18,b,3,train
T10_d19_328_a_4,,T10_328,T10,328,19,a,4,train
T10_d19_328_b_4,,T10_328,T10,328,19,b,4,train
T10_d20_328_a_4,,T10_328,T10,328,20,a,4,train
T10_d20_328_b_4,,T10_328,T10,328,20,b,4,train
T10_d21_328_a_5,,T10_328,T10,328,21,a,5,train
T10_d21_328_b_5,,T10_328,T10,328,21,b,5,train
T10_d22_328_a_5,,T10_328,T10,328,22,a,5,train
T10_d22_328_b_5,,T10_328,T10,328,22,b,5,train
T10_d23_328_a_5,,T10_328,T10,328,23,a,5,train
T10_d23_328_b_5,,T10_328,T10,328,23,b,5,train
T10_d24_328_a_5,,T10_328,T10,328,24,a,5,train
T10_d24_328_b_5,,T10_328,T10,328,24,b,5,train
T10_d25_328_a_5,,T10_328,T10,328,25,a,5,train
T10_d25_328_b_5,,T10_328,T10,328,25,b,5,train
T10_d26_328_a_5,,T10_328,T10,328,26,a,5,train
T10_d26_328_b_5,,T10_328,T10,328,26,b,5,train
T10_d01_330_a_1,,T10_330,T10,330,1,a,1,train
T10_d01_330_b_1,,T10_330,T10,330,1,b,1,train
T10_d02_330_a_1,,T10_330,T10,330,2,a,1,train
T10_d02_330_b_1,,T10_330,T10,330,2,b,1,train
T10_d03_330_a_1,,T10_330,T10,330,3,a,1,train
T10_d03_330_b_1,,T10_330,T10,330,3,b,1,train
T10_d04_330_a_1,,T10_330,T10,330,4,a,1,train
T10_d04_330_b_1,,T10_330,T10,330,4,b,1,train
T10_d05_330_a_1,,T10_330,T10,330,5,a,1,train
T10_d05_330_b_1,,T10_330,T10,330,5,b,1,train
T10_d06_330_a_1,,T10_330,T10,330,6,a,1,train
T10_d06_330_b_1,,T10_330,T10,330,6,b,1,train
T10_d07_330_a_1,,T10_330,T10,330,7,a,1,train
T10_d07_330_b_1,,T10_330,T10,330,7,b,1,train
T10_d08_330_a_1,,T10_330,T10,330,8,a,1,train
T10_d08_330_b_1,,T10_330,T10,330,8,b,1,train
T10_d09_330_a_2,,T10_330,T10,330,9,a,2,train
T10_d09_330_b_2,,T10_330,T10,330,9,b,2,train
T10_d10_330_a_2,,T10_330,T10,330,10,a,2,train
T10_d10_330_b_2,,T10_330,T10,330,10,b,2,train
T10_d11_330_a_2,,T10_330,T10,330,11,a,2,train
T10_d11_330_b_2,,T10_330,T10,330,11,b,2,train
T10_d12_330_a_2,,T10_330,T10,330,12,a,2,train
T10_d12_330_b_2,,T10_330,T10,330,12,b,2,train
T10_d13_330_a_3,,T10_330,T10,330,13,a,3,train
T10_d13_330_b_3,,T10_330,T10,330,13,b,3,train
T10_d14_330_a_3,,T10_330,T10,330,14,a,3,train
T10_d14_330_b_3,,T10_330,T10,330,14,b,3,train
T10_d15_330_a_3,,T10_330,T10,330,15,a,3,train
T10_d15_330_b_3,,T10_330,T10,330,15,b,3,train
T10_d16_330_a_3,,T10_330,T10,330,16,a,3,train
T10_d16_330_b_3,,T10_330,T10,330,16,b,3,train
T10_d17_330_a_3,,T10_330,T10,330,17,a,3,train
T10_d17_330_b_3,,T10_330,T10,330,17,b,3,train
T10_d18_330_a_3,,T10_330,T10,330,18,a,3,train
T10_d18_330_b_3,,T10_330,T10,330,18,b,3,train
T10_d19_330_a_4,,T10_330,T10,330,19,a,4,train
T10_d19_330_b_4,,T10_330,T10,330,19,b,4,train
T10_d20_330_a_4,,T10_330,T10,330,20,a,4,train
T10_d20_330_b_4,,T10_330,T10,330,20,b,4,train
T10_d21_330_a_4,,T10_330,T10,330,21,a,4,train
T10_d21_330_b_4,,T10_330,T10,330,21,b,4,train
T10_d22_330_a_4,,T10_330,T10,330,22,a,4,train
T10_d22_330_b_4,,T10_330,T10,330,22,b,4,train
T10_d23_330_a_4,,T10_330,T10,330,23,a,4,train
T10_d23_330_b_4,,T10_330,T10,330,23,b,4,train
T10_d24_330_a_4,,T10_330,T10,330,24,a,4,train
T10_d24_330_b_4,,T10_330,T10,330,24,b,4,train
T10_d25_330_a_4,,T10_330,T10,330,25,a,4,train
T10_d25_330_b_4,,T10_330,T10,330,25,b,4,train
T10_d26_330_a_5,,T10_330,T10,330,26,a,5,train
T10_d26_330_b_5,,T10_330,T10,330,26,b,5,train
T10_d01_331_a_1,,T10_331,T10,331,1,a,1,train
T10_d01_331_b_1,,T10_331,T10,331,1,b,1,train
T10_d02_331_a_1,,T10_331,T10,331,2,a,1,train
T10_d02_331_b_1,,T10_331,T10,331,2,b,1,train
T10_d03_331_a_1,,T10_331,T10,331,3,a,1,train
T10_d03_331_b_1,,T10_331,T10,331,3,b,1,train
T10_d04_331_a_1,,T10_331,T10,331,4,a,1,train
T10_d04_331_b_1,,T10_331,T10,331,4,b,1,train
T10_d05_331_a_1,,T10_331,T10,331,5,a,1,train
T10_d05_331_b_1,,T10_331,T10,331,5,b,1,train
T10_d06_331_a_1,,T10_331,T10,331,6,a,1,train
T10_d06_331_b_1,,T10_331,T10,331,6,b,1,train
T10_d07_331_a_1,,T10_331,T10,331,7,a,1,train
T10_d07_331_b_1,,T10_331,T10,331,7,b,1,train
T10_d08_331_a_2,,T10_331,T10,331,8,a,2,train
T10_d08_331_b_2,,T10_331,T10,331,8,b,2,train
T10_d09_331_a_2,,T10_331,T10,331,9,a,2,train
T10_d09_331_b_2,,T10_331,T10,331,9,b,2,train
T10_d10_331_a_3,,T10_331,T10,331,10,a,3,train
T10_d10_331_b_3,,T10_331,T10,331,10,b,3,train
T10_d11_331_a_4,,T10_331,T10,331,11,a,4,train
T10_d11_331_b_4,,T10_331,T10,331,11,b,4,train
T10_d12_331_a_4,,T10_331,T10,331,12,a,4,train
T10_d12_331_b_4,,T10_331,T10,331,12,b,4,train
T10_d13_331_a_4,,T10_331,T10,331,13,a,4,train
T10_d13_331_b_4,,T10_331,T10,331,13,b,4,train
T10_d14_331_a_4,,T10_331,T10,331,14,a,4,train
T10_d14_331_b_4,,T10_331,T10,331,14,b,4,train
T10_d15_331_a_4,,T10_331,T10,331,15,a,4,train
T10_d15_331_b_4,,T10_331,T10,331,15,b,4,train
T10_d16_331_a_4,,T10_331,T10,331,16,a,4,train
T10_d16_331_b_4,,T10_331,T10,331,16,b,4,train
T10_d17_331_a_4,,T10_331,T10,331,17,a,4,train
T10_d17_331_b_4,,T10_331,T10,331,17,b,4,train
T10_d18_331_a_4,,T10_331,T10,331,18,a,4,train
T10_d18_331_b_4,,T10_331,T10,331,18,b,4,train
T10_d19_331_a_4,,T10_331,T10,331,19,a,4,train
T10_d19_331_b_4,,T10_331,T10,331,19,b,4,train
T10_d01_333_a_1,,T10_333,T10,333,1,a,1,train
T10_d01_333_b_1,,T10_333,T10,333,1,b,1,train
T10_d02_333_a_1,,T10_333,T10,333,2,a,1,train
T10_d02_333_b_1,,T10_333,T10,333,2,b,1,train
T10_d03_333_a_1,,T10_333,T10,333,3,a,1,train
T10_d03_333_b_1,,T10_333,T10,333,3,b,1,train
T10_d04_333_a_1,,T10_333,T10,333,4,a,1,train
T10_d04_333_b_1,,T10_333,T10,333,4,b,1,train
T10_d05_333_a_1,,T10_333,T10,333,5,a,1,train
T10_d05_333_b_1,,T10_333,T10,333,5,b,1,train
T10_d06_333_a_1,,T10_333,T10,333,6,a,1,train
T10_d06_333_b_1,,T10_333,T10,333,6,b,1,train
T10_d07_333_a_1,,T10_333,T10,333,7,a,1,train
T10_d07_333_b_1,,T10_333,T10,333,7,b,1,train
T10_d08_333_a_1,,T10_333,T10,333,8,a,1,train
T10_d08_333_b_1,,T10_333,T10,333,8,b,1,train
T10_d09_333_a_2,,T10_333,T10,333,9,a,2,train
T10_d09_333_b_2,,T10_333,T10,333,9,b,2,train
T10_d10_333_a_2,,T10_333,T10,333,10,a,2,train
T10_d10_333_b_2,,T10_333,T10,333,10,b,2,train
T10_d11_333_a_3,,T10_333,T10,333,11,a,3,train
T10_d11_333_b_3,,T10_333,T10,333,11,b,3,train
T10_d12_333_a_3,,T10_333,T10,333,12,a,3,train
T10_d12_333_b_3,,T10_333,T10,333,12,b,3,train
T10_d13_333_a_3,,T10_333,T10,333,13,a,3,train
T10_d13_333_b_3,,T10_333,T10,333,13,b,3,train
T10_d14_333_a_3,,T10_333,T10,333,14,a,3,train
T10_d14_333_b_3,,T10_333,T10,333,14,b,3,train
T10_d15_333_a_3,,T10_333,T10,333,15,a,3,train
T10_d15_333_b_3,,T10_333,T10,333,15,b,3,train
T10_d16_333_a_3,,T10_333,T10,333,16,a,3,train
T10_d16_333_b_3,,T10_333,T10,333,16,b,3,train
T10_d17_333_a_3,,T10_333,T10,333,17,a,3,train
T10_d17_333_b_3,,T10_333,T10,333,17,b,3,train
T10_d18_333_a_3,,T10_333,T10,333,18,a,3,train
T10_d18_333_b_3,,T10_333,T10,333,18,b,3,train
T10_d19_333_a_4,,T10_333,T10,333,19,a,4,train
T10_d19_333_b_4,,T10_333,T10,333,19,b,4,train
T10_d20_333_a_4,,T10_333,T10,333,20,a,4,train
T10_d20_333_b_4,,T10_333,T10,333,20,b,4,train
T10_d21_333_a_4,,T10_333,T10,333,21,a,4,train
T10_d21_333_b_4,,T10_333,T10,333,21,b,4,train
T10_d22_333_a_4,,T10_333,T10,333,22,a,4,train
T10_d22_333_b_4,,T10_333,T10,333,22,b,4,train
T10_d23_333_a_4,,T10_333,T10,333,23,a,4,train
T10_d23_333_b_4,,T10_333,T10,333,23,b,4,train
T10_d24_333_a_5,,T10_333,T10,333,24,a,5,train
T10_d24_333_b_5,,T10_333,T10,333,24,b,5,train
T10_d25_333_a_5,,T10_333,T10,333,25,a,5,train
T10_d25_333_b_5,,T10_333,T10,333,25,b,5,train
T10_d26_333_a_5,,T10_333,T10,333,26,a,5,train
T10_d26_333_b_5,,T10_333,T10,333,26,b,5,train
T10_d01_336_a_1,,T10_336,T10,336,1,a,1,train
T10_d01_336_b_1,,T10_336,T10,336,1,b,1,train
T10_d02_336_a_1,,T10_336,T10,336,2,a,1,train
T10_d02_336_b_1,,T10_336,T10,336,2,b,1,train
T10_d03_336_a_1,,T10_336,T10,336,3,a,1,train
T10_d03_336_b_1,,T10_336,T10,336,3,b,1,train
T10_d04_336_a_1,,T10_336,T10,336,4,a,1,train
T10_d04_336_b_1,,T10_336,T10,336,4,b,1,train
T10_d05_336_a_1,,T10_336,T10,336,5,a,1,train
T10_d05_336_b_1,,T10_336,T10,336,5,b,1,train
T10_d06_336_a_1,,T10_336,T10,336,6,a,1,train
T10_d06_336_b_1,,T10_336,T10,336,6,b,1,train
T10_d07_336_a_1,,T10_336,T10,336,7,a,1,train
T10_d07_336_b_1,,T10_336,T10,336,7,b,1,train
T10_d08_336_a_2,,T10_336,T10,336,8,a,2,train
T10_d08_336_b_2,,T10_336,T10,336,8,b,2,train
T10_d09_336_a_2,,T10_336,T10,336,9,a,2,train
T10_d09_336_b_2,,T10_336,T10,336,9,b,2,train
T10_d10_336_a_3,,T10_336,T10,336,10,a,3,train
T10_d10_336_b_3,,T10_336,T10,336,10,b,3,train
T10_d11_336_a_4,,T10_336,T10,336,11,a,4,train
T10_d11_336_b_4,,T10_336,T10,336,11,b,4,train
T10_d12_336_a_4,,T10_336,T10,336,12,a,4,train
T10_d12_336_b_4,,T10_336,T10,336,12,b,4,train
T10_d13_336_a_4,,T10_336,T10,336,13,a,4,train
T10_d13_336_b_4,,T10_336,T10,336,13,b,4,train
T10_d14_336_a_4,,T10_336,T10,336,14,a,4,train
T10_d14_336_b_4,,T10_336,T10,336,14,b,4,train
T10_d15_336_a_4,,T10_336,T10,336,15,a,4,train
T10_d15_336_b_4,,T10_336,T10,336,15,b,4,train
T10_d16_336_a_4,,T10_336,T10,336,16,a,4,train
T10_d16_336_b_4,,T10_336,T10,336,16,b,4,train
T10_d17_336_a_5,,T10_336,T10,336,17,a,5,train
T10_d17_336_b_5,,T10_336,T10,336,17,b,5,train
T10_d18_336_a_5,,T10_336,T10,336,18,a,5,train
T10_d18_336_b_5,,T10_336,T10,336,18,b,5,train
T10_d19_336_a_5,,T10_336,T10,336,19,a,5,train
T10_d19_336_b_5,,T10_336,T10,336,19,b,5,train
T10_d20_336_a_5,,T10_336,T10,336,20,a,5,train
T10_d20_336_b_5,,T10_336,T10,336,20,b,5,train
T10_d21_336_a_5,,T10_336,T10,336,21,a,5,train
T10_d21_336_b_5,,T10_336,T10,336,21,b,5,train
T10_d22_336_a_5,,T10_336,T10,336,22,a,5,train
T10_d22_336_b_5,,T10_336,T10,336,22,b,5,train
T10_d23_336_a_5,,T10_336,T10,336,23,a,5,train
T10_d23_336_b_5,,T10_336,T10,336,23,b,5,train
T10_d24_336_a_5,,T10_336,T10,336,24,a,5,train
T10_d24_336_b_5,,T10_336,T10,336,24,b,5,train
T10_d25_336_a_5,,T10_336,T10,336,25,a,5,train
T10_d25_336_b_5,,T10_336,T10,336,25,b,5,train
T10_d26_336_a_5,,T10_336,T10,336,26,a,5,train
T10_d26_336_b_5,,T10_336,T10,336,26,b,5,train
T10_d01_338_a_1,,T10_338,T10,338,1,a,1,train
T10_d01_338_b_1,,T10_338,T10,338,1,b,1,train
T10_d02_338_a_1,,T10_338,T10,338,2,a,1,train
T10_d02_338_b_1,,T10_338,T10,338,2,b,1,train
T10_d03_338_a_1,,T10_338,T10,338,3,a,1,train
T10_d03_338_b_1,,T10_338,T10,338,3,b,1,train
T10_d04_338_a_1,,T10_338,T10,338,4,a,1,train
T10_d04_338_b_1,,T10_338,T10,338,4,b,1,train
T10_d05_338_a_1,,T10_338,T10,338,5,a,1,train
T10_d05_338_b_1,,T10_338,T10,338,5,b,1,train
T10_d06_338_a_1,,T10_338,T10,338,6,a,1,train
T10_d06_338_b_1,,T10_338,T10,338,6,b,1,train
T10_d07_338_a_1,,T10_338,T10,338,7,a,1,train
T10_d07_338_b_1,,T10_338,T10,338,7,b,1,train
T10_d08_338_a_1,,T10_338,T10,338,8,a,1,train
T10_d08_338_b_1,,T10_338,T10,338,8,b,1,train
T10_d09_338_a_2,,T10_338,T10,338,9,a,2,train
T10_d09_338_b_2,,T10_338,T10,338,9,b,2,train
T10_d10_338_a_2,,T10_338,T10,338,10,a,2,train
T10_d10_338_b_2,,T10_338,T10,338,10,b,2,train
T10_d11_338_a_3,,T10_338,T10,338,11,a,3,train
T10_d11_338_b_3,,T10_338,T10,338,11,b,3,train
T10_d12_338_a_3,,T10_338,T10,338,12,a,3,train
T10_d12_338_b_3,,T10_338,T10,338,12,b,3,train
T10_d13_338_a_3,,T10_338,T10,338,13,a,3,train
T10_d13_338_b_3,,T10_338,T10,338,13,b,3,train
T10_d14_338_a_3,,T10_338,T10,338,14,a,3,train
T10_d14_338_b_3,,T10_338,T10,338,14,b,3,train
T10_d15_338_a_3,,T10_338,T10,338,15,a,3,train
T10_d15_338_b_3,,T10_338,T10,338,15,b,3,train
T10_d16_338_a_3,,T10_338,T10,338,16,a,3,train
T10_d16_338_b_3,,T10_338,T10,338,16,b,3,train
T10_d17_338_a_4,,T10_338,T10,338,17,a,4,train
T10_d17_338_b_4,,T10_338,T10,338,17,b,4,train
T10_d18_338_a_4,,T10_338,T10,338,18,a,4,train
T10_d18_338_b_4,,T10_338,T10,338,18,b,4,train
T10_d19_338_a_4,,T10_338,T10,338,19,a,4,train
T10_d19_338_b_4,,T10_338,T10,338,19,b,4,train
T10_d20_338_a_5,,T10_338,T10,338,20,a,5,train
T10_d20_338_b_5,,T10_338,T10,338,20,b,5,train
T10_d21_338_a_5,,T10_338,T10,338,21,a,5,train
T10_d21_338_b_5,,T10_338,T10,338,21,b,5,train
T10_d22_338_a_5,,T10_338,T10,338,22,a,5,train
T10_d22_338_b_5,,T10_338,T10,338,22,b,5,train
T10_d23_338_a_5,,T10_338,T10,338,23,a,5,train
T10_d23_338_b_5,,T10_338,T10,338,23,b,5,train
T10_d24_338_a_5,,T10_338,T10,338,24,a,5,train
T10_d24_338_b_5,,T10_338,T10,338,24,b,5,train
T10_d25_338_a_5,,T10_338,T10,338,25,a,5,train
T10_d25_338_b_5,,T10_338,T10,338,25,b,5,train
T10_d01_349_a_1,,T10_349,T10,349,1,a,1,train
T10_d01_349_b_1,,T10_349,T10,349,1,b,1,train
T10_d02_349_a_1,,T10_349,T10,349,2,a,1,train
T10_d02_349_b_1,,T10_349,T10,349,2,b,1,train
T10_d03_349_a_1,,T10_349,T10,349,3,a,1,train
T10_d03_349_b_1,,T10_349,T10,349,3,b,1,train
T10_d04_349_a_1,,T10_349,T10,349,4,a,1,train
T10_d04_349_b_1,,T10_349,T10,349,4,b,1,train
T10_d05_349_a_1,,T10_349,T10,349,5,a,1,train
T10_d05_349_b_1,,T10_349,T10,349,5,b,1,train
T10_d06_349_a_1,,T10_349,T10,349,6,a,1,train
T10_d06_349_b_1,,T10_349,T10,349,6,b,1,train
T10_d07_349_a_2,,T10_349,T10,349,7,a,2,train
T10_d07_349_b_2,,T10_349,T10,349,7,b,2,train
T10_d08_349_a_2,,T10_349,T10,349,8,a,2,train
T10_d08_349_b_2,,T10_349,T10,349,8,b,2,train
T10_d09_349_a_2,,T10_349,T10,349,9,a,2,train
T10_d09_349_b_2,,T10_349,T10,349,9,b,2,train
T10_d10_349_a_3,,T10_349,T10,349,10,a,3,train
T10_d10_349_b_3,,T10_349,T10,349,10,b,3,train
T10_d11_349_a_3,,T10_349,T10,349,11,a,3,train
T10_d11_349_b_3,,T10_349,T10,349,11,b,3,train
T10_d12_349_a_3,,T10_349,T10,349,12,a,3,train
T10_d12_349_b_3,,T10_349,T10,349,12,b,3,train
T10_d13_349_a_4,,T10_349,T10,349,13,a,4,train
T10_d13_349_b_4,,T10_349,T10,349,13,b,4,train
T10_d14_349_a_4,,T10_349,T10,349,14,a,4,train
T10_d14_349_b_4,,T10_349,T10,349,14,b,4,train
T10_d15_349_a_4,,T10_349,T10,349,15,a,4,train
T10_d15_349_b_4,,T10_349,T10,349,15,b,4,train
T10_d16_349_a_4,,T10_349,T10,349,16,a,4,train
T10_d16_349_b_4,,T10_349,T10,349,16,b,4,train
T10_d17_349_a_4,,T10_349,T10,349,17,a,4,train
T10_d17_349_b_4,,T10_349,T10,349,17,b,4,train
T10_d18_349_a_4,,T10_349,T10,349,18,a,4,train
T10_d18_349_b_4,,T10_349,T10,349,18,b,4,train
T10_d19_349_a_4,,T10_349,T10,349,19,a,4,train
T10_d19_349_b_4,,T10_349,T10,349,19,b,4,train
T10_d20_349_a_4,,T10_349,T10,349,20,a,4,train
T10_d20_349_b_4,,T10_349,T10,349,20,b,4,train
T10_d21_349_a_4,,T10_349,T10,349,21,a,4,train
T10_d21_349_b_4,,T10_349,T10,349,21,b,4,train
T10_d22_349_a_4,,T10_349,T10,349,22,a,4,train
T10_d22_349_b_4,,T10_349,T10,349,22,b,4,train
T10_d23_349_a_5,,T10_349,T10,349,23,a,5,train
T10_d23_349_b_5,,T10_349,T10,349,23,b,5,train
T10_d24_349_a_5,,T10_349,T10,349,24,a,5,train
T10_d24_349_b_5,,T10_349,T10,349,24,b,5,train
T10_d25_349_a_5,,T10_349,T10,349,25,a,5,train
T10_d25_349_b_5,,T10_349,T10,349,25,b,5,train
T10_d26_349_a_5,,T10_349,T10,349,26,a,5,train
T10_d26_349_b_5,,T10_349,T10,349,26,b,5,train
T10_d01_350_a_1,,T10_350,T10,350,1,a,1,train
T10_d01_350_b_1,,T10_350,T10,350,1,b,1,train
T10_d02_350_a_1,,T10_350,T10,350,2,a,1,train
T10_d02_350_b_1,,T10_350,T10,350,2,b,1,train
T10_d03_350_a_1,,T10_350,T10,350,3,a,1,train
T10_d03_350_b_1,,T10_350,T10,350,3,b,1,train
T10_d04_350_a_1,,T10_350,T10,350,4,a,1,train
T10_d04_350_b_1,,T10_350,T10,350,4,b,1,train
T10_d05_350_a_1,,T10_350,T10,350,5,a,1,train
T10_d05_350_b_1,,T10_350,T10,350,5,b,1,train
T10_d06_350_a_1,,T10_350,T10,350,6,a,1,train
T10_d06_350_b_1,,T10_350,T10,350,6,b,1,train
T10_d07_350_a_1,,T10_350,T10,350,7,a,1,train
T10_d07_350_b_1,,T10_350,T10,350,7,b,1,train
T10_d08_350_a_1,,T10_350,T10,350,8,a,1,train
T10_d08_350_b_1,,T10_350,T10,350,8,b,1,train
T10_d09_350_a_2,,T10_350,T10,350,9,a,2,train
T10_d09_350_b_2,,T10_350,T10,350,9,b,2,train
T10_d10_350_a_3,,T10_350,T10,350,10,a,3,train
T10_d10_350_b_3,,T10_350,T10,350,10,b,3,train
T10_d11_350_a_3,,T10_350,T10,350,11,a,3,train
T10_d11_350_b_3,,T10_350,T10,350,11,b,3,train
T10_d12_350_a_3,,T10_350,T10,350,12,a,3,train
T10_d12_350_b_3,,T10_350,T10,350,12,b,3,train
T10_d13_350_a_3,,T10_350,T10,350,13,a,3,train
T10_d13_350_b_3,,T10_350,T10,350,13,b,3,train
T10_d14_350_a_3,,T10_350,T10,350,14,a,3,train
T10_d14_350_b_3,,T10_350,T10,350,14,b,3,train
T10_d15_350_a_3,,T10_350,T10,350,15,a,3,train
T10_d15_350_b_3,,T10_350,T10,350,15,b,3,train
T10_d16_350_a_3,,T10_350,T10,350,16,a,3,train
T10_d16_350_b_3,,T10_350,T10,350,16,b,3,train
T10_d17_350_a_4,,T10_350,T10,350,17,a,4,train
T10_d17_350_b_4,,T10_350,T10,350,17,b,4,train
T10_d18_350_a_4,,T10_350,T10,350,18,a,4,train
T10_d18_350_b_4,,T10_350,T10,350,18,b,4,train
T10_d19_350_a_4,,T10_350,T10,350,19,a,4,train
T10_d19_350_b_4,,T10_350,T10,350,19,b,4,train
T10_d20_350_a_4,,T10_350,T10,350,20,a,4,train
T10_d20_350_b_4,,T10_350,T10,350,20,b,4,train
T10_d21_350_a_4,,T10_350,T10,350,21,a,4,train
T10_d21_350_b_4,,T10_350,T10,350,21,b,4,train
T10_d22_350_a_4,,T10_350,T10,350,22,a,4,train
T10_d22_350_b_4,,T10_350,T10,350,22,b,4,train
T10_d23_350_a_4,,T10_350,T10,350,23,a,4,train
T10_d23_350_b_4,,T10_350,T10,350,23,b,4,train
T10_d24_350_a_5,,T10_350,T10,350,24,a,5,train
T10_d24_350_b_5,,T10_350,T10,350,24,b,5,train
T10_d25_350_a_5,,T10_350,T10,350,25,a,5,train
T10_d25_350_b_5,,T10_350,T10,350,25,b,5,train
T10_d26_350_a_5,,T10_350,T10,350,26,a,5,train
T10_d26_350_b_5,,T10_350,T10,350,26,b,5,train
T10_d01_351_a_1,,T10_351,T10,351,1,a,1,train
T10_d01_351_b_1,,T10_351,T10,351,1,b,1,train
T10_d02_351_a_1,,T10_351,T10,351,2,a,1,train
T10_d02_351_b_1,,T10_351,T10,351,2,b,1,train
T10_d03_351_a_1,,T10_351,T10,351,3,a,1,train
T10_d03_351_b_1,,T10_351,T10,351,3,b,1,train
T10_d04_351_a_1,,T10_351,T10,351,4,a,1,train
T10_d04_351_b_1,,T10_351,T10,351,4,b,1,train
T10_d05_351_a_1,,T10_351,T10,351,5,a,1,train
T10_d05_351_b_1,,T10_351,T10,351,5,b,1,train
T10_d06_351_a_1,,T10_351,T10,351,6,a,1,train
T10_d06_351_b_1,,T10_351,T10,351,6,b,1,train
T10_d07_351_a_1,,T10_351,T10,351,7,a,1,train
T10_d07_351_b_1,,T10_351,T10,351,7,b,1,train
T10_d08_351_a_1,,T10_351,T10,351,8,a,1,train
T10_d08_351_b_1,,T10_351,T10,351,8,b,1,train
T10_d09_351_a_2,,T10_351,T10,351,9,a,2,train
T10_d09_351_b_2,,T10_351,T10,351,9,b,2,train
T10_d10_351_a_2,,T10_351,T10,351,10,a,2,train
T10_d10_351_b_2,,T10_351,T10,351,10,b,2,train
T10_d11_351_a_2,,T10_351,T10,351,11,a,2,train
T10_d11_351_b_2,,T10_351,T10,351,11,b,2,train
T10_d12_351_a_2,,T10_351,T10,351,12,a,2,train
T10_d12_351_b_2,,T10_351,T10,351,12,b,2,train
T10_d13_351_a_2,,T10_351,T10,351,13,a,2,train
T10_d13_351_b_2,,T10_351,T10,351,13,b,2,train
T10_d14_351_a_2,,T10_351,T10,351,14,a,2,train
T10_d14_351_b_2,,T10_351,T10,351,14,b,2,train
T10_d15_351_a_3,,T10_351,T10,351,15,a,3,train
T10_d15_351_b_3,,T10_351,T10,351,15,b,3,train
T10_d16_351_a_3,,T10_351,T10,351,16,a,3,train
T10_d16_351_b_3,,T10_351,T10,351,16,b,3,train
T10_d17_351_a_3,,T10_351,T10,351,17,a,3,train
T10_d17_351_b_3,,T10_351,T10,351,17,b,3,train
T10_d18_351_a_4,,T10_351,T10,351,18,a,4,train
T10_d18_351_b_4,,T10_351,T10,351,18,b,4,train
T10_d19_351_a_4,,T10_351,T10,351,19,a,4,train
T10_d19_351_b_4,,T10_351,T10,351,19,b,4,train
T10_d20_351_a_4,,T10_351,T10,351,20,a,4,train
T10_d20_351_b_4,,T10_351,T10,351,20,b,4,train
T10_d21_351_a_4,,T10_351,T10,351,21,a,4,train
T10_d21_351_b_4,,T10_351,T10,351,21,b,4,train
T10_d01_353_a_1,,T10_353,T10,353,1,a,1,train
T10_d01_353_b_1,,T10_353,T10,353,1,b,1,train
T10_d02_353_a_1,,T10_353,T10,353,2,a,1,train
T10_d02_353_b_1,,T10_353,T10,353,2,b,1,train
T10_d03_353_a_1,,T10_353,T10,353,3,a,1,train
T10_d03_353_b_1,,T10_353,T10,353,3,b,1,train
T10_d04_353_a_1,,T10_353,T10,353,4,a,1,train
T10_d04_353_b_1,,T10_353,T10,353,4,b,1,train
T10_d05_353_a_1,,T10_353,T10,353,5,a,1,train
T10_d05_353_b_1,,T10_353,T10,353,5,b,1,train
T10_d06_353_a_1,,T10_353,T10,353,6,a,1,train
T10_d06_353_b_1,,T10_353,T10,353,6,b,1,train
T10_d07_353_a_1,,T10_353,T10,353,7,a,1,train
T10_d07_353_b_1,,T10_353,T10,353,7,b,1,train
T10_d08_353_a_2,,T10_353,T10,353,8,a,2,train
T10_d08_353_b_2,,T10_353,T10,353,8,b,2,train
T10_d09_353_a_2,,T10_353,T10,353,9,a,2,train
T10_d09_353_b_2,,T10_353,T10,353,9,b,2,train
T10_d10_353_a_3,,T10_353,T10,353,10,a,3,train
T10_d10_353_b_3,,T10_353,T10,353,10,b,3,train
T10_d11_353_a_3,,T10_353,T10,353,11,a,3,train
T10_d11_353_b_3,,T10_353,T10,353,11,b,3,train
T10_d12_353_a_3,,T10_353,T10,353,12,a,3,train
T10_d12_353_b_3,,T10_353,T10,353,12,b,3,train
T10_d13_353_a_3,,T10_353,T10,353,13,a,3,train
T10_d13_353_b_3,,T10_353,T10,353,13,b,3,train
T10_d14_353_a_3,,T10_353,T10,353,14,a,3,train
T10_d14_353_b_3,,T10_353,T10,353,14,b,3,train
T10_d15_353_a_3,,T10_353,T10,353,15,a,3,train
T10_d15_353_b_3,,T10_353,T10,353,15,b,3,train
T10_d16_353_a_4,,T10_353,T10,353,16,a,4,train
T10_d16_353_b_4,,T10_353,T10,353,16,b,4,train
T10_d17_353_a_4,,T10_353,T10,353,17,a,4,train
T10_d17_353_b_4,,T10_353,T10,353,17,b,4,train
T10_d18_353_a_4,,T10_353,T10,353,18,a,4,train
T10_d18_353_b_4,,T10_353,T10,353,18,b,4,train
T10_d19_353_a_4,,T10_353,T10,353,19,a,4,train
T10_d19_353_b_4,,T10_353,T10,353,19,b,4,train
T10_d20_353_a_4,,T10_353,T10,353,20,a,4,train
T10_d20_353_b_4,,T10_353,T10,353,20,b,4,train
T10_d21_353_a_4,,T10_353,T10,353,21,a,4,train
T10_d21_353_b_4,,T10_353,T10,353,21,b,4,train
T10_d22_353_a_5,,T10_353,T10,353,22,a,5,train
T10_d22_353_b_5,,T10_353,T10,353,22,b,5,train
T10_d23_353_a_5,,T10_353,T10,353,23,a,5,train
T10_d23_353_b_5,,T10_353,T10,353,23,b,5,train
T10_d24_353_a_5,,T10_353,T10,353,24,a,5,train
T10_d24_353_b_5,,T10_353,T10,353,24,b,5,train
T10_d25_353_a_5,,T10_353,T10,353,25,a,5,train
T10_d25_353_b_5,,T10_353,T10,353,25,b,5,train
T10_d26_353_a_5,,T10_353,T10,353,26,a,5,train
T10_d26_353_b_5,,T10_353,T10,353,26,b,5,train
T10_d01_355_a_1,,T10_355,T10,355,1,a,1,train
T10_d01_355_b_1,,T10_355,T10,355,1,b,1,train
T10_d02_355_a_1,,T10_355,T10,355,2,a,1,train
T10_d02_355_b_1,,T10_355,T10,355,2,b,1,train
T10_d03_355_a_1,,T10_355,T10,355,3,a,1,train
T10_d03_355_b_1,,T10_355,T10,355,3,b,1,train
T10_d04_355_a_1,,T10_355,T10,355,4,a,1,train
T10_d04_355_b_1,,T10_355,T10,355,4,b,1,train
T10_d05_355_a_1,,T10_355,T10,355,5,a,1,train
T10_d05_355_b_1,,T10_355,T10,355,5,b,1,train
T10_d06_355_a_1,,T10_355,T10,355,6,a,1,train
T10_d06_355_b_1,,T10_355,T10,355,6,b,1,train
T10_d07_355_a_1,,T10_355,T10,355,7,a,1,train
T10_d07_355_b_1,,T10_355,T10,355,7,b,1,train
T10_d08_355_a_1,,T10_355,T10,355,8,a,1,train
T10_d08_355_b_1,,T10_355,T10,355,8,b,1,train
T10_d09_355_a_2,,T10_355,T10,355,9,a,2,train
T10_d09_355_b_2,,T10_355,T10,355,9,b,2,train
T10_d10_355_a_3,,T10_355,T10,355,10,a,3,train
T10_d10_355_b_3,,T10_355,T10,355,10,b,3,train
T10_d11_355_a_3,,T10_355,T10,355,11,a,3,train
T10_d11_355_b_3,,T10_355,T10,355,11,b,3,train
T10_d12_355_a_3,,T10_355,T10,355,12,a,3,train
T10_d12_355_b_3,,T10_355,T10,355,12,b,3,train
T10_d13_355_a_3,,T10_355,T10,355,13,a,3,train
T10_d13_355_b_3,,T10_355,T10,355,13,b,3,train
T10_d14_355_a_3,,T10_355,T10,355,14,a,3,train
T10_d14_355_b_3,,T10_355,T10,355,14,b,3,train
T10_d15_355_a_3,,T10_355,T10,355,15,a,3,train
T10_d15_355_b_3,,T10_355,T10,355,15,b,3,train
T10_d16_355_a_4,,T10_355,T10,355,16,a,4,train
T10_d16_355_b_4,,T10_355,T10,355,16,b,4,train
T10_d17_355_a_4,,T10_355,T10,355,17,a,4,train
T10_d17_355_b_4,,T10_355,T10,355,17,b,4,train
T10_d18_355_a_4,,T10_355,T10,355,18,a,4,train
T10_d18_355_b_4,,T10_355,T10,355,18,b,4,train
T10_d19_355_a_4,,T10_355,T10,355,19,a,4,train
T10_d19_355_b_4,,T10_355,T10,355,19,b,4,train
T10_d20_355_a_4,,T10_355,T10,355,20,a,4,train
T10_d20_355_b_4,,T10_355,T10,355,20,b,4,train
T10_d21_355_a_4,,T10_355,T10,355,21,a,4,train
T10_d21_355_b_4,,T10_355,T10,355,21,b,4,train
T10_d22_355_a_4,,T10_355,T10,355,22,a,4,train
T10_d22_355_b_4,,T10_355,T10,355,22,b,4,train
T10_d23_355_a_4,,T10_355,T10,355,23,a,4,train
T10_d23_355_b_4,,T10_355,T10,355,23,b,4,train
T10_d24_355_a_5,,T10_355,T10,355,24,a,5,train
T10_d24_355_b_5,,T10_355,T10,355,24,b,5,train
T10_d25_355_a_5,,T10_355,T10,355,25,a,5,train
T10_d25_355_b_5,,T10_355,T10,355,25,b,5,train
T10_d26_355_a_5,,T10_355,T10,355,26,a,5,train
T10_d26_355_b_5,,T10_355,T10,355,26,b,5,train
T10_d01_359_a_1,,T10_359,T10,359,1,a,1,train
T10_d01_359_b_1,,T10_359,T10,359,1,b,1,train
T10_d01_372_a_1,,T10_372,T10,372,1,a,1,train
T10_d01_372_b_1,,T10_372,T10,372,1,b,1,train
T10_d02_372_a_1,,T10_372,T10,372,2,a,1,train
T10_d02_372_b_1,,T10_372,T10,372,2,b,1,train
T10_d03_372_a_1,,T10_372,T10,372,3,a,1,train
T10_d03_372_b_1,,T10_372,T10,372,3,b,1,train
T10_d04_372_a_1,,T10_372,T10,372,4,a,1,train
T10_d04_372_b_1,,T10_372,T10,372,4,b,1,train
T10_d05_372_a_1,,T10_372,T10,372,5,a,1,train
T10_d05_372_b_1,,T10_372,T10,372,5,b,1,train
T10_d06_372_a_1,,T10_372,T10,372,6,a,1,train
T10_d06_372_b_1,,T10_372,T10,372,6,b,1,train
T10_d07_372_a_1,,T10_372,T10,372,7,a,1,train
T10_d07_372_b_1,,T10_372,T10,372,7,b,1,train
T10_d08_372_a_1,,T10_372,T10,372,8,a,1,train
T10_d08_372_b_1,,T10_372,T10,372,8,b,1,train
T10_d09_372_a_2,,T10_372,T10,372,9,a,2,train
T10_d09_372_b_2,,T10_372,T10,372,9,b,2,train
T10_d10_372_a_2,,T10_372,T10,372,10,a,2,train
T10_d10_372_b_2,,T10_372,T10,372,10,b,2,train
T10_d11_372_a_3,,T10_372,T10,372,11,a,3,train
T10_d11_372_b_3,,T10_372,T10,372,11,b,3,train
T10_d12_372_a_3,,T10_372,T10,372,12,a,3,train
T10_d12_372_b_3,,T10_372,T10,372,12,b,3,train
T10_d13_372_a_3,,T10_372,T10,372,13,a,3,train
T10_d13_372_b_3,,T10_372,T10,372,13,b,3,train
T10_d14_372_a_3,,T10_372,T10,372,14,a,3,train
T10_d14_372_b_3,,T10_372,T10,372,14,b,3,train
T10_d15_372_a_3,,T10_372,T10,372,15,a,3,train
T10_d15_372_b_3,,T10_372,T10,372,15,b,3,train
T10_d16_372_a_3,,T10_372,T10,372,16,a,3,train
T10_d16_372_b_3,,T10_372,T10,372,16,b,3,train
T10_d17_372_a_3,,T10_372,T10,372,17,a,3,train
T10_d17_372_b_3,,T10_372,T10,372,17,b,3,train
T10_d18_372_a_3,,T10_372,T10,372,18,a,3,train
T10_d18_372_b_3,,T10_372,T10,372,18,b,3,train
T10_d19_372_a_4,,T10_372,T10,372,19,a,4,train
T10_d19_372_b_4,,T10_372,T10,372,19,b,4,train
T10_d20_372_a_4,,T10_372,T10,372,20,a,4,train
T10_d20_372_b_4,,T10_372,T10,372,20,b,4,train
T10_d21_372_a_5,,T10_372,T10,372,21,a,5,train
T10_d21_372_b_5,,T10_372,T10,372,21,b,5,train
T10_d22_372_a_5,,T10_372,T10,372,22,a,5,train
T10_d22_372_b_5,,T10_372,T10,372,22,b,5,train
T10_d23_372_a_5,,T10_372,T10,372,23,a,5,train
T10_d23_372_b_5,,T10_372,T10,372,23,b,5,train
T10_d24_372_a_5,,T10_372,T10,372,24,a,5,train
T10_d24_372_b_5,,T10_372,T10,372,24,b,5,train
T10_d25_372_a_5,,T10_372,T10,372,25,a,5,train
T10_d25_372_b_5,,T10_372,T10,372,25,b,5,train
T10_d26_372_a_5,,T10_372,T10,372,26,a,5,train
T10_d26_372_b_5,,T10_372,T10,372,26,b,5,train
T10_d01_373_a_1,,T10_373,T10,373,1,a,1,train
T10_d01_373_b_1,,T10_373,T10,373,1,b,1,train
T10_d02_373_a_1,,T10_373,T10,373,2,a,1,train
T10_d02_373_b_1,,T10_373,T10,373,2,b,1,train
T10_d03_373_a_1,,T10_373,T10,373,3,a,1,train
T10_d03_373_b_1,,T10_373,T10,373,3,b,1,train
T10_d04_373_a_1,,T10_373,T10,373,4,a,1,train
T10_d04_373_b_1,,T10_373,T10,373,4,b,1,train
T10_d05_373_a_1,,T10_373,T10,373,5,a,1,train
T10_d05_373_b_1,,T10_373,T10,373,5,b,1,train
T10_d06_373_a_1,,T10_373,T10,373,6,a,1,train
T10_d06_373_b_1,,T10_373,T10,373,6,b,1,train
T10_d07_373_a_2,,T10_373,T10,373,7,a,2,train
T10_d07_373_b_2,,T10_373,T10,373,7,b,2,train
T10_d01_375_a_1,,T10_375,T10,375,1,a,1,train
T10_d01_375_b_1,,T10_375,T10,375,1,b,1,train
T10_d02_375_a_1,,T10_375,T10,375,2,a,1,train
T10_d02_375_b_1,,T10_375,T10,375,2,b,1,train
T10_d03_375_a_1,,T10_375,T10,375,3,a,1,train
T10_d03_375_b_1,,T10_375,T10,375,3,b,1,train
T10_d04_375_a_1,,T10_375,T10,375,4,a,1,train
T10_d04_375_b_1,,T10_375,T10,375,4,b,1,train
T10_d05_375_a_1,,T10_375,T10,375,5,a,1,train
T10_d05_375_b_1,,T10_375,T10,375,5,b,1,train
T10_d06_375_a_1,,T10_375,T10,375,6,a,1,train
T10_d06_375_b_1,,T10_375,T10,375,6,b,1,train
T10_d07_375_a_1,,T10_375,T10,375,7,a,1,train
T10_d07_375_b_1,,T10_375,T10,375,7,b,1,train
T10_d08_375_a_2,,T10_375,T10,375,8,a,2,train
T10_d08_375_b_2,,T10_375,T10,375,8,b,2,train
T10_d09_375_a_2,,T10_375,T10,375,9,a,2,train
T10_d09_375_b_2,,T10_375,T10,375,9,b,2,train
T10_d10_375_a_2,,T10_375,T10,375,10,a,2,train
T10_d10_375_b_2,,T10_375,T10,375,10,b,2,train
T10_d11_375_a_3,,T10_375,T10,375,11,a,3,train
T10_d11_375_b_3,,T10_375,T10,375,11,b,3,train
T10_d12_375_a_3,,T10_375,T10,375,12,a,3,train
T10_d12_375_b_3,,T10_375,T10,375,12,b,3,train
T10_d13_375_a_3,,T10_375,T10,375,13,a,3,train
T10_d13_375_b_3,,T10_375,T10,375,13,b,3,train
T10_d14_375_a_3,,T10_375,T10,375,14,a,3,train
T10_d14_375_b_3,,T10_375,T10,375,14,b,3,train
T10_d15_375_a_3,,T10_375,T10,375,15,a,3,train
T10_d15_375_b_3,,T10_375,T10,375,15,b,3,train
T10_d16_375_a_3,,T10_375,T10,375,16,a,3,train
T10_d16_375_b_3,,T10_375,T10,375,16,b,3,train
T10_d17_375_a_4,,T10_375,T10,375,17,a,4,train
T10_d17_375_b_4,,T10_375,T10,375,17,b,4,train
T10_d18_375_a_4,,T10_375,T10,375,18,a,4,train
T10_d18_375_b_4,,T10_375,T10,375,18,b,4,train
T10_d19_375_a_4,,T10_375,T10,375,19,a,4,train
T10_d19_375_b_4,,T10_375,T10,375,19,b,4,train
T10_d20_375_a_4,,T10_375,T10,375,20,a,4,train
T10_d20_375_b_4,,T10_375,T10,375,20,b,4,train
T10_d21_375_a_4,,T10_375,T10,375,21,a,4,train
T10_d21_375_b_4,,T10_375,T10,375,21,b,4,train
T10_d22_375_a_4,,T10_375,T10,375,22,a,4,train
T10_d22_375_b_4,,T10_375,T10,375,22,b,4,train
T10_d23_375_a_5,,T10_375,T10,375,23,a,5,train
T10_d23_375_b_5,,T10_375,T10,375,23,b,5,train
T10_d24_375_a_5,,T10_375,T10,375,24,a,5,train
T10_d24_375_b_5,,T10_375,T10,375,24,b,5,train
T10_d25_375_a_5,,T10_375,T10,375,25,a,5,train
T10_d25_375_b_5,,T10_375,T10,375,25,b,5,train
T10_d26_375_a_5,,T10_375,T10,375,26,a,5,train
T10_d26_375_b_5,,T10_375,T10,375,26,b,5,train
T10_d01_376_a_1,,T10_376,T10,376,1,a,1,train
T10_d01_376_b_1,,T10_376,T10,376,1,b,1,train
T10_d02_376_a_1,,T10_376,T10,376,2,a,1,train
T10_d02_376_b_1,,T10_376,T10,376,2,b,1,train
T10_d03_376_a_1,,T10_376,T10,376,3,a,1,train
T10_d03_376_b_1,,T10_376,T10,376,3,b,1,train
T10_d04_376_a_1,,T10_376,T10,376,4,a,1,train
T10_d04_376_b_1,,T10_376,T10,376,4,b,1,train
T10_d05_376_a_1,,T10_376,T10,376,5,a,1,train
T10_d05_376_b_1,,T10_376,T10,376,5,b,1,train
T10_d06_376_a_1,,T10_376,T10,376,6,a,1,train
T10_d06_376_b_1,,T10_376,T10,376,6,b,1,train
T10_d07_376_a_1,,T10_376,T10,376,7,a,1,train
T10_d07_376_b_1,,T10_376,T10,376,7,b,1,train
T10_d08_376_a_2,,T10_376,T10,376,8,a,2,train
T10_d08_376_b_2,,T10_376,T10,376,8,b,2,train
T10_d09_376_a_2,,T10_376,T10,376,9,a,2,train
T10_d09_376_b_2,,T10_376,T10,376,9,b,2,train
T10_d10_376_a_3,,T10_376,T10,376,10,a,3,train
T10_d10_376_b_3,,T10_376,T10,376,10,b,3,train
T10_d11_376_a_3,,T10_376,T10,376,11,a,3,train
T10_d11_376_b_3,,T10_376,T10,376,11,b,3,train
T10_d12_376_a_3,,T10_376,T10,376,12,a,3,train
T10_d12_376_b_3,,T10_376,T10,376,12,b,3,train
T10_d13_376_a_4,,T10_376,T10,376,13,a,4,train
T10_d13_376_b_4,,T10_376,T10,376,13,b,4,train
T10_d14_376_a_4,,T10_376,T10,376,14,a,4,train
T10_d14_376_b_4,,T10_376,T10,376,14,b,4,train
T10_d15_376_a_4,,T10_376,T10,376,15,a,4,train
T10_d15_376_b_4,,T10_376,T10,376,15,b,4,train
T10_d16_376_a_4,,T10_376,T10,376,16,a,4,train
T10_d16_376_b_4,,T10_376,T10,376,16,b,4,train
T10_d17_376_a_4,,T10_376,T10,376,17,a,4,train
T10_d17_376_b_4,,T10_376,T10,376,17,b,4,train
T10_d18_376_a_4,,T10_376,T10,376,18,a,4,train
T10_d18_376_b_4,,T10_376,T10,376,18,b,4,train
T10_d19_376_a_4,,T10_376,T10,376,19,a,4,train
T10_d19_376_b_4,,T10_376,T10,376,19,b,4,train
T10_d20_376_a_5,,T10_376,T10,376,20,a,5,train
T10_d20_376_b_5,,T10_376,T10,376,20,b,5,train
T10_d21_376_a_5,,T10_376,T10,376,21,a,5,train
T10_d21_376_b_5,,T10_376,T10,376,21,b,5,train
T10_d22_376_a_5,,T10_376,T10,376,22,a,5,train
T10_d22_376_b_5,,T10_376,T10,376,22,b,5,train
T10_d23_376_a_5,,T10_376,T10,376,23,a,5,train
T10_d23_376_b_5,,T10_376,T10,376,23,b,5,train
T10_d24_376_a_5,,T10_376,T10,376,24,a,5,train
T10_d24_376_b_5,,T10_376,T10,376,24,b,5,train
T10_d25_376_a_5,,T10_376,T10,376,25,a,5,train
T10_d25_376_b_5,,T10_376,T10,376,25,b,5,train
T10_d26_376_a_5,,T10_376,T10,376,26,a,5,train
T10_d26_376_b_5,,T10_376,T10,376,26,b,5,train
T10_d01_377_a_1,,T10_377,T10,377,1,a,1,train
T10_d01_377_b_1,,T10_377,T10,377,1,b,1,train
T10_d02_377_a_1,,T10_377,T10,377,2,a,1,train
T10_d02_377_b_1,,T10_377,T10,377,2,b,1,train
T10_d03_377_a_1,,T10_377,T10,377,3,a,1,train
T10_d03_377_b_1,,T10_377,T10,377,3,b,1,train
T10_d04_377_a_1,,T10_377,T10,377,4,a,1,train
T10_d04_377_b_1,,T10_377,T10,377,4,b,1,train
T10_d05_377_a_2,,T10_377,T10,377,5,a,2,train
T10_d05_377_b_2,,T10_377,T10,377,5,b,2,train
T10_d06_377_a_2,,T10_377,T10,377,6,a,2,train
T10_d06_377_b_2,,T10_377,T10,377,6,b,2,train
T10_d07_377_a_2,,T10_377,T10,377,7,a,2,train
T10_d07_377_b_2,,T10_377,T10,377,7,b,2,train
T10_d08_377_a_2,,T10_377,T10,377,8,a,2,train
T10_d08_377_b_2,,T10_377,T10,377,8,b,2,train
T10_d09_377_a_2,,T10_377,T10,377,9,a,2,train
T10_d09_377_b_2,,T10_377,T10,377,9,b,2,train
T10_d10_377_a_3,,T10_377,T10,377,10,a,3,train
T10_d10_377_b_3,,T10_377,T10,377,10,b,3,train
T10_d11_377_a_3,,T10_377,T10,377,11,a,3,train
T10_d11_377_b_3,,T10_377,T10,377,11,b,3,train
T10_d12_377_a_3,,T10_377,T10,377,12,a,3,train
T10_d12_377_b_3,,T10_377,T10,377,12,b,3,train
T10_d13_377_a_4,,T10_377,T10,377,13,a,4,train
T10_d13_377_b_4,,T10_377,T10,377,13,b,4,train
T10_d14_377_a_4,,T10_377,T10,377,14,a,4,train
T10_d14_377_b_4,,T10_377,T10,377,14,b,4,train
T10_d15_377_a_4,,T10_377,T10,377,15,a,4,train
T10_d15_377_b_4,,T10_377,T10,377,15,b,4,train
T10_d16_377_a_4,,T10_377,T10,377,16,a,4,train
T10_d16_377_b_4,,T10_377,T10,377,16,b,4,train
T10_d17_377_a_4,,T10_377,T10,377,17,a,4,train
T10_d17_377_b_4,,T10_377,T10,377,17,b,4,train
T10_d18_377_a_4,,T10_377,T10,377,18,a,4,train
T10_d18_377_b_4,,T10_377,T10,377,18,b,4,train
T10_d19_377_a_4,,T10_377,T10,377,19,a,4,train
T10_d19_377_b_4,,T10_377,T10,377,19,b,4,train
T10_d20_377_a_4,,T10_377,T10,377,20,a,4,train
T10_d20_377_b_4,,T10_377,T10,377,20,b,4,train
T10_d21_377_a_4,,T10_377,T10,377,21,a,4,train
T10_d21_377_b_4,,T10_377,T10,377,21,b,4,train
T10_d22_377_a_5,,T10_377,T10,377,22,a,5,train
T10_d22_377_b_5,,T10_377,T10,377,22,b,5,train
T10_d23_377_a_5,,T10_377,T10,377,23,a,5,train
T10_d23_377_b_5,,T10_377,T10,377,23,b,5,train
T10_d24_377_a_5,,T10_377,T10,377,24,a,5,train
T10_d24_377_b_5,,T10_377,T10,377,24,b,5,train
T10_d25_377_a_5,,T10_377,T10,377,25,a,5,train
T10_d25_377_b_5,,T10_377,T10,377,25,b,5,train
T10_d26_377_a_5,,T10_377,T10,377,26,a,5,train
T10_d26_377_b_5,,T10_377,T10,377,26,b,5,train
T10_d01_381_a_1,,T10_381,T10,381,1,a,1,train
T10_d01_381_b_1,,T10_381,T10,381,1,b,1,train
T10_d02_381_a_1,,T10_381,T10,381,2,a,1,train
T10_d02_381_b_1,,T10_381,T10,381,2,b,1,train
T10_d03_381_a_1,,T10_381,T10,381,3,a,1,train
T10_d03_381_b_1,,T10_381,T10,381,3,b,1,train
T10_d04_381_a_1,,T10_381,T10,381,4,a,1,train
T10_d04_381_b_1,,T10_381,T10,381,4,b,1,train
T10_d05_381_a_2,,T10_381,T10,381,5,a,2,train
T10_d05_381_b_2,,T10_381,T10,381,5,b,2,train
T10_d06_381_a_2,,T10_381,T10,381,6,a,2,train
T10_d06_381_b_2,,T10_381,T10,381,6,b,2,train
T10_d07_381_a_2,,T10_381,T10,381,7,a,2,train
T10_d07_381_b_2,,T10_381,T10,381,7,b,2,train
T10_d08_381_a_2,,T10_381,T10,381,8,a,2,train
T10_d08_381_b_2,,T10_381,T10,381,8,b,2,train
T10_d09_381_a_2,,T10_381,T10,381,9,a,2,train
T10_d09_381_b_2,,T10_381,T10,381,9,b,2,train
T10_d10_381_a_3,,T10_381,T10,381,10,a,3,train
T10_d10_381_b_3,,T10_381,T10,381,10,b,3,train
T10_d11_381_a_3,,T10_381,T10,381,11,a,3,train
T10_d11_381_b_3,,T10_381,T10,381,11,b,3,train
T10_d12_381_a_3,,T10_381,T10,381,12,a,3,train
T10_d12_381_b_3,,T10_381,T10,381,12,b,3,train
T10_d13_381_a_3,,T10_381,T10,381,13,a,3,train
T10_d13_381_b_3,,T10_381,T10,381,13,b,3,train
T10_d14_381_a_3,,T10_381,T10,381,14,a,3,train
T10_d14_381_b_3,,T10_381,T10,381,14,b,3,train
T10_d15_381_a_3,,T10_381,T10,381,15,a,3,train
T10_d15_381_b_3,,T10_381,T10,381,15,b,3,train
T10_d16_381_a_3,,T10_381,T10,381,16,a,3,train
T10_d16_381_b_3,,T10_381,T10,381,16,b,3,train
T10_d17_381_a_4,,T10_381,T10,381,17,a,4,train
T10_d17_381_b_4,,T10_381,T10,381,17,b,4,train
T10_d18_381_a_4,,T10_381,T10,381,18,a,4,train
T10_d18_381_b_4,,T10_381,T10,381,18,b,4,train
T10_d19_381_a_4,,T10_381,T10,381,19,a,4,train
T10_d19_381_b_4,,T10_381,T10,381,19,b,4,train
T10_d20_381_a_4,,T10_381,T10,381,20,a,4,train
T10_d20_381_b_4,,T10_381,T10,381,20,b,4,train
T10_d21_381_a_5,,T10_381,T10,381,21,a,5,train
T10_d21_381_b_5,,T10_381,T10,381,21,b,5,train
T10_d22_381_a_5,,T10_381,T10,381,22,a,5,train
T10_d22_381_b_5,,T10_381,T10,381,22,b,5,train
T10_d23_381_a_5,,T10_381,T10,381,23,a,5,train
T10_d23_381_b_5,,T10_381,T10,381,23,b,5,train
T10_d24_381_a_5,,T10_381,T10,381,24,a,5,train
T10_d24_381_b_5,,T10_381,T10,381,24,b,5,train
T10_d25_381_a_5,,T10_381,T10,381,25,a,5,train
T10_d25_381_b_5,,T10_381,T10,381,25,b,5,train
T10_d26_381_a_5,,T10_381,T10,381,26,a,5,train
T10_d26_381_b_5,,T10_381,T10,381,26,b,5,train
T10_d01_385_a_1,,T10_385,T10,385,1,a,1,train
T10_d01_385_b_1,,T10_385,T10,385,1,b,1,train
T10_d02_385_a_1,,T10_385,T10,385,2,a,1,train
T10_d02_385_b_1,,T10_385,T10,385,2,b,1,train
T10_d03_385_a_1,,T10_385,T10,385,3,a,1,train
T10_d03_385_b_1,,T10_385,T10,385,3,b,1,train
T10_d04_385_a_1,,T10_385,T10,385,4,a,1,train
T10_d04_385_b_1,,T10_385,T10,385,4,b,1,train
T10_d05_385_a_1,,T10_385,T10,385,5,a,1,train
T10_d05_385_b_1,,T10_385,T10,385,5,b,1,train
T10_d06_385_a_1,,T10_385,T10,385,6,a,1,train
T10_d06_385_b_1,,T10_385,T10,385,6,b,1,train
T10_d07_385_a_1,,T10_385,T10,385,7,a,1,train
T10_d07_385_b_1,,T10_385,T10,385,7,b,1,train
T10_d08_385_a_1,,T10_385,T10,385,8,a,1,train
T10_d08_385_b_1,,T10_385,T10,385,8,b,1,train
T10_d09_385_a_2,,T10_385,T10,385,9,a,2,train
T10_d09_385_b_2,,T10_385,T10,385,9,b,2,train
T10_d10_385_a_2,,T10_385,T10,385,10,a,2,train
T10_d10_385_b_2,,T10_385,T10,385,10,b,2,train
T10_d11_385_a_3,,T10_385,T10,385,11,a,3,train
T10_d11_385_b_3,,T10_385,T10,385,11,b,3,train
T10_d12_385_a_3,,T10_385,T10,385,12,a,3,train
T10_d12_385_b_3,,T10_385,T10,385,12,b,3,train
T10_d13_385_a_3,,T10_385,T10,385,13,a,3,train
T10_d13_385_b_3,,T10_385,T10,385,13,b,3,train
T10_d14_385_a_3,,T10_385,T10,385,14,a,3,train
T10_d14_385_b_3,,T10_385,T10,385,14,b,3,train
T10_d15_385_a_3,,T10_385,T10,385,15,a,3,train
T10_d15_385_b_3,,T10_385,T10,385,15,b,3,train
T10_d16_385_a_3,,T10_385,T10,385,16,a,3,train
T10_d16_385_b_3,,T10_385,T10,385,16,b,3,train
T10_d17_385_a_4,,T10_385,T10,385,17,a,4,train
T10_d17_385_b_4,,T10_385,T10,385,17,b,4,train
T10_d18_385_a_4,,T10_385,T10,385,18,a,4,train
T10_d18_385_b_4,,T10_385,T10,385,18,b,4,train
T10_d19_385_a_4,,T10_385,T10,385,19,a,4,train
T10_d19_385_b_4,,T10_385,T10,385,19,b,4,train
T10_d20_385_a_4,,T10_385,T10,385,20,a,4,train
T10_d20_385_b_4,,T10_385,T10,385,20,b,4,train
T10_d21_385_a_4,,T10_385,T10,385,21,a,4,train
T10_d21_385_b_4,,T10_385,T10,385,21,b,4,train
T10_d22_385_a_5,,T10_385,T10,385,22,a,5,train
T10_d22_385_b_5,,T10_385,T10,385,22,b,5,train
T10_d23_385_a_5,,T10_385,T10,385,23,a,5,train
T10_d23_385_b_5,,T10_385,T10,385,23,b,5,train
T10_d24_385_a_5,,T10_385,T10,385,24,a,5,train
T10_d24_385_b_5,,T10_385,T10,385,24,b,5,train
T10_d25_385_a_5,,T10_385,T10,385,25,a,5,train
T10_d25_385_b_5,,T10_385,T10,385,25,b,5,train
T10_d26_385_a_5,,T10_385,T10,385,26,a,5,train
T10_d26_385_b_5,,T10_385,T10,385,26,b,5,train
T10_d01_387_a_1,,T10_387,T10,387,1,a,1,train
T10_d01_387_b_1,,T10_387,T10,387,1,b,1,train
T10_d02_387_a_1,,T10_387,T10,387,2,a,1,train
T10_d02_387_b_1,,T10_387,T10,387,2,b,1,train
T10_d03_387_a_1,,T10_387,T10,387,3,a,1,train
T10_d03_387_b_1,,T10_387,T10,387,3,b,1,train
T10_d04_387_a_1,,T10_387,T10,387,4,a,1,train
T10_d04_387_b_1,,T10_387,T10,387,4,b,1,train
T10_d05_387_a_1,,T10_387,T10,387,5,a,1,train
T10_d05_387_b_1,,T10_387,T10,387,5,b,1,train
T10_d06_387_a_1,,T10_387,T10,387,6,a,1,train
T10_d06_387_b_1,,T10_387,T10,387,6,b,1,train
T10_d07_387_a_1,,T10_387,T10,387,7,a,1,train
T10_d07_387_b_1,,T10_387,T10,387,7,b,1,train
T10_d08_387_a_1,,T10_387,T10,387,8,a,1,train
T10_d08_387_b_1,,T10_387,T10,387,8,b,1,train
T10_d09_387_a_2,,T10_387,T10,387,9,a,2,train
T10_d09_387_b_2,,T10_387,T10,387,9,b,2,train
T10_d10_387_a_2,,T10_387,T10,387,10,a,2,train
T10_d10_387_b_2,,T10_387,T10,387,10,b,2,train
T10_d11_387_a_3,,T10_387,T10,387,11,a,3,train
T10_d11_387_b_3,,T10_387,T10,387,11,b,3,train
T10_d12_387_a_3,,T10_387,T10,387,12,a,3,train
T10_d12_387_b_3,,T10_387,T10,387,12,b,3,train
T10_d13_387_a_3,,T10_387,T10,387,13,a,3,train
T10_d13_387_b_3,,T10_387,T10,387,13,b,3,train
T10_d14_387_a_3,,T10_387,T10,387,14,a,3,train
T10_d14_387_b_3,,T10_387,T10,387,14,b,3,train
T10_d15_387_a_3,,T10_387,T10,387,15,a,3,train
T10_d15_387_b_3,,T10_387,T10,387,15,b,3,train
T10_d16_387_a_3,,T10_387,T10,387,16,a,3,train
T10_d16_387_b_3,,T10_387,T10,387,16,b,3,train
T10_d17_387_a_4,,T10_387,T10,387,17,a,4,train
T10_d17_387_b_4,,T10_387,T10,387,17,b,4,train
T10_d18_387_a_4,,T10_387,T10,387,18,a,4,train
T10_d18_387_b_4,,T10_387,T10,387,18,b,4,train
T10_d19_387_a_4,,T10_387,T10,387,19,a,4,train
T10_d19_387_b_4,,T10_387,T10,387,19,b,4,train
T10_d20_387_a_4,,T10_387,T10,387,20,a,4,train
T10_d20_387_b_4,,T10_387,T10,387,20,b,4,train
T10_d21_387_a_4,,T10_387,T10,387,21,a,4,train
T10_d21_387_b_4,,T10_387,T10,387,21,b,4,train
T10_d22_387_a_4,,T10_387,T10,387,22,a,4,train
T10_d22_387_b_4,,T10_387,T10,387,22,b,4,train
T10_d23_387_a_5,,T10_387,T10,387,23,a,5,train
T10_d23_387_b_5,,T10_387,T10,387,23,b,5,train
T10_d24_387_a_5,,T10_387,T10,387,24,a,5,train
T10_d24_387_b_5,,T10_387,T10,387,24,b,5,train
T10_d25_387_a_5,,T10_387,T10,387,25,a,5,train
T10_d25_387_b_5,,T10_387,T10,387,25,b,5,train
T10_d26_387_a_5,,T10_387,T10,387,26,a,5,train
T10_d26_387_b_5,,T10_387,T10,387,26,b,5,train
T10_d01_392_a_1,,T10_392,T10,392,1,a,1,train
T10_d01_392_b_1,,T10_392,T10,392,1,b,1,train
T10_d02_392_a_1,,T10_392,T10,392,2,a,1,train
T10_d02_392_b_1,,T10_392,T10,392,2,b,1,train
T10_d03_392_a_1,,T10_392,T10,392,3,a,1,train
T10_d03_392_b_1,,T10_392,T10,392,3,b,1,train
T10_d04_392_a_1,,T10_392,T10,392,4,a,1,train
T10_d04_392_b_1,,T10_392,T10,392,4,b,1,train
T10_d05_392_a_1,,T10_392,T10,392,5,a,1,train
T10_d05_392_b_1,,T10_392,T10,392,5,b,1,train
T10_d06_392_a_1,,T10_392,T10,392,6,a,1,train
T10_d06_392_b_1,,T10_392,T10,392,6,b,1,train
T10_d07_392_a_2,,T10_392,T10,392,7,a,2,train
T10_d07_392_b_2,,T10_392,T10,392,7,b,2,train
T10_d08_392_a_2,,T10_392,T10,392,8,a,2,train
T10_d08_392_b_2,,T10_392,T10,392,8,b,2,train
T10_d09_392_a_3,,T10_392,T10,392,9,a,3,train
T10_d09_392_b_3,,T10_392,T10,392,9,b,3,train
T10_d10_392_a_3,,T10_392,T10,392,10,a,3,train
T10_d10_392_b_3,,T10_392,T10,392,10,b,3,train
T10_d11_392_a_4,,T10_392,T10,392,11,a,4,train
T10_d11_392_b_4,,T10_392,T10,392,11,b,4,train
T10_d12_392_a_4,,T10_392,T10,392,12,a,4,train
T10_d12_392_b_4,,T10_392,T10,392,12,b,4,train
T10_d13_392_a_4,,T10_392,T10,392,13,a,4,train
T10_d13_392_b_4,,T10_392,T10,392,13,b,4,train
T10_d14_392_a_4,,T10_392,T10,392,14,a,4,train
T10_d14_392_b_4,,T10_392,T10,392,14,b,4,train
T10_d15_392_a_4,,T10_392,T10,392,15,a,4,train
T10_d15_392_b_4,,T10_392,T10,392,15,b,4,train
T10_d16_392_a_4,,T10_392,T10,392,16,a,4,train
T10_d16_392_b_4,,T10_392,T10,392,16,b,4,train
T10_d17_392_a_4,,T10_392,T10,392,17,a,4,train
T10_d17_392_b_4,,T10_392,T10,392,17,b,4,train
T10_d18_392_a_4,,T10_392,T10,392,18,a,4,train
T10_d18_392_b_4,,T10_392,T10,392,18,b,4,train
T10_d19_392_a_4,,T10_392,T10,392,19,a,4,train
T10_d19_392_b_4,,T10_392,T10,392,19,b,4,train
T10_d20_392_a_4,,T10_392,T10,392,20,a,4,train
T10_d20_392_b_4,,T10_392,T10,392,20,b,4,train
T10_d21_392_a_4,,T10_392,T10,392,21,a,4,train
T10_d21_392_b_4,,T10_392,T10,392,21,b,4,train
T10_d22_392_a_4,,T10_392,T10,392,22,a,4,train
T10_d22_392_b_4,,T10_392,T10,392,22,b,4,train
T10_d23_392_a_5,,T10_392,T10,392,23,a,5,train
T10_d23_392_b_5,,T10_392,T10,392,23,b,5,train
T10_d24_392_a_5,,T10_392,T10,392,24,a,5,train
T10_d24_392_b_5,,T10_392,T10,392,24,b,5,train
T10_d25_392_a_5,,T10_392,T10,392,25,a,5,train
T10_d25_392_b_5,,T10_392,T10,392,25,b,5,train
T10_d26_392_a_5,,T10_392,T10,392,26,a,5,train
T10_d26_392_b_5,,T10_392,T10,392,26,b,5,train
T10_d01_395_a_1,,T10_395,T10,395,1,a,1,train
T10_d01_395_b_1,,T10_395,T10,395,1,b,1,train
T10_d02_395_a_1,,T10_395,T10,395,2,a,1,train
T10_d02_395_b_1,,T10_395,T10,395,2,b,1,train
T10_d03_395_a_1,,T10_395,T10,395,3,a,1,train
T10_d03_395_b_1,,T10_395,T10,395,3,b,1,train
T10_d04_395_a_1,,T10_395,T10,395,4,a,1,train
T10_d04_395_b_1,,T10_395,T10,395,4,b,1,train
T10_d05_395_a_1,,T10_395,T10,395,5,a,1,train
T10_d05_395_b_1,,T10_395,T10,395,5,b,1,train
T10_d06_395_a_1,,T10_395,T10,395,6,a,1,train
T10_d06_395_b_1,,T10_395,T10,395,6,b,1,train
T10_d07_395_a_1,,T10_395,T10,395,7,a,1,train
T10_d07_395_b_1,,T10_395,T10,395,7,b,1,train
T10_d08_395_a_2,,T10_395,T10,395,8,a,2,train
T10_d08_395_b_2,,T10_395,T10,395,8,b,2,train
T10_d09_395_a_2,,T10_395,T10,395,9,a,2,train
T10_d09_395_b_2,,T10_395,T10,395,9,b,2,train
T10_d10_395_a_3,,T10_395,T10,395,10,a,3,train
T10_d10_395_b_3,,T10_395,T10,395,10,b,3,train
T10_d11_395_a_3,,T10_395,T10,395,11,a,3,train
T10_d11_395_b_3,,T10_395,T10,395,11,b,3,train
T10_d12_395_a_3,,T10_395,T10,395,12,a,3,train
T10_d12_395_b_3,,T10_395,T10,395,12,b,3,train
T10_d13_395_a_3,,T10_395,T10,395,13,a,3,train
T10_d13_395_b_3,,T10_395,T10,395,13,b,3,train
T10_d14_395_a_3,,T10_395,T10,395,14,a,3,train
T10_d14_395_b_3,,T10_395,T10,395,14,b,3,train
T10_d15_395_a_3,,T10_395,T10,395,15,a,3,train
T10_d15_395_b_3,,T10_395,T10,395,15,b,3,train
T10_d16_395_a_3,,T10_395,T10,395,16,a,3,train
T10_d16_395_b_3,,T10_395,T10,395,16,b,3,train
T10_d17_395_a_4,,T10_395,T10,395,17,a,4,train
T10_d17_395_b_4,,T10_395,T10,395,17,b,4,train
T10_d18_395_a_4,,T10_395,T10,395,18,a,4,train
T10_d18_395_b_4,,T10_395,T10,395,18,b,4,train
T10_d19_395_a_4,,T10_395,T10,395,19,a,4,train
T10_d19_395_b_4,,T10_395,T10,395,19,b,4,train
T10_d20_395_a_4,,T10_395,T10,395,20,a,4,train
T10_d20_395_b_4,,T10_395,T10,395,20,b,4,train
T10_d21_395_a_5,,T10_395,T10,395,21,a,5,train
T10_d21_395_b_5,,T10_395,T10,395,21,b,5,train
T10_d22_395_a_5,,T10_395,T10,395,22,a,5,train
T10_d22_395_b_5,,T10_395,T10,395,22,b,5,train
T10_d23_395_a_5,,T10_395,T10,395,23,a,5,train
T10_d23_395_b_5,,T10_395,T10,395,23,b,5,train
T10_d24_395_a_5,,T10_395,T10,395,24,a,5,train
T10_d24_395_b_5,,T10_395,T10,395,24,b,5,train
T10_d25_395_a_5,,T10_395,T10,395,25,a,5,train
T10_d25_395_b_5,,T10_395,T10,395,25,b,5,train
T10_d26_395_a_5,,T10_395,T10,395,26,a,5,train
T10_d26_395_b_5,,T10_395,T10,395,26,b,5,train
T10_d01_399_a_1,,T10_399,T10,399,1,a,1,train
T10_d01_399_b_1,,T10_399,T10,399,1,b,1,train
T10_d02_399_a_1,,T10_399,T10,399,2,a,1,train
T10_d02_399_b_1,,T10_399,T10,399,2,b,1,train
T10_d03_399_a_1,,T10_399,T10,399,3,a,1,train
T10_d03_399_b_1,,T10_399,T10,399,3,b,1,train
T10_d04_399_a_1,,T10_399,T10,399,4,a,1,train
T10_d04_399_b_1,,T10_399,T10,399,4,b,1,train
T10_d05_399_a_2,,T10_399,T10,399,5,a,2,train
T10_d05_399_b_2,,T10_399,T10,399,5,b,2,train
T10_d06_399_a_2,,T10_399,T10,399,6,a,2,train
T10_d06_399_b_2,,T10_399,T10,399,6,b,2,train
T10_d07_399_a_2,,T10_399,T10,399,7,a,2,train
T10_d07_399_b_2,,T10_399,T10,399,7,b,2,train
T10_d08_399_a_2,,T10_399,T10,399,8,a,2,train
T10_d08_399_b_2,,T10_399,T10,399,8,b,2,train
T10_d09_399_a_3,,T10_399,T10,399,9,a,3,train
T10_d09_399_b_3,,T10_399,T10,399,9,b,3,train
T10_d10_399_a_4,,T10_399,T10,399,10,a,4,train
T10_d10_399_b_4,,T10_399,T10,399,10,b,4,train
T10_d11_399_a_4,,T10_399,T10,399,11,a,4,train
T10_d11_399_b_4,,T10_399,T10,399,11,b,4,train
T10_d12_399_a_4,,T10_399,T10,399,12,a,4,train
T10_d12_399_b_4,,T10_399,T10,399,12,b,4,train
T10_d13_399_a_4,,T10_399,T10,399,13,a,4,train
T10_d13_399_b_4,,T10_399,T10,399,13,b,4,train
T10_d14_399_a_4,,T10_399,T10,399,14,a,4,train
T10_d14_399_b_4,,T10_399,T10,399,14,b,4,train
T10_d15_399_a_4,,T10_399,T10,399,15,a,4,train
T10_d15_399_b_4,,T10_399,T10,399,15,b,4,train
T10_d16_399_a_4,,T10_399,T10,399,16,a,4,train
T10_d16_399_b_4,,T10_399,T10,399,16,b,4,train
T10_d17_399_a_5,,T10_399,T10,399,17,a,5,train
T10_d17_399_b_5,,T10_399,T10,399,17,b,5,train
T10_d18_399_a_5,,T10_399,T10,399,18,a,5,train
T10_d18_399_b_5,,T10_399,T10,399,18,b,5,train
T10_d19_399_a_5,,T10_399,T10,399,19,a,5,train
T10_d19_399_b_5,,T10_399,T10,399,19,b,5,train
T10_d20_399_a_5,,T10_399,T10,399,20,a,5,train
T10_d20_399_b_5,,T10_399,T10,399,20,b,5,train
T10_d21_399_a_5,,T10_399,T10,399,21,a,5,train
T10_d21_399_b_5,,T10_399,T10,399,21,b,5,train
T10_d22_399_a_5,,T10_399,T10,399,22,a,5,train
T10_d22_399_b_5,,T10_399,T10,399,22,b,5,train
T10_d23_399_a_5,,T10_399,T10,399,23,a,5,train
T10_d23_399_b_5,,T10_399,T10,399,23,b,5,train
T10_d24_399_a_5,,T10_399,T10,399,24,a,5,train
T10_d24_399_b_5,,T10_399,T10,399,24,b,5,train
T10_d25_399_a_5,,T10_399,T10,399,25,a,5,train
T10_d25_399_b_5,,T10_399,T10,399,25,b,5,train
T10_d26_399_a_5,,T10_399,T10,399,26,a,5,train
T10_d26_399_b_5,,T10_399,T10,399,26,b,5,train
T10_d01_401_a_1,,T10_401,T10,401,1,a,1,train
T10_d01_401_b_1,,T10_401,T10,401,1,b,1,train
T10_d02_401_a_1,,T10_401,T10,401,2,a,1,train
T10_d02_401_b_1,,T10_401,T10,401,2,b,1,train
T10_d03_401_a_1,,T10_401,T10,401,3,a,1,train
T10_d03_401_b_1,,T10_401,T10,401,3,b,1,train
T10_d04_401_a_1,,T10_401,T10,401,4,a,1,train
T10_d04_401_b_1,,T10_401,T10,401,4,b,1,train
T10_d05_401_a_1,,T10_401,T10,401,5,a,1,train
T10_d05_401_b_1,,T10_401,T10,401,5,b,1,train
T10_d06_401_a_1,,T10_401,T10,401,6,a,1,train
T10_d06_401_b_1,,T10_401,T10,401,6,b,1,train
T10_d07_401_a_1,,T10_401,T10,401,7,a,1,train
T10_d07_401_b_1,,T10_401,T10,401,7,b,1,train
T10_d08_401_a_1,,T10_401,T10,401,8,a,1,train
T10_d08_401_b_1,,T10_401,T10,401,8,b,1,train
T10_d09_401_a_2,,T10_401,T10,401,9,a,2,train
T10_d09_401_b_2,,T10_401,T10,401,9,b,2,train
T10_d10_401_a_2,,T10_401,T10,401,10,a,2,train
T10_d10_401_b_2,,T10_401,T10,401,10,b,2,train
T10_d11_401_a_2,,T10_401,T10,401,11,a,2,train
T10_d11_401_b_2,,T10_401,T10,401,11,b,2,train
T10_d12_401_a_3,,T10_401,T10,401,12,a,3,train
T10_d12_401_b_3,,T10_401,T10,401,12,b,3,train
T10_d13_401_a_3,,T10_401,T10,401,13,a,3,train
T10_d13_401_b_3,,T10_401,T10,401,13,b,3,train
T10_d14_401_a_3,,T10_401,T10,401,14,a,3,train
T10_d14_401_b_3,,T10_401,T10,401,14,b,3,train
T10_d15_401_a_3,,T10_401,T10,401,15,a,3,train
T10_d15_401_b_3,,T10_401,T10,401,15,b,3,train
T10_d16_401_a_3,,T10_401,T10,401,16,a,3,train
T10_d16_401_b_3,,T10_401,T10,401,16,b,3,train
T10_d17_401_a_4,,T10_401,T10,401,17,a,4,train
T10_d17_401_b_4,,T10_401,T10,401,17,b,4,train
T10_d18_401_a_4,,T10_401,T10,401,18,a,4,train
T10_d18_401_b_4,,T10_401,T10,401,18,b,4,train
T10_d19_401_a_4,,T10_401,T10,401,19,a,4,train
T10_d19_401_b_4,,T10_401,T10,401,19,b,4,train
T10_d20_401_a_4,,T10_401,T10,401,20,a,4,train
T10_d20_401_b_4,,T10_401,T10,401,20,b,4,train
T10_d21_401_a_4,,T10_401,T10,401,21,a,4,train
T10_d21_401_b_4,,T10_401,T10,401,21,b,4,train
T10_d22_401_a_4,,T10_401,T10,401,22,a,4,train
T10_d22_401_b_4,,T10_401,T10,401,22,b,4,train
T10_d23_401_a_5,,T10_401,T10,401,23,a,5,train
T10_d23_401_b_5,,T10_401,T10,401,23,b,5,train
T10_d24_401_a_5,,T10_401,T10,401,24,a,5,train
T10_d24_401_b_5,,T10_401,T10,401,24,b,5,train
T10_d25_401_a_5,,T10_401,T10,401,25,a,5,train
T10_d25_401_b_5,,T10_401,T10,401,25,b,5,train
T10_d26_401_a_5,,T10_401,T10,401,26,a,5,train
T10_d26_401_b_5,,T10_401,T10,401,26,b,5,train
T10_d01_402_a_1,,T10_402,T10,402,1,a,1,train
T10_d01_402_b_1,,T10_402,T10,402,1,b,1,train
T10_d02_402_a_1,,T10_402,T10,402,2,a,1,train
T10_d02_402_b_1,,T10_402,T10,402,2,b,1,train
T10_d03_402_a_1,,T10_402,T10,402,3,a,1,train
T10_d03_402_b_1,,T10_402,T10,402,3,b,1,train
T10_d04_402_a_1,,T10_402,T10,402,4,a,1,train
T10_d04_402_b_1,,T10_402,T10,402,4,b,1,train
T10_d05_402_a_1,,T10_402,T10,402,5,a,1,train
T10_d05_402_b_1,,T10_402,T10,402,5,b,1,train
T10_d06_402_a_1,,T10_402,T10,402,6,a,1,train
T10_d06_402_b_1,,T10_402,T10,402,6,b,1,train
T10_d07_402_a_1,,T10_402,T10,402,7,a,1,train
T10_d07_402_b_1,,T10_402,T10,402,7,b,1,train
T10_d08_402_a_1,,T10_402,T10,402,8,a,1,train
T10_d08_402_b_1,,T10_402,T10,402,8,b,1,train
T10_d09_402_a_2,,T10_402,T10,402,9,a,2,train
T10_d09_402_b_2,,T10_402,T10,402,9,b,2,train
T10_d10_402_a_3,,T10_402,T10,402,10,a,3,train
T10_d10_402_b_3,,T10_402,T10,402,10,b,3,train
T10_d11_402_a_3,,T10_402,T10,402,11,a,3,train
T10_d11_402_b_3,,T10_402,T10,402,11,b,3,train
T10_d12_402_a_3,,T10_402,T10,402,12,a,3,train
T10_d12_402_b_3,,T10_402,T10,402,12,b,3,train
T10_d13_402_a_3,,T10_402,T10,402,13,a,3,train
T10_d13_402_b_3,,T10_402,T10,402,13,b,3,train
T10_d14_402_a_3,,T10_402,T10,402,14,a,3,train
T10_d14_402_b_3,,T10_402,T10,402,14,b,3,train
T10_d15_402_a_4,,T10_402,T10,402,15,a,4,train
T10_d15_402_b_4,,T10_402,T10,402,15,b,4,train
T10_d16_402_a_4,,T10_402,T10,402,16,a,4,train
T10_d16_402_b_4,,T10_402,T10,402,16,b,4,train
T10_d17_402_a_4,,T10_402,T10,402,17,a,4,train
T10_d17_402_b_4,,T10_402,T10,402,17,b,4,train
T10_d18_402_a_4,,T10_402,T10,402,18,a,4,train
T10_d18_402_b_4,,T10_402,T10,402,18,b,4,train
T10_d19_402_a_4,,T10_402,T10,402,19,a,4,train
T10_d19_402_b_4,,T10_402,T10,402,19,b,4,train
T10_d20_402_a_4,,T10_402,T10,402,20,a,4,train
T10_d20_402_b_4,,T10_402,T10,402,20,b,4,train
T10_d21_402_a_4,,T10_402,T10,402,21,a,4,train
T10_d21_402_b_4,,T10_402,T10,402,21,b,4,train
T10_d22_402_a_4,,T10_402,T10,402,22,a,4,train
T10_d22_402_b_4,,T10_402,T10,402,22,b,4,train
T10_d23_402_a_4,,T10_402,T10,402,23,a,4,train
T10_d23_402_b_4,,T10_402,T10,402,23,b,4,train
T10_d24_402_a_5,,T10_402,T10,402,24,a,5,train
T10_d24_402_b_5,,T10_402,T10,402,24,b,5,train
T10_d25_402_a_5,,T10_402,T10,402,25,a,5,train
T10_d25_402_b_5,,T10_402,T10,402,25,b,5,train
T10_d26_402_a_5,,T10_402,T10,402,26,a,5,train
T10_d26_402_b_5,,T10_402,T10,402,26,b,5,train
T10_d01_405_a_1,,T10_405,T10,405,1,a,1,train
T10_d01_405_b_1,,T10_405,T10,405,1,b,1,train
T10_d02_405_a_1,,T10_405,T10,405,2,a,1,train
T10_d02_405_b_1,,T10_405,T10,405,2,b,1,train
T10_d03_405_a_1,,T10_405,T10,405,3,a,1,train
T10_d03_405_b_1,,T10_405,T10,405,3,b,1,train
T10_d04_405_a_1,,T10_405,T10,405,4,a,1,train
T10_d04_405_b_1,,T10_405,T10,405,4,b,1,train
T10_d05_405_a_1,,T10_405,T10,405,5,a,1,train
T10_d05_405_b_1,,T10_405,T10,405,5,b,1,train
T10_d06_405_a_1,,T10_405,T10,405,6,a,1,train
T10_d06_405_b_1,,T10_405,T10,405,6,b,1,train
T10_d07_405_a_1,,T10_405,T10,405,7,a,1,train
T10_d07_405_b_1,,T10_405,T10,405,7,b,1,train
T10_d08_405_a_2,,T10_405,T10,405,8,a,2,train
T10_d08_405_b_2,,T10_405,T10,405,8,b,2,train
T10_d09_405_a_2,,T10_405,T10,405,9,a,2,train
T10_d09_405_b_2,,T10_405,T10,405,9,b,2,train
T10_d10_405_a_3,,T10_405,T10,405,10,a,3,train
T10_d10_405_b_3,,T10_405,T10,405,10,b,3,train
T10_d11_405_a_3,,T10_405,T10,405,11,a,3,train
T10_d11_405_b_3,,T10_405,T10,405,11,b,3,train
T10_d12_405_a_3,,T10_405,T10,405,12,a,3,train
T10_d12_405_b_3,,T10_405,T10,405,12,b,3,train
T10_d13_405_a_3,,T10_405,T10,405,13,a,3,train
T10_d13_405_b_3,,T10_405,T10,405,13,b,3,train
T10_d14_405_a_3,,T10_405,T10,405,14,a,3,train
T10_d14_405_b_3,,T10_405,T10,405,14,b,3,train
T10_d15_405_a_3,,T10_405,T10,405,15,a,3,train
T10_d15_405_b_3,,T10_405,T10,405,15,b,3,train
T10_d16_405_a_3,,T10_405,T10,405,16,a,3,train
T10_d16_405_b_3,,T10_405,T10,405,16,b,3,train
T10_d17_405_a_3,,T10_405,T10,405,17,a,3,train
T10_d17_405_b_3,,T10_405,T10,405,17,b,3,train
T10_d18_405_a_4,,T10_405,T10,405,18,a,4,train
T10_d18_405_b_4,,T10_405,T10,405,18,b,4,train
T10_d19_405_a_4,,T10_405,T10,405,19,a,4,train
T10_d19_405_b_4,,T10_405,T10,405,19,b,4,train
T10_d20_405_a_4,,T10_405,T10,405,20,a,4,train
T10_d20_405_b_4,,T10_405,T10,405,20,b,4,train
T10_d21_405_a_4,,T10_405,T10,405,21,a,4,train
T10_d21_405_b_4,,T10_405,T10,405,21,b,4,train
T10_d22_405_a_4,,T10_405,T10,405,22,a,4,train
T10_d22_405_b_4,,T10_405,T10,405,22,b,4,train
T10_d23_405_a_5,,T10_405,T10,405,23,a,5,train
T10_d23_405_b_5,,T10_405,T10,405,23,b,5,train
T10_d24_405_a_5,,T10_405,T10,405,24,a,5,train
T10_d24_405_b_5,,T10_405,T10,405,24,b,5,train
T10_d25_405_a_5,,T10_405,T10,405,25,a,5,train
T10_d25_405_b_5,,T10_405,T10,405,25,b,5,train
T10_d26_405_a_5,,T10_405,T10,405,26,a,5,train
T10_d26_405_b_5,,T10_405,T10,405,26,b,5,train
T10_d01_406_a_1,,T10_406,T10,406,1,a,1,train
T10_d01_406_b_1,,T10_406,T10,406,1,b,1,train
T10_d02_406_a_1,,T10_406,T10,406,2,a,1,train
T10_d02_406_b_1,,T10_406,T10,406,2,b,1,train
T10_d03_406_a_1,,T10_406,T10,406,3,a,1,train
T10_d03_406_b_1,,T10_406,T10,406,3,b,1,train
T10_d04_406_a_1,,T10_406,T10,406,4,a,1,train
T10_d04_406_b_1,,T10_406,T10,406,4,b,1,train
T10_d05_406_a_2,,T10_406,T10,406,5,a,2,train
T10_d05_406_b_2,,T10_406,T10,406,5,b,2,train
T10_d06_406_a_2,,T10_406,T10,406,6,a,2,train
T10_d06_406_b_2,,T10_406,T10,406,6,b,2,train
T10_d07_406_a_2,,T10_406,T10,406,7,a,2,train
T10_d07_406_b_2,,T10_406,T10,406,7,b,2,train
T10_d08_406_a_2,,T10_406,T10,406,8,a,2,train
T10_d08_406_b_2,,T10_406,T10,406,8,b,2,train
T10_d09_406_a_2,,T10_406,T10,406,9,a,2,train
T10_d09_406_b_2,,T10_406,T10,406,9,b,2,train
T10_d10_406_a_2,,T10_406,T10,406,10,a,2,train
T10_d10_406_b_2,,T10_406,T10,406,10,b,2,train
T10_d11_406_a_3,,T10_406,T10,406,11,a,3,train
T10_d11_406_b_3,,T10_406,T10,406,11,b,3,train
T10_d12_406_a_3,,T10_406,T10,406,12,a,3,train
T10_d12_406_b_3,,T10_406,T10,406,12,b,3,train
T10_d13_406_a_3,,T10_406,T10,406,13,a,3,train
T10_d13_406_b_3,,T10_406,T10,406,13,b,3,train
T10_d14_406_a_4,,T10_406,T10,406,14,a,4,train
T10_d14_406_b_4,,T10_406,T10,406,14,b,4,train
T10_d15_406_a_4,,T10_406,T10,406,15,a,4,train
T10_d15_406_b_4,,T10_406,T10,406,15,b,4,train
T10_d16_406_a_4,,T10_406,T10,406,16,a,4,train
T10_d16_406_b_4,,T10_406,T10,406,16,b,4,train
T10_d17_406_a_5,,T10_406,T10,406,17,a,5,train
T10_d17_406_b_5,,T10_406,T10,406,17,b,5,train
T10_d18_406_a_5,,T10_406,T10,406,18,a,5,train
T10_d18_406_b_5,,T10_406,T10,406,18,b,5,train
T10_d19_406_a_5,,T10_406,T10,406,19,a,5,train
T10_d19_406_b_5,,T10_406,T10,406,19,b,5,train
T10_d20_406_a_5,,T10_406,T10,406,20,a,5,train
T10_d20_406_b_5,,T10_406,T10,406,20,b,5,train
T10_d21_406_a_5,,T10_406,T10,406,21,a,5,train
T10_d21_406_b_5,,T10_406,T10,406,21,b,5,train
T10_d22_406_a_5,,T10_406,T10,406,22,a,5,train
T10_d22_406_b_5,,T10_406,T10,406,22,b,5,train
T10_d23_406_a_5,,T10_406,T10,406,23,a,5,train
T10_d23_406_b_5,,T10_406,T10,406,23,b,5,train
T10_d24_406_a_5,,T10_406,T10,406,24,a,5,train
T10_d24_406_b_5,,T10_406,T10,406,24,b,5,train
T10_d25_406_a_5,,T10_406,T10,406,25,a,5,train
T10_d25_406_b_5,,T10_406,T10,406,25,b,5,train
T10_d26_406_a_5,,T10_406,T10,406,26,a,5,train
T10_d26_406_b_5,,T10_406,T10,406,26,b,5,train
T10_d01_408_a_1,,T10_408,T10,408,1,a,1,train
T10_d01_408_b_1,,T10_408,T10,408,1,b,1,train
T10_d02_408_a_1,,T10_408,T10,408,2,a,1,train
T10_d02_408_b_1,,T10_408,T10,408,2,b,1,train
T10_d03_408_a_1,,T10_408,T10,408,3,a,1,train
T10_d03_408_b_1,,T10_408,T10,408,3,b,1,train
T10_d04_408_a_1,,T10_408,T10,408,4,a,1,train
T10_d04_408_b_1,,T10_408,T10,408,4,b,1,train
T10_d05_408_a_1,,T10_408,T10,408,5,a,1,train
T10_d05_408_b_1,,T10_408,T10,408,5,b,1,train
T10_d06_408_a_1,,T10_408,T10,408,6,a,1,train
T10_d06_408_b_1,,T10_408,T10,408,6,b,1,train
T10_d07_408_a_1,,T10_408,T10,408,7,a,1,train
T10_d07_408_b_1,,T10_408,T10,408,7,b,1,train
T10_d08_408_a_1,,T10_408,T10,408,8,a,1,train
T10_d08_408_b_1,,T10_408,T10,408,8,b,1,train
T10_d09_408_a_2,,T10_408,T10,408,9,a,2,train
T10_d09_408_b_2,,T10_408,T10,408,9,b,2,train
T10_d10_408_a_2,,T10_408,T10,408,10,a,2,train
T10_d10_408_b_2,,T10_408,T10,408,10,b,2,train
T10_d11_408_a_3,,T10_408,T10,408,11,a,3,train
T10_d11_408_b_3,,T10_408,T10,408,11,b,3,train
T10_d12_408_a_3,,T10_408,T10,408,12,a,3,train
T10_d12_408_b_3,,T10_408,T10,408,12,b,3,train
T10_d13_408_a_3,,T10_408,T10,408,13,a,3,train
T10_d13_408_b_3,,T10_408,T10,408,13,b,3,train
T10_d14_408_a_3,,T10_408,T10,408,14,a,3,train
T10_d14_408_b_3,,T10_408,T10,408,14,b,3,train
T10_d15_408_a_3,,T10_408,T10,408,15,a,3,train
T10_d15_408_b_3,,T10_408,T10,408,15,b,3,train
T10_d16_408_a_3,,T10_408,T10,408,16,a,3,train
T10_d16_408_b_3,,T10_408,T10,408,16,b,3,train
T10_d17_408_a_4,,T10_408,T10,408,17,a,4,train
T10_d17_408_b_4,,T10_408,T10,408,17,b,4,train
T10_d18_408_a_4,,T10_408,T10,408,18,a,4,train
T10_d18_408_b_4,,T10_408,T10,408,18,b,4,train
T10_d19_408_a_4,,T10_408,T10,408,19,a,4,train
T10_d19_408_b_4,,T10_408,T10,408,19,b,4,train
T10_d20_408_a_4,,T10_408,T10,408,20,a,4,train
T10_d20_408_b_4,,T10_408,T10,408,20,b,4,train
T10_d21_408_a_4,,T10_408,T10,408,21,a,4,train
T10_d21_408_b_4,,T10_408,T10,408,21,b,4,train
T10_d22_408_a_4,,T10_408,T10,408,22,a,4,train
T10_d22_408_b_4,,T10_408,T10,408,22,b,4,train
T10_d23_408_a_5,,T10_408,T10,408,23,a,5,train
T10_d23_408_b_5,,T10_408,T10,408,23,b,5,train
T10_d24_408_a_5,,T10_408,T10,408,24,a,5,train
T10_d24_408_b_5,,T10_408,T10,408,24,b,5,train
T10_d25_408_a_5,,T10_408,T10,408,25,a,5,train
T10_d25_408_b_5,,T10_408,T10,408,25,b,5,train
T10_d26_408_a_5,,T10_408,T10,408,26,a,5,train
T10_d26_408_b_5,,T10_408,T10,408,26,b,5,train
T10_d01_413_a_1,,T10_413,T10,413,1,a,1,train
T10_d01_413_b_1,,T10_413,T10,413,1,b,1,train
T10_d02_413_a_1,,T10_413,T10,413,2,a,1,train
T10_d02_413_b_1,,T10_413,T10,413,2,b,1,train
T10_d03_413_a_1,,T10_413,T10,413,3,a,1,train
T10_d03_413_b_1,,T10_413,T10,413,3,b,1,train
T10_d04_413_a_1,,T10_413,T10,413,4,a,1,train
T10_d04_413_b_1,,T10_413,T10,413,4,b,1,train
T10_d05_413_a_1,,T10_413,T10,413,5,a,1,train
T10_d05_413_b_1,,T10_413,T10,413,5,b,1,train
T10_d06_413_a_1,,T10_413,T10,413,6,a,1,train
T10_d06_413_b_1,,T10_413,T10,413,6,b,1,train
T10_d07_413_a_1,,T10_413,T10,413,7,a,1,train
T10_d07_413_b_1,,T10_413,T10,413,7,b,1,train
T10_d08_413_a_1,,T10_413,T10,413,8,a,1,train
T10_d08_413_b_1,,T10_413,T10,413,8,b,1,train
T10_d09_413_a_2,,T10_413,T10,413,9,a,2,train
T10_d09_413_b_2,,T10_413,T10,413,9,b,2,train
T10_d10_413_a_2,,T10_413,T10,413,10,a,2,train
T10_d10_413_b_2,,T10_413,T10,413,10,b,2,train
T10_d11_413_a_3,,T10_413,T10,413,11,a,3,train
T10_d11_413_b_3,,T10_413,T10,413,11,b,3,train
T10_d12_413_a_3,,T10_413,T10,413,12,a,3,train
T10_d12_413_b_3,,T10_413,T10,413,12,b,3,train
T10_d13_413_a_3,,T10_413,T10,413,13,a,3,train
T10_d13_413_b_3,,T10_413,T10,413,13,b,3,train
T10_d14_413_a_3,,T10_413,T10,413,14,a,3,train
T10_d14_413_b_3,,T10_413,T10,413,14,b,3,train
T10_d15_413_a_3,,T10_413,T10,413,15,a,3,train
T10_d15_413_b_3,,T10_413,T10,413,15,b,3,train
T10_d16_413_a_3,,T10_413,T10,413,16,a,3,train
T10_d16_413_b_3,,T10_413,T10,413,16,b,3,train
T10_d17_413_a_4,,T10_413,T10,413,17,a,4,train
T10_d17_413_b_4,,T10_413,T10,413,17,b,4,train
T10_d18_413_a_4,,T10_413,T10,413,18,a,4,train
T10_d18_413_b_4,,T10_413,T10,413,18,b,4,train
T10_d19_413_a_4,,T10_413,T10,413,19,a,4,train
T10_d19_413_b_4,,T10_413,T10,413,19,b,4,train
T10_d20_413_a_4,,T10_413,T10,413,20,a,4,train
T10_d20_413_b_4,,T10_413,T10,413,20,b,4,train
T10_d21_413_a_4,,T10_413,T10,413,21,a,4,train
T10_d21_413_b_4,,T10_413,T10,413,21,b,4,train
T10_d22_413_a_4,,T10_413,T10,413,22,a,4,train
T10_d22_413_b_4,,T10_413,T10,413,22,b,4,train
T10_d23_413_a_4,,T10_413,T10,413,23,a,4,train
T10_d23_413_b_4,,T10_413,T10,413,23,b,4,train
T10_d24_413_a_5,,T10_413,T10,413,24,a,5,train
T10_d24_413_b_5,,T10_413,T10,413,24,b,5,train
T10_d25_413_a_5,,T10_413,T10,413,25,a,5,train
T10_d25_413_b_5,,T10_413,T10,413,25,b,5,train
T10_d26_413_a_5,,T10_413,T10,413,26,a,5,train
T10_d26_413_b_5,,T10_413,T10,413,26,b,5,train
T10_d01_414_a_1,,T10_414,T10,414,1,a,1,train
T10_d01_414_b_1,,T10_414,T10,414,1,b,1,train
T10_d02_414_a_1,,T10_414,T10,414,2,a,1,train
T10_d02_414_b_1,,T10_414,T10,414,2,b,1,train
T10_d03_414_a_1,,T10_414,T10,414,3,a,1,train
T10_d03_414_b_1,,T10_414,T10,414,3,b,1,train
T10_d04_414_a_1,,T10_414,T10,414,4,a,1,train
T10_d04_414_b_1,,T10_414,T10,414,4,b,1,train
T10_d05_414_a_1,,T10_414,T10,414,5,a,1,train
T10_d05_414_b_1,,T10_414,T10,414,5,b,1,train
T10_d06_414_a_1,,T10_414,T10,414,6,a,1,train
T10_d06_414_b_1,,T10_414,T10,414,6,b,1,train
T10_d07_414_a_1,,T10_414,T10,414,7,a,1,train
T10_d07_414_b_1,,T10_414,T10,414,7,b,1,train
T10_d08_414_a_1,,T10_414,T10,414,8,a,1,train
T10_d08_414_b_1,,T10_414,T10,414,8,b,1,train
T10_d09_414_a_2,,T10_414,T10,414,9,a,2,train
T10_d09_414_b_2,,T10_414,T10,414,9,b,2,train
T10_d10_414_a_2,,T10_414,T10,414,10,a,2,train
T10_d10_414_b_2,,T10_414,T10,414,10,b,2,train
T10_d11_414_a_3,,T10_414,T10,414,11,a,3,train
T10_d11_414_b_3,,T10_414,T10,414,11,b,3,train
T10_d12_414_a_3,,T10_414,T10,414,12,a,3,train
T10_d12_414_b_3,,T10_414,T10,414,12,b,3,train
T10_d13_414_a_3,,T10_414,T10,414,13,a,3,train
T10_d13_414_b_3,,T10_414,T10,414,13,b,3,train
T10_d14_414_a_3,,T10_414,T10,414,14,a,3,train
T10_d14_414_b_3,,T10_414,T10,414,14,b,3,train
T10_d15_414_a_3,,T10_414,T10,414,15,a,3,train
T10_d15_414_b_3,,T10_414,T10,414,15,b,3,train
T10_d16_414_a_3,,T10_414,T10,414,16,a,3,train
T10_d16_414_b_3,,T10_414,T10,414,16,b,3,train
T10_d17_414_a_3,,T10_414,T10,414,17,a,3,train
T10_d17_414_b_3,,T10_414,T10,414,17,b,3,train
T10_d18_414_a_4,,T10_414,T10,414,18,a,4,train
T10_d18_414_b_4,,T10_414,T10,414,18,b,4,train
T10_d19_414_a_4,,T10_414,T10,414,19,a,4,train
T10_d19_414_b_4,,T10_414,T10,414,19,b,4,train
T10_d20_414_a_4,,T10_414,T10,414,20,a,4,train
T10_d20_414_b_4,,T10_414,T10,414,20,b,4,train
T10_d21_414_a_4,,T10_414,T10,414,21,a,4,train
T10_d21_414_b_4,,T10_414,T10,414,21,b,4,train
T10_d22_414_a_4,,T10_414,T10,414,22,a,4,train
T10_d22_414_b_4,,T10_414,T10,414,22,b,4,train
T10_d23_414_a_4,,T10_414,T10,414,23,a,4,train
T10_d23_414_b_4,,T10_414,T10,414,23,b,4,train
T10_d24_414_a_4,,T10_414,T10,414,24,a,4,train
T10_d24_414_b_4,,T10_414,T10,414,24,b,4,train
T10_d25_414_a_4,,T10_414,T10,414,25,a,4,train
T10_d25_414_b_4,,T10_414,T10,414,25,b,4,train
T10_d26_414_a_4,,T10_414,T10,414,26,a,4,train
T10_d26_414_b_4,,T10_414,T10,414,26,b,4,train
T10_d01_418_a_1,,T10_418,T10,418,1,a,1,train
T10_d01_418_b_1,,T10_418,T10,418,1,b,1,train
T10_d01_420_a_1,,T10_420,T10,420,1,a,1,train
T10_d01_420_b_1,,T10_420,T10,420,1,b,1,train
T10_d02_420_a_1,,T10_420,T10,420,2,a,1,train
T10_d02_420_b_1,,T10_420,T10,420,2,b,1,train
T10_d03_420_a_1,,T10_420,T10,420,3,a,1,train
T10_d03_420_b_1,,T10_420,T10,420,3,b,1,train
T10_d04_420_a_1,,T10_420,T10,420,4,a,1,train
T10_d04_420_b_1,,T10_420,T10,420,4,b,1,train
T10_d05_420_a_1,,T10_420,T10,420,5,a,1,train
T10_d05_420_b_1,,T10_420,T10,420,5,b,1,train
T10_d06_420_a_1,,T10_420,T10,420,6,a,1,train
T10_d06_420_b_1,,T10_420,T10,420,6,b,1,train
T10_d07_420_a_1,,T10_420,T10,420,7,a,1,train
T10_d07_420_b_1,,T10_420,T10,420,7,b,1,train
T10_d08_420_a_1,,T10_420,T10,420,8,a,1,train
T10_d08_420_b_1,,T10_420,T10,420,8,b,1,train
T10_d09_420_a_2,,T10_420,T10,420,9,a,2,train
T10_d09_420_b_2,,T10_420,T10,420,9,b,2,train
T10_d10_420_a_2,,T10_420,T10,420,10,a,2,train
T10_d10_420_b_2,,T10_420,T10,420,10,b,2,train
T10_d11_420_a_2,,T10_420,T10,420,11,a,2,train
T10_d11_420_b_2,,T10_420,T10,420,11,b,2,train
T10_d12_420_a_2,,T10_420,T10,420,12,a,2,train
T10_d12_420_b_2,,T10_420,T10,420,12,b,2,train
T10_d13_420_a_3,,T10_420,T10,420,13,a,3,train
T10_d13_420_b_3,,T10_420,T10,420,13,b,3,train
T10_d14_420_a_3,,T10_420,T10,420,14,a,3,train
T10_d14_420_b_3,,T10_420,T10,420,14,b,3,train
T10_d15_420_a_3,,T10_420,T10,420,15,a,3,train
T10_d15_420_b_3,,T10_420,T10,420,15,b,3,train
T10_d16_420_a_3,,T10_420,T10,420,16,a,3,train
T10_d16_420_b_3,,T10_420,T10,420,16,b,3,train
T10_d17_420_a_3,,T10_420,T10,420,17,a,3,train
T10_d17_420_b_3,,T10_420,T10,420,17,b,3,train
T10_d18_420_a_4,,T10_420,T10,420,18,a,4,train
T10_d18_420_b_4,,T10_420,T10,420,18,b,4,train
T10_d19_420_a_4,,T10_420,T10,420,19,a,4,train
T10_d19_420_b_4,,T10_420,T10,420,19,b,4,train
T10_d20_420_a_4,,T10_420,T10,420,20,a,4,train
T10_d20_420_b_4,,T10_420,T10,420,20,b,4,train
T10_d21_420_a_4,,T10_420,T10,420,21,a,4,train
T10_d21_420_b_4,,T10_420,T10,420,21,b,4,train
T10_d22_420_a_4,,T10_420,T10,420,22,a,4,train
T10_d22_420_b_4,,T10_420,T10,420,22,b,4,train
T10_d23_420_a_4,,T10_420,T10,420,23,a,4,train
T10_d23_420_b_4,,T10_420,T10,420,23,b,4,train
T10_d24_420_a_4,,T10_420,T10,420,24,a,4,train
T10_d24_420_b_4,,T10_420,T10,420,24,b,4,train
T10_d25_420_a_4,,T10_420,T10,420,25,a,4,train
T10_d25_420_b_4,,T10_420,T10,420,25,b,4,train
T10_d26_420_a_5,,T10_420,T10,420,26,a,5,train
T10_d26_420_b_5,,T10_420,T10,420,26,b,5,train
T10_d01_422_a_1,,T10_422,T10,422,1,a,1,train
T10_d01_422_b_1,,T10_422,T10,422,1,b,1,train
T10_d02_422_a_1,,T10_422,T10,422,2,a,1,train
T10_d02_422_b_1,,T10_422,T10,422,2,b,1,train
T10_d03_422_a_1,,T10_422,T10,422,3,a,1,train
T10_d03_422_b_1,,T10_422,T10,422,3,b,1,train
T10_d04_422_a_1,,T10_422,T10,422,4,a,1,train
T10_d04_422_b_1,,T10_422,T10,422,4,b,1,train
T10_d05_422_a_2,,T10_422,T10,422,5,a,2,train
T10_d05_422_b_2,,T10_422,T10,422,5,b,2,train
T10_d06_422_a_2,,T10_422,T10,422,6,a,2,train
T10_d06_422_b_2,,T10_422,T10,422,6,b,2,train
T10_d07_422_a_2,,T10_422,T10,422,7,a,2,train
T10_d07_422_b_2,,T10_422,T10,422,7,b,2,train
T10_d08_422_a_2,,T10_422,T10,422,8,a,2,train
T10_d08_422_b_2,,T10_422,T10,422,8,b,2,train
T10_d09_422_a_2,,T10_422,T10,422,9,a,2,train
T10_d09_422_b_2,,T10_422,T10,422,9,b,2,train
T10_d10_422_a_3,,T10_422,T10,422,10,a,3,train
T10_d10_422_b_3,,T10_422,T10,422,10,b,3,train
T10_d11_422_a_3,,T10_422,T10,422,11,a,3,train
T10_d11_422_b_3,,T10_422,T10,422,11,b,3,train
T10_d12_422_a_3,,T10_422,T10,422,12,a,3,train
T10_d12_422_b_3,,T10_422,T10,422,12,b,3,train
T10_d13_422_a_3,,T10_422,T10,422,13,a,3,train
T10_d13_422_b_3,,T10_422,T10,422,13,b,3,train
T10_d14_422_a_4,,T10_422,T10,422,14,a,4,train
T10_d14_422_b_4,,T10_422,T10,422,14,b,4,train
T10_d15_422_a_4,,T10_422,T10,422,15,a,4,train
T10_d15_422_b_4,,T10_422,T10,422,15,b,4,train
T10_d16_422_a_4,,T10_422,T10,422,16,a,4,train
T10_d16_422_b_4,,T10_422,T10,422,16,b,4,train
T10_d17_422_a_4,,T10_422,T10,422,17,a,4,train
T10_d17_422_b_4,,T10_422,T10,422,17,b,4,train
T10_d18_422_a_5,,T10_422,T10,422,18,a,5,train
T10_d18_422_b_5,,T10_422,T10,422,18,b,5,train
T10_d19_422_a_5,,T10_422,T10,422,19,a,5,train
T10_d19_422_b_5,,T10_422,T10,422,19,b,5,train
T10_d20_422_a_5,,T10_422,T10,422,20,a,5,train
T10_d20_422_b_5,,T10_422,T10,422,20,b,5,train
T10_d21_422_a_5,,T10_422,T10,422,21,a,5,train
T10_d21_422_b_5,,T10_422,T10,422,21,b,5,train
T10_d22_422_a_5,,T10_422,T10,422,22,a,5,train
T10_d22_422_b_5,,T10_422,T10,422,22,b,5,train
T10_d23_422_a_5,,T10_422,T10,422,23,a,5,train
T10_d23_422_b_5,,T10_422,T10,422,23,b,5,train
T10_d24_422_a_5,,T10_422,T10,422,24,a,5,train
T10_d24_422_b_5,,T10_422,T10,422,24,b,5,train
T10_d25_422_a_5,,T10_422,T10,422,25,a,5,train
T10_d25_422_b_5,,T10_422,T10,422,25,b,5,train
T10_d26_422_a_5,,T10_422,T10,422,26,a,5,train
T10_d26_422_b_5,,T10_422,T10,422,26,b,5,train
T10_d01_425_a_1,,T10_425,T10,425,1,a,1,train
T10_d01_425_b_1,,T10_425,T10,425,1,b,1,train
T10_d02_425_a_1,,T10_425,T10,425,2,a,1,train
T10_d02_425_b_1,,T10_425,T10,425,2,b,1,train
T10_d03_425_a_1,,T10_425,T10,425,3,a,1,train
T10_d03_425_b_1,,T10_425,T10,425,3,b,1,train
T10_d04_425_a_1,,T10_425,T10,425,4,a,1,train
T10_d04_425_b_1,,T10_425,T10,425,4,b,1,train
T10_d05_425_a_1,,T10_425,T10,425,5,a,1,train
T10_d05_425_b_1,,T10_425,T10,425,5,b,1,train
T10_d06_425_a_1,,T10_425,T10,425,6,a,1,train
T10_d06_425_b_1,,T10_425,T10,425,6,b,1,train
T10_d07_425_a_1,,T10_425,T10,425,7,a,1,train
T10_d07_425_b_1,,T10_425,T10,425,7,b,1,train
T10_d08_425_a_1,,T10_425,T10,425,8,a,1,train
T10_d08_425_b_1,,T10_425,T10,425,8,b,1,train
T10_d09_425_a_2,,T10_425,T10,425,9,a,2,train
T10_d09_425_b_2,,T10_425,T10,425,9,b,2,train
T10_d10_425_a_2,,T10_425,T10,425,10,a,2,train
T10_d10_425_b_2,,T10_425,T10,425,10,b,2,train
T10_d11_425_a_2,,T10_425,T10,425,11,a,2,train
T10_d11_425_b_2,,T10_425,T10,425,11,b,2,train
T10_d12_425_a_2,,T10_425,T10,425,12,a,2,train
T10_d12_425_b_2,,T10_425,T10,425,12,b,2,train
T10_d13_425_a_3,,T10_425,T10,425,13,a,3,train
T10_d13_425_b_3,,T10_425,T10,425,13,b,3,train
T10_d14_425_a_3,,T10_425,T10,425,14,a,3,train
T10_d14_425_b_3,,T10_425,T10,425,14,b,3,train
T10_d15_425_a_3,,T10_425,T10,425,15,a,3,train
T10_d15_425_b_3,,T10_425,T10,425,15,b,3,train
T10_d16_425_a_3,,T10_425,T10,425,16,a,3,train
T10_d16_425_b_3,,T10_425,T10,425,16,b,3,train
T10_d17_425_a_3,,T10_425,T10,425,17,a,3,train
T10_d17_425_b_3,,T10_425,T10,425,17,b,3,train
T10_d18_425_a_4,,T10_425,T10,425,18,a,4,train
T10_d18_425_b_4,,T10_425,T10,425,18,b,4,train
T10_d19_425_a_4,,T10_425,T10,425,19,a,4,train
T10_d19_425_b_4,,T10_425,T10,425,19,b,4,train
T10_d20_425_a_4,,T10_425,T10,425,20,a,4,train
T10_d20_425_b_4,,T10_425,T10,425,20,b,4,train
T10_d21_425_a_4,,T10_425,T10,425,21,a,4,train
T10_d21_425_b_4,,T10_425,T10,425,21,b,4,train
T10_d22_425_a_4,,T10_425,T10,425,22,a,4,train
T10_d22_425_b_4,,T10_425,T10,425,22,b,4,train
T10_d23_425_a_5,,T10_425,T10,425,23,a,5,train
T10_d23_425_b_5,,T10_425,T10,425,23,b,5,train
T10_d24_425_a_5,,T10_425,T10,425,24,a,5,train
T10_d24_425_b_5,,T10_425,T10,425,24,b,5,train
T10_d25_425_a_5,,T10_425,T10,425,25,a,5,train
T10_d25_425_b_5,,T10_425,T10,425,25,b,5,train
T10_d26_425_a_5,,T10_425,T10,425,26,a,5,train
T10_d26_425_b_5,,T10_425,T10,425,26,b,5,train
T10_d01_429_a_1,,T10_429,T10,429,1,a,1,train
T10_d01_429_b_1,,T10_429,T10,429,1,b,1,train
T10_d02_429_a_1,,T10_429,T10,429,2,a,1,train
T10_d02_429_b_1,,T10_429,T10,429,2,b,1,train
T10_d03_429_a_1,,T10_429,T10,429,3,a,1,train
T10_d03_429_b_1,,T10_429,T10,429,3,b,1,train
T10_d04_429_a_1,,T10_429,T10,429,4,a,1,train
T10_d04_429_b_1,,T10_429,T10,429,4,b,1,train
T10_d05_429_a_1,,T10_429,T10,429,5,a,1,train
T10_d05_429_b_1,,T10_429,T10,429,5,b,1,train
T10_d06_429_a_1,,T10_429,T10,429,6,a,1,train
T10_d06_429_b_1,,T10_429,T10,429,6,b,1,train
T10_d07_429_a_1,,T10_429,T10,429,7,a,1,train
T10_d07_429_b_1,,T10_429,T10,429,7,b,1,train
T10_d08_429_a_2,,T10_429,T10,429,8,a,2,train
T10_d08_429_b_2,,T10_429,T10,429,8,b,2,train
T10_d09_429_a_2,,T10_429,T10,429,9,a,2,train
T10_d09_429_b_2,,T10_429,T10,429,9,b,2,train
T10_d10_429_a_3,,T10_429,T10,429,10,a,3,train
T10_d10_429_b_3,,T10_429,T10,429,10,b,3,train
T10_d11_429_a_3,,T10_429,T10,429,11,a,3,train
T10_d11_429_b_3,,T10_429,T10,429,11,b,3,train
T10_d12_429_a_3,,T10_429,T10,429,12,a,3,train
T10_d12_429_b_3,,T10_429,T10,429,12,b,3,train
T10_d13_429_a_3,,T10_429,T10,429,13,a,3,train
T10_d13_429_b_3,,T10_429,T10,429,13,b,3,train
T10_d14_429_a_3,,T10_429,T10,429,14,a,3,train
T10_d14_429_b_3,,T10_429,T10,429,14,b,3,train
T10_d15_429_a_3,,T10_429,T10,429,15,a,3,train
T10_d15_429_b_3,,T10_429,T10,429,15,b,3,train
T10_d16_429_a_3,,T10_429,T10,429,16,a,3,train
T10_d16_429_b_3,,T10_429,T10,429,16,b,3,train
T10_d17_429_a_4,,T10_429,T10,429,17,a,4,train
T10_d17_429_b_4,,T10_429,T10,429,17,b,4,train
T10_d18_429_a_4,,T10_429,T10,429,18,a,4,train
T10_d18_429_b_4,,T10_429,T10,429,18,b,4,train
T10_d19_429_a_4,,T10_429,T10,429,19,a,4,train
T10_d19_429_b_4,,T10_429,T10,429,19,b,4,train
T10_d20_429_a_4,,T10_429,T10,429,20,a,4,train
T10_d20_429_b_4,,T10_429,T10,429,20,b,4,train
T10_d21_429_a_4,,T10_429,T10,429,21,a,4,train
T10_d21_429_b_4,,T10_429,T10,429,21,b,4,train
T10_d22_429_a_4,,T10_429,T10,429,22,a,4,train
T10_d22_429_b_4,,T10_429,T10,429,22,b,4,train
T10_d23_429_a_5,,T10_429,T10,429,23,a,5,train
T10_d23_429_b_5,,T10_429,T10,429,23,b,5,train
T10_d24_429_a_5,,T10_429,T10,429,24,a,5,train
T10_d24_429_b_5,,T10_429,T10,429,24,b,5,train
T10_d25_429_a_5,,T10_429,T10,429,25,a,5,train
T10_d25_429_b_5,,T10_429,T10,429,25,b,5,train
T10_d26_429_a_5,,T10_429,T10,429,26,a,5,train
T10_d26_429_b_5,,T10_429,T10,429,26,b,5,train
T10_d01_430_a_1,,T10_430,T10,430,1,a,1,train
T10_d01_430_b_1,,T10_430,T10,430,1,b,1,train
T10_d02_430_a_1,,T10_430,T10,430,2,a,1,train
T10_d02_430_b_1,,T10_430,T10,430,2,b,1,train
T10_d03_430_a_1,,T10_430,T10,430,3,a,1,train
T10_d03_430_b_1,,T10_430,T10,430,3,b,1,train
T10_d04_430_a_1,,T10_430,T10,430,4,a,1,train
T10_d04_430_b_1,,T10_430,T10,430,4,b,1,train
T10_d05_430_a_2,,T10_430,T10,430,5,a,2,train
T10_d05_430_b_2,,T10_430,T10,430,5,b,2,train
T10_d06_430_a_2,,T10_430,T10,430,6,a,2,train
T10_d06_430_b_2,,T10_430,T10,430,6,b,2,train
T10_d07_430_a_2,,T10_430,T10,430,7,a,2,train
T10_d07_430_b_2,,T10_430,T10,430,7,b,2,train
T10_d08_430_a_2,,T10_430,T10,430,8,a,2,train
T10_d08_430_b_2,,T10_430,T10,430,8,b,2,train
T10_d09_430_a_2,,T10_430,T10,430,9,a,2,train
T10_d09_430_b_2,,T10_430,T10,430,9,b,2,train
T10_d10_430_a_3,,T10_430,T10,430,10,a,3,train
T10_d10_430_b_3,,T10_430,T10,430,10,b,3,train
T10_d11_430_a_3,,T10_430,T10,430,11,a,3,train
T10_d11_430_b_3,,T10_430,T10,430,11,b,3,train
T10_d12_430_a_3,,T10_430,T10,430,12,a,3,train
T10_d12_430_b_3,,T10_430,T10,430,12,b,3,train
T10_d13_430_a_3,,T10_430,T10,430,13,a,3,train
T10_d13_430_b_3,,T10_430,T10,430,13,b,3,train
T10_d14_430_a_3,,T10_430,T10,430,14,a,3,train
T10_d14_430_b_3,,T10_430,T10,430,14,b,3,train
T10_d15_430_a_3,,T10_430,T10,430,15,a,3,train
T10_d15_430_b_3,,T10_430,T10,430,15,b,3,train
T10_d16_430_a_4,,T10_430,T10,430,16,a,4,train
T10_d16_430_b_4,,T10_430,T10,430,16,b,4,train
T10_d17_430_a_5,,T10_430,T10,430,17,a,5,train
T10_d17_430_b_5,,T10_430,T10,430,17,b,5,train
T10_d18_430_a_5,,T10_430,T10,430,18,a,5,train
T10_d18_430_b_5,,T10_430,T10,430,18,b,5,train
T10_d19_430_a_5,,T10_430,T10,430,19,a,5,train
T10_d19_430_b_5,,T10_430,T10,430,19,b,5,train
T10_d20_430_a_5,,T10_430,T10,430,20,a,5,train
T10_d20_430_b_5,,T10_430,T10,430,20,b,5,train
T10_d21_430_a_5,,T10_430,T10,430,21,a,5,train
T10_d21_430_b_5,,T10_430,T10,430,21,b,5,train
T10_d22_430_a_5,,T10_430,T10,430,22,a,5,train
T10_d22_430_b_5,,T10_430,T10,430,22,b,5,train
T10_d23_430_a_5,,T10_430,T10,430,23,a,5,train
T10_d23_430_b_5,,T10_430,T10,430,23,b,5,train
T10_d24_430_a_5,,T10_430,T10,430,24,a,5,train
T10_d24_430_b_5,,T10_430,T10,430,24,b,5,train
T10_d25_430_a_5,,T10_430,T10,430,25,a,5,train
T10_d25_430_b_5,,T10_430,T10,430,25,b,5,train
T10_d26_430_a_5,,T10_430,T10,430,26,a,5,train
T10_d26_430_b_5,,T10_430,T10,430,26,b,5,train
T10_d01_442_a_1,,T10_442,T10,442,1,a,1,train
T10_d01_442_b_1,,T10_442,T10,442,1,b,1,train
T10_d02_442_a_1,,T10_442,T10,442,2,a,1,train
T10_d02_442_b_1,,T10_442,T10,442,2,b,1,train
T10_d03_442_a_1,,T10_442,T10,442,3,a,1,train
T10_d03_442_b_1,,T10_442,T10,442,3,b,1,train
T10_d04_442_a_1,,T10_442,T10,442,4,a,1,train
T10_d04_442_b_1,,T10_442,T10,442,4,b,1,train
T10_d05_442_a_1,,T10_442,T10,442,5,a,1,train
T10_d05_442_b_1,,T10_442,T10,442,5,b,1,train
T10_d06_442_a_1,,T10_442,T10,442,6,a,1,train
T10_d06_442_b_1,,T10_442,T10,442,6,b,1,train
T10_d07_442_a_1,,T10_442,T10,442,7,a,1,train
T10_d07_442_b_1,,T10_442,T10,442,7,b,1,train
T10_d08_442_a_1,,T10_442,T10,442,8,a,1,train
T10_d08_442_b_1,,T10_442,T10,442,8,b,1,train
T10_d09_442_a_2,,T10_442,T10,442,9,a,2,train
T10_d09_442_b_2,,T10_442,T10,442,9,b,2,train
T10_d10_442_a_2,,T10_442,T10,442,10,a,2,train
T10_d10_442_b_2,,T10_442,T10,442,10,b,2,train
T10_d11_442_a_2,,T10_442,T10,442,11,a,2,train
T10_d11_442_b_2,,T10_442,T10,442,11,b,2,train
T10_d12_442_a_2,,T10_442,T10,442,12,a,2,train
T10_d12_442_b_2,,T10_442,T10,442,12,b,2,train
T10_d13_442_a_3,,T10_442,T10,442,13,a,3,train
T10_d13_442_b_3,,T10_442,T10,442,13,b,3,train
T10_d14_442_a_3,,T10_442,T10,442,14,a,3,train
T10_d14_442_b_3,,T10_442,T10,442,14,b,3,train
T10_d15_442_a_3,,T10_442,T10,442,15,a,3,train
T10_d15_442_b_3,,T10_442,T10,442,15,b,3,train
T10_d16_442_a_3,,T10_442,T10,442,16,a,3,train
T10_d16_442_b_3,,T10_442,T10,442,16,b,3,train
T10_d17_442_a_3,,T10_442,T10,442,17,a,3,train
T10_d17_442_b_3,,T10_442,T10,442,17,b,3,train
T10_d18_442_a_4,,T10_442,T10,442,18,a,4,train
T10_d18_442_b_4,,T10_442,T10,442,18,b,4,train
T10_d19_442_a_4,,T10_442,T10,442,19,a,4,train
T10_d19_442_b_4,,T10_442,T10,442,19,b,4,train
T10_d20_442_a_4,,T10_442,T10,442,20,a,4,train
T10_d20_442_b_4,,T10_442,T10,442,20,b,4,train
T10_d21_442_a_4,,T10_442,T10,442,21,a,4,train
T10_d21_442_b_4,,T10_442,T10,442,21,b,4,train
T10_d22_442_a_4,,T10_442,T10,442,22,a,4,train
T10_d22_442_b_4,,T10_442,T10,442,22,b,4,train
T10_d23_442_a_4,,T10_442,T10,442,23,a,4,train
T10_d23_442_b_4,,T10_442,T10,442,23,b,4,train
T10_d24_442_a_4,,T10_442,T10,442,24,a,4,train
T10_d24_442_b_4,,T10_442,T10,442,24,b,4,train
T10_d25_442_a_4,,T10_442,T10,442,25,a,4,train
T10_d25_442_b_4,,T10_442,T10,442,25,b,4,train
T10_d26_442_a_4,,T10_442,T10,442,26,a,4,train
T10_d26_442_b_4,,T10_442,T10,442,26,b,4,train
T10_d01_444_a_1,,T10_444,T10,444,1,a,1,train
T10_d01_444_b_1,,T10_444,T10,444,1,b,1,train
T10_d02_444_a_1,,T10_444,T10,444,2,a,1,train
T10_d02_444_b_1,,T10_444,T10,444,2,b,1,train
T10_d03_444_a_1,,T10_444,T10,444,3,a,1,train
T10_d03_444_b_1,,T10_444,T10,444,3,b,1,train
T10_d04_444_a_1,,T10_444,T10,444,4,a,1,train
T10_d04_444_b_1,,T10_444,T10,444,4,b,1,train
T10_d05_444_a_2,,T10_444,T10,444,5,a,2,train
T10_d05_444_b_2,,T10_444,T10,444,5,b,2,train
T10_d06_444_a_2,,T10_444,T10,444,6,a,2,train
T10_d06_444_b_2,,T10_444,T10,444,6,b,2,train
T10_d07_444_a_2,,T10_444,T10,444,7,a,2,train
T10_d07_444_b_2,,T10_444,T10,444,7,b,2,train
T10_d08_444_a_2,,T10_444,T10,444,8,a,2,train
T10_d08_444_b_2,,T10_444,T10,444,8,b,2,train
T10_d09_444_a_3,,T10_444,T10,444,9,a,3,train
T10_d09_444_b_3,,T10_444,T10,444,9,b,3,train
T10_d10_444_a_3,,T10_444,T10,444,10,a,3,train
T10_d10_444_b_3,,T10_444,T10,444,10,b,3,train
T10_d11_444_a_4,,T10_444,T10,444,11,a,4,train
T10_d11_444_b_4,,T10_444,T10,444,11,b,4,train
T10_d12_444_a_4,,T10_444,T10,444,12,a,4,train
T10_d12_444_b_4,,T10_444,T10,444,12,b,4,train
T10_d13_444_a_4,,T10_444,T10,444,13,a,4,train
T10_d13_444_b_4,,T10_444,T10,444,13,b,4,train
T10_d14_444_a_4,,T10_444,T10,444,14,a,4,train
T10_d14_444_b_4,,T10_444,T10,444,14,b,4,train
T10_d15_444_a_4,,T10_444,T10,444,15,a,4,train
T10_d15_444_b_4,,T10_444,T10,444,15,b,4,train
T10_d16_444_a_4,,T10_444,T10,444,16,a,4,train
T10_d16_444_b_4,,T10_444,T10,444,16,b,4,train
T10_d17_444_a_4,,T10_444,T10,444,17,a,4,train
T10_d17_444_b_4,,T10_444,T10,444,17,b,4,train
T10_d18_444_a_4,,T10_444,T10,444,18,a,4,train
T10_d18_444_b_4,,T10_444,T10,444,18,b,4,train
T10_d19_444_a_4,,T10_444,T10,444,19,a,4,train
T10_d19_444_b_4,,T10_444,T10,444,19,b,4,train
T10_d20_444_a_4,,T10_444,T10,444,20,a,4,train
T10_d20_444_b_4,,T10_444,T10,444,20,b,4,train
T10_d21_444_a_4,,T10_444,T10,444,21,a,4,train
T10_d21_444_b_4,,T10_444,T10,444,21,b,4,train
T10_d22_444_a_4,,T10_444,T10,444,22,a,4,train
T10_d22_444_b_4,,T10_444,T10,444,22,b,4,train
T10_d23_444_a_5,,T10_444,T10,444,23,a,5,train
T10_d23_444_b_5,,T10_444,T10,444,23,b,5,train
T10_d24_444_a_5,,T10_444,T10,444,24,a,5,train
T10_d24_444_b_5,,T10_444,T10,444,24,b,5,train
T10_d25_444_a_5,,T10_444,T10,444,25,a,5,train
T10_d25_444_b_5,,T10_444,T10,444,25,b,5,train
T10_d26_444_a_5,,T10_444,T10,444,26,a,5,train
T10_d26_444_b_5,,T10_444,T10,444,26,b,5,train
T10_d01_448_a_1,,T10_448,T10,448,1,a,1,train
T10_d01_448_b_1,,T10_448,T10,448,1,b,1,train
T10_d02_448_a_1,,T10_448,T10,448,2,a,1,train
T10_d02_448_b_1,,T10_448,T10,448,2,b,1,train
T10_d03_448_a_1,,T10_448,T10,448,3,a,1,train
T10_d03_448_b_1,,T10_448,T10,448,3,b,1,train
T10_d04_448_a_2,,T10_448,T10,448,4,a,2,train
T10_d04_448_b_2,,T10_448,T10,448,4,b,2,train
T10_d05_448_a_2,,T10_448,T10,448,5,a,2,train
T10_d05_448_b_2,,T10_448,T10,448,5,b,2,train
T10_d06_448_a_3,,T10_448,T10,448,6,a,3,train
T10_d06_448_b_3,,T10_448,T10,448,6,b,3,train
T10_d07_448_a_3,,T10_448,T10,448,7,a,3,train
T10_d07_448_b_3,,T10_448,T10,448,7,b,3,train
T10_d08_448_a_4,,T10_448,T10,448,8,a,4,train
T10_d08_448_b_4,,T10_448,T10,448,8,b,4,train
T10_d09_448_a_4,,T10_448,T10,448,9,a,4,train
T10_d09_448_b_4,,T10_448,T10,448,9,b,4,train
T10_d10_448_a_4,,T10_448,T10,448,10,a,4,train
T10_d10_448_b_4,,T10_448,T10,448,10,b,4,train
T10_d11_448_a_4,,T10_448,T10,448,11,a,4,train
T10_d11_448_b_4,,T10_448,T10,448,11,b,4,train
T10_d12_448_a_4,,T10_448,T10,448,12,a,4,train
T10_d12_448_b_4,,T10_448,T10,448,12,b,4,train
T10_d13_448_a_4,,T10_448,T10,448,13,a,4,train
T10_d13_448_b_4,,T10_448,T10,448,13,b,4,train
T10_d14_448_a_4,,T10_448,T10,448,14,a,4,train
T10_d14_448_b_4,,T10_448,T10,448,14,b,4,train
T10_d15_448_a_4,,T10_448,T10,448,15,a,4,train
T10_d15_448_b_4,,T10_448,T10,448,15,b,4,train
T10_d16_448_a_5,,T10_448,T10,448,16,a,5,train
T10_d16_448_b_5,,T10_448,T10,448,16,b,5,train
T10_d17_448_a_5,,T10_448,T10,448,17,a,5,train
T10_d17_448_b_5,,T10_448,T10,448,17,b,5,train
T10_d18_448_a_5,,T10_448,T10,448,18,a,5,train
T10_d18_448_b_5,,T10_448,T10,448,18,b,5,train
T10_d19_448_a_5,,T10_448,T10,448,19,a,5,train
T10_d19_448_b_5,,T10_448,T10,448,19,b,5,train
T10_d20_448_a_5,,T10_448,T10,448,20,a,5,train
T10_d20_448_b_5,,T10_448,T10,448,20,b,5,train
T10_d21_448_a_5,,T10_448,T10,448,21,a,5,train
T10_d21_448_b_5,,T10_448,T10,448,21,b,5,train
T10_d22_448_a_5,,T10_448,T10,448,22,a,5,train
T10_d22_448_b_5,,T10_448,T10,448,22,b,5,train
T10_d23_448_a_5,,T10_448,T10,448,23,a,5,train
T10_d23_448_b_5,,T10_448,T10,448,23,b,5,train
T10_d24_448_a_5,,T10_448,T10,448,24,a,5,train
T10_d24_448_b_5,,T10_448,T10,448,24,b,5,train
T10_d25_448_a_5,,T10_448,T10,448,25,a,5,train
T10_d25_448_b_5,,T10_448,T10,448,25,b,5,train
T10_d26_448_a_5,,T10_448,T10,448,26,a,5,train
T10_d26_448_b_5,,T10_448,T10,448,26,b,5,train
T10_d01_449_a_1,,T10_449,T10,449,1,a,1,train
T10_d01_449_b_1,,T10_449,T10,449,1,b,1,train
T10_d02_449_a_1,,T10_449,T10,449,2,a,1,train
T10_d02_449_b_1,,T10_449,T10,449,2,b,1,train
T10_d03_449_a_1,,T10_449,T10,449,3,a,1,train
T10_d03_449_b_1,,T10_449,T10,449,3,b,1,train
T10_d04_449_a_1,,T10_449,T10,449,4,a,1,train
T10_d04_449_b_1,,T10_449,T10,449,4,b,1,train
T10_d05_449_a_1,,T10_449,T10,449,5,a,1,train
T10_d05_449_b_1,,T10_449,T10,449,5,b,1,train
T10_d06_449_a_1,,T10_449,T10,449,6,a,1,train
T10_d06_449_b_1,,T10_449,T10,449,6,b,1,train
T10_d07_449_a_1,,T10_449,T10,449,7,a,1,train
T10_d07_449_b_1,,T10_449,T10,449,7,b,1,train
T10_d08_449_a_1,,T10_449,T10,449,8,a,1,train
T10_d08_449_b_1,,T10_449,T10,449,8,b,1,train
T10_d09_449_a_2,,T10_449,T10,449,9,a,2,train
T10_d09_449_b_2,,T10_449,T10,449,9,b,2,train
T10_d10_449_a_2,,T10_449,T10,449,10,a,2,train
T10_d10_449_b_2,,T10_449,T10,449,10,b,2,train
T10_d11_449_a_3,,T10_449,T10,449,11,a,3,train
T10_d11_449_b_3,,T10_449,T10,449,11,b,3,train
T10_d12_449_a_3,,T10_449,T10,449,12,a,3,train
T10_d12_449_b_3,,T10_449,T10,449,12,b,3,train
T10_d13_449_a_3,,T10_449,T10,449,13,a,3,train
T10_d13_449_b_3,,T10_449,T10,449,13,b,3,train
T10_d14_449_a_3,,T10_449,T10,449,14,a,3,train
T10_d14_449_b_3,,T10_449,T10,449,14,b,3,train
T10_d15_449_a_3,,T10_449,T10,449,15,a,3,train
T10_d15_449_b_3,,T10_449,T10,449,15,b,3,train
T10_d16_449_a_3,,T10_449,T10,449,16,a,3,train
T10_d16_449_b_3,,T10_449,T10,449,16,b,3,train
T10_d17_449_a_3,,T10_449,T10,449,17,a,3,train
T10_d17_449_b_3,,T10_449,T10,449,17,b,3,train
T10_d18_449_a_4,,T10_449,T10,449,18,a,4,train
T10_d18_449_b_4,,T10_449,T10,449,18,b,4,train
T10_d19_449_a_4,,T10_449,T10,449,19,a,4,train
T10_d19_449_b_4,,T10_449,T10,449,19,b,4,train
T10_d20_449_a_4,,T10_449,T10,449,20,a,4,train
T10_d20_449_b_4,,T10_449,T10,449,20,b,4,train
T10_d21_449_a_4,,T10_449,T10,449,21,a,4,train
T10_d21_449_b_4,,T10_449,T10,449,21,b,4,train
T10_d22_449_a_5,,T10_449,T10,449,22,a,5,train
T10_d22_449_b_5,,T10_449,T10,449,22,b,5,train
T10_d23_449_a_5,,T10_449,T10,449,23,a,5,train
T10_d23_449_b_5,,T10_449,T10,449,23,b,5,train
T10_d24_449_a_5,,T10_449,T10,449,24,a,5,train
T10_d24_449_b_5,,T10_449,T10,449,24,b,5,train
T10_d25_449_a_5,,T10_449,T10,449,25,a,5,train
T10_d25_449_b_5,,T10_449,T10,449,25,b,5,train
T10_d26_449_a_5,,T10_449,T10,449,26,a,5,train
T10_d26_449_b_5,,T10_449,T10,449,26,b,5,train
T10_d01_451_a_1,,T10_451,T10,451,1,a,1,train
T10_d01_451_b_1,,T10_451,T10,451,1,b,1,train
T10_d02_451_a_1,,T10_451,T10,451,2,a,1,train
T10_d02_451_b_1,,T10_451,T10,451,2,b,1,train
T10_d03_451_a_1,,T10_451,T10,451,3,a,1,train
T10_d03_451_b_1,,T10_451,T10,451,3,b,1,train
T10_d04_451_a_1,,T10_451,T10,451,4,a,1,train
T10_d04_451_b_1,,T10_451,T10,451,4,b,1,train
T10_d05_451_a_1,,T10_451,T10,451,5,a,1,train
T10_d05_451_b_1,,T10_451,T10,451,5,b,1,train
T10_d06_451_a_1,,T10_451,T10,451,6,a,1,train
T10_d06_451_b_1,,T10_451,T10,451,6,b,1,train
T10_d07_451_a_1,,T10_451,T10,451,7,a,1,train
T10_d07_451_b_1,,T10_451,T10,451,7,b,1,train
T10_d08_451_a_2,,T10_451,T10,451,8,a,2,train
T10_d08_451_b_2,,T10_451,T10,451,8,b,2,train
T10_d09_451_a_2,,T10_451,T10,451,9,a,2,train
T10_d09_451_b_2,,T10_451,T10,451,9,b,2,train
T10_d10_451_a_2,,T10_451,T10,451,10,a,2,train
T10_d10_451_b_2,,T10_451,T10,451,10,b,2,train
T10_d11_451_a_3,,T10_451,T10,451,11,a,3,train
T10_d11_451_b_3,,T10_451,T10,451,11,b,3,train
T10_d12_451_a_3,,T10_451,T10,451,12,a,3,train
T10_d12_451_b_3,,T10_451,T10,451,12,b,3,train
T10_d13_451_a_3,,T10_451,T10,451,13,a,3,train
T10_d13_451_b_3,,T10_451,T10,451,13,b,3,train
T10_d14_451_a_3,,T10_451,T10,451,14,a,3,train
T10_d14_451_b_3,,T10_451,T10,451,14,b,3,train
T10_d15_451_a_3,,T10_451,T10,451,15,a,3,train
T10_d15_451_b_3,,T10_451,T10,451,15,b,3,train
T10_d16_451_a_4,,T10_451,T10,451,16,a,4,train
T10_d16_451_b_4,,T10_451,T10,451,16,b,4,train
T10_d17_451_a_4,,T10_451,T10,451,17,a,4,train
T10_d17_451_b_4,,T10_451,T10,451,17,b,4,train
T10_d18_451_a_4,,T10_451,T10,451,18,a,4,train
T10_d18_451_b_4,,T10_451,T10,451,18,b,4,train
T10_d19_451_a_4,,T10_451,T10,451,19,a,4,train
T10_d19_451_b_4,,T10_451,T10,451,19,b,4,train
T10_d20_451_a_4,,T10_451,T10,451,20,a,4,train
T10_d20_451_b_4,,T10_451,T10,451,20,b,4,train
T10_d21_451_a_4,,T10_451,T10,451,21,a,4,train
T10_d21_451_b_4,,T10_451,T10,451,21,b,4,train
T10_d22_451_a_4,,T10_451,T10,451,22,a,4,train
T10_d22_451_b_4,,T10_451,T10,451,22,b,4,train
T10_d23_451_a_4,,T10_451,T10,451,23,a,4,train
T10_d23_451_b_4,,T10_451,T10,451,23,b,4,train
T10_d24_451_a_5,,T10_451,T10,451,24,a,5,train
T10_d24_451_b_5,,T10_451,T10,451,24,b,5,train
T10_d25_451_a_5,,T10_451,T10,451,25,a,5,train
T10_d25_451_b_5,,T10_451,T10,451,25,b,5,train
T10_d26_451_a_5,,T10_451,T10,451,26,a,5,train
T10_d26_451_b_5,,T10_451,T10,451,26,b,5,train
T10_d01_452_a_1,,T10_452,T10,452,1,a,1,train
T10_d01_452_b_1,,T10_452,T10,452,1,b,1,train
T10_d02_452_a_1,,T10_452,T10,452,2,a,1,train
T10_d02_452_b_1,,T10_452,T10,452,2,b,1,train
T10_d03_452_a_1,,T10_452,T10,452,3,a,1,train
T10_d03_452_b_1,,T10_452,T10,452,3,b,1,train
T10_d04_452_a_1,,T10_452,T10,452,4,a,1,train
T10_d04_452_b_1,,T10_452,T10,452,4,b,1,train
T10_d05_452_a_1,,T10_452,T10,452,5,a,1,train
T10_d05_452_b_1,,T10_452,T10,452,5,b,1,train
T10_d06_452_a_1,,T10_452,T10,452,6,a,1,train
T10_d06_452_b_1,,T10_452,T10,452,6,b,1,train
T10_d07_452_a_1,,T10_452,T10,452,7,a,1,train
T10_d07_452_b_1,,T10_452,T10,452,7,b,1,train
T10_d08_452_a_1,,T10_452,T10,452,8,a,1,train
T10_d08_452_b_1,,T10_452,T10,452,8,b,1,train
T10_d09_452_a_2,,T10_452,T10,452,9,a,2,train
T10_d09_452_b_2,,T10_452,T10,452,9,b,2,train
T10_d10_452_a_2,,T10_452,T10,452,10,a,2,train
T10_d10_452_b_2,,T10_452,T10,452,10,b,2,train
T10_d11_452_a_2,,T10_452,T10,452,11,a,2,train
T10_d11_452_b_2,,T10_452,T10,452,11,b,2,train
T10_d12_452_a_2,,T10_452,T10,452,12,a,2,train
T10_d12_452_b_2,,T10_452,T10,452,12,b,2,train
T10_d13_452_a_2,,T10_452,T10,452,13,a,2,train
T10_d13_452_b_2,,T10_452,T10,452,13,b,2,train
T10_d14_452_a_3,,T10_452,T10,452,14,a,3,train
T10_d14_452_b_3,,T10_452,T10,452,14,b,3,train
T10_d15_452_a_3,,T10_452,T10,452,15,a,3,train
T10_d15_452_b_3,,T10_452,T10,452,15,b,3,train
T10_d16_452_a_3,,T10_452,T10,452,16,a,3,train
T10_d16_452_b_3,,T10_452,T10,452,16,b,3,train
T10_d17_452_a_4,,T10_452,T10,452,17,a,4,train
T10_d17_452_b_4,,T10_452,T10,452,17,b,4,train
T10_d18_452_a_4,,T10_452,T10,452,18,a,4,train
T10_d18_452_b_4,,T10_452,T10,452,18,b,4,train
T10_d19_452_a_4,,T10_452,T10,452,19,a,4,train
T10_d19_452_b_4,,T10_452,T10,452,19,b,4,train
T10_d20_452_a_4,,T10_452,T10,452,20,a,4,train
T10_d20_452_b_4,,T10_452,T10,452,20,b,4,train
T10_d21_452_a_5,,T10_452,T10,452,21,a,5,train
T10_d21_452_b_5,,T10_452,T10,452,21,b,5,train
T10_d22_452_a_5,,T10_452,T10,452,22,a,5,train
T10_d22_452_b_5,,T10_452,T10,452,22,b,5,train
T10_d23_452_a_5,,T10_452,T10,452,23,a,5,train
T10_d23_452_b_5,,T10_452,T10,452,23,b,5,train
T10_d24_452_a_5,,T10_452,T10,452,24,a,5,train
T10_d24_452_b_5,,T10_452,T10,452,24,b,5,train
T10_d25_452_a_5,,T10_452,T10,452,25,a,5,train
T10_d25_452_b_5,,T10_452,T10,452,25,b,5,train
T10_d26_452_a_5,,T10_452,T10,452,26,a,5,train
T10_d26_452_b_5,,T10_452,T10,452,26,b,5,train
T10_d01_454_a_1,,T10_454,T10,454,1,a,1,train
T10_d01_454_b_1,,T10_454,T10,454,1,b,1,train
T10_d02_454_a_1,,T10_454,T10,454,2,a,1,train
T10_d02_454_b_1,,T10_454,T10,454,2,b,1,train
T10_d03_454_a_1,,T10_454,T10,454,3,a,1,train
T10_d03_454_b_1,,T10_454,T10,454,3,b,1,train
T10_d04_454_a_1,,T10_454,T10,454,4,a,1,train
T10_d04_454_b_1,,T10_454,T10,454,4,b,1,train
T10_d05_454_a_1,,T10_454,T10,454,5,a,1,train
T10_d05_454_b_1,,T10_454,T10,454,5,b,1,train
T10_d06_454_a_1,,T10_454,T10,454,6,a,1,train
T10_d06_454_b_1,,T10_454,T10,454,6,b,1,train
T10_d07_454_a_1,,T10_454,T10,454,7,a,1,train
T10_d07_454_b_1,,T10_454,T10,454,7,b,1,train
T10_d08_454_a_2,,T10_454,T10,454,8,a,2,train
T10_d08_454_b_2,,T10_454,T10,454,8,b,2,train
T10_d09_454_a_2,,T10_454,T10,454,9,a,2,train
T10_d09_454_b_2,,T10_454,T10,454,9,b,2,train
T10_d10_454_a_3,,T10_454,T10,454,10,a,3,train
T10_d10_454_b_3,,T10_454,T10,454,10,b,3,train
T10_d11_454_a_3,,T10_454,T10,454,11,a,3,train
T10_d11_454_b_3,,T10_454,T10,454,11,b,3,train
T10_d12_454_a_3,,T10_454,T10,454,12,a,3,train
T10_d12_454_b_3,,T10_454,T10,454,12,b,3,train
T10_d13_454_a_3,,T10_454,T10,454,13,a,3,train
T10_d13_454_b_3,,T10_454,T10,454,13,b,3,train
T10_d14_454_a_3,,T10_454,T10,454,14,a,3,train
T10_d14_454_b_3,,T10_454,T10,454,14,b,3,train
T10_d15_454_a_4,,T10_454,T10,454,15,a,4,train
T10_d15_454_b_4,,T10_454,T10,454,15,b,4,train
T10_d16_454_a_4,,T10_454,T10,454,16,a,4,train
T10_d16_454_b_4,,T10_454,T10,454,16,b,4,train
T10_d17_454_a_4,,T10_454,T10,454,17,a,4,train
T10_d17_454_b_4,,T10_454,T10,454,17,b,4,train
T10_d18_454_a_4,,T10_454,T10,454,18,a,4,train
T10_d18_454_b_4,,T10_454,T10,454,18,b,4,train
T10_d19_454_a_4,,T10_454,T10,454,19,a,4,train
T10_d19_454_b_4,,T10_454,T10,454,19,b,4,train
T10_d20_454_a_4,,T10_454,T10,454,20,a,4,train
T10_d20_454_b_4,,T10_454,T10,454,20,b,4,train
T10_d21_454_a_4,,T10_454,T10,454,21,a,4,train
T10_d21_454_b_4,,T10_454,T10,454,21,b,4,train
T10_d22_454_a_4,,T10_454,T10,454,22,a,4,train
T10_d22_454_b_4,,T10_454,T10,454,22,b,4,train
T10_d23_454_a_4,,T10_454,T10,454,23,a,4,train
T10_d23_454_b_4,,T10_454,T10,454,23,b,4,train
T10_d24_454_a_4,,T10_454,T10,454,24,a,4,train
T10_d24_454_b_4,,T10_454,T10,454,24,b,4,train
T10_d25_454_a_4,,T10_454,T10,454,25,a,4,train
T10_d25_454_b_4,,T10_454,T10,454,25,b,4,train
T10_d26_454_a_5,,T10_454,T10,454,26,a,5,train
T10_d26_454_b_5,,T10_454,T10,454,26,b,5,train
T10_d01_458_a_1,,T10_458,T10,458,1,a,1,train
T10_d01_458_b_1,,T10_458,T10,458,1,b,1,train
T10_d02_458_a_1,,T10_458,T10,458,2,a,1,train
T10_d02_458_b_1,,T10_458,T10,458,2,b,1,train
T10_d03_458_a_1,,T10_458,T10,458,3,a,1,train
T10_d03_458_b_1,,T10_458,T10,458,3,b,1,train
T10_d04_458_a_1,,T10_458,T10,458,4,a,1,train
T10_d04_458_b_1,,T10_458,T10,458,4,b,1,train
T10_d05_458_a_1,,T10_458,T10,458,5,a,1,train
T10_d05_458_b_1,,T10_458,T10,458,5,b,1,train
T10_d06_458_a_1,,T10_458,T10,458,6,a,1,train
T10_d06_458_b_1,,T10_458,T10,458,6,b,1,train
T10_d07_458_a_1,,T10_458,T10,458,7,a,1,train
T10_d07_458_b_1,,T10_458,T10,458,7,b,1,train
T10_d08_458_a_1,,T10_458,T10,458,8,a,1,train
T10_d08_458_b_1,,T10_458,T10,458,8,b,1,train
T10_d09_458_a_2,,T10_458,T10,458,9,a,2,train
T10_d09_458_b_2,,T10_458,T10,458,9,b,2,train
T10_d10_458_a_3,,T10_458,T10,458,10,a,3,train
T10_d10_458_b_3,,T10_458,T10,458,10,b,3,train
T10_d11_458_a_3,,T10_458,T10,458,11,a,3,train
T10_d11_458_b_3,,T10_458,T10,458,11,b,3,train
T10_d12_458_a_3,,T10_458,T10,458,12,a,3,train
T10_d12_458_b_3,,T10_458,T10,458,12,b,3,train
T10_d13_458_a_3,,T10_458,T10,458,13,a,3,train
T10_d13_458_b_3,,T10_458,T10,458,13,b,3,train
T10_d14_458_a_3,,T10_458,T10,458,14,a,3,train
T10_d14_458_b_3,,T10_458,T10,458,14,b,3,train
T10_d15_458_a_3,,T10_458,T10,458,15,a,3,train
T10_d15_458_b_3,,T10_458,T10,458,15,b,3,train
T10_d16_458_a_4,,T10_458,T10,458,16,a,4,train
T10_d16_458_b_4,,T10_458,T10,458,16,b,4,train
T10_d17_458_a_4,,T10_458,T10,458,17,a,4,train
T10_d17_458_b_4,,T10_458,T10,458,17,b,4,train
T10_d18_458_a_4,,T10_458,T10,458,18,a,4,train
T10_d18_458_b_4,,T10_458,T10,458,18,b,4,train
T10_d19_458_a_4,,T10_458,T10,458,19,a,4,train
T10_d19_458_b_4,,T10_458,T10,458,19,b,4,train
T10_d20_458_a_4,,T10_458,T10,458,20,a,4,train
T10_d20_458_b_4,,T10_458,T10,458,20,b,4,train
T10_d21_458_a_4,,T10_458,T10,458,21,a,4,train
T10_d21_458_b_4,,T10_458,T10,458,21,b,4,train
T10_d22_458_a_4,,T10_458,T10,458,22,a,4,train
T10_d22_458_b_4,,T10_458,T10,458,22,b,4,train
T10_d23_458_a_4,,T10_458,T10,458,23,a,4,train
T10_d23_458_b_4,,T10_458,T10,458,23,b,4,train
T10_d24_458_a_4,,T10_458,T10,458,24,a,4,train
T10_d24_458_b_4,,T10_458,T10,458,24,b,4,train
T10_d25_458_a_5,,T10_458,T10,458,25,a,5,train
T10_d25_458_b_5,,T10_458,T10,458,25,b,5,train
T10_d26_458_a_5,,T10_458,T10,458,26,a,5,train
T10_d26_458_b_5,,T10_458,T10,458,26,b,5,train
T10_d01_470_a_1,,T10_470,T10,470,1,a,1,train
T10_d01_470_b_1,,T10_470,T10,470,1,b,1,train
T10_d02_470_a_1,,T10_470,T10,470,2,a,1,train
T10_d02_470_b_1,,T10_470,T10,470,2,b,1,train
T10_d03_470_a_1,,T10_470,T10,470,3,a,1,train
T10_d03_470_b_1,,T10_470,T10,470,3,b,1,train
T10_d04_470_a_1,,T10_470,T10,470,4,a,1,train
T10_d04_470_b_1,,T10_470,T10,470,4,b,1,train
T10_d05_470_a_1,,T10_470,T10,470,5,a,1,train
T10_d05_470_b_1,,T10_470,T10,470,5,b,1,train
T10_d06_470_a_1,,T10_470,T10,470,6,a,1,train
T10_d06_470_b_1,,T10_470,T10,470,6,b,1,train
T10_d07_470_a_1,,T10_470,T10,470,7,a,1,train
T10_d07_470_b_1,,T10_470,T10,470,7,b,1,train
T10_d08_470_a_2,,T10_470,T10,470,8,a,2,train
T10_d08_470_b_2,,T10_470,T10,470,8,b,2,train
T10_d09_470_a_3,,T10_470,T10,470,9,a,3,train
T10_d09_470_b_3,,T10_470,T10,470,9,b,3,train
T10_d10_470_a_3,,T10_470,T10,470,10,a,3,train
T10_d10_470_b_3,,T10_470,T10,470,10,b,3,train
T10_d11_470_a_4,,T10_470,T10,470,11,a,4,train
T10_d11_470_b_4,,T10_470,T10,470,11,b,4,train
T10_d12_470_a_4,,T10_470,T10,470,12,a,4,train
T10_d12_470_b_4,,T10_470,T10,470,12,b,4,train
T10_d13_470_a_4,,T10_470,T10,470,13,a,4,train
T10_d13_470_b_4,,T10_470,T10,470,13,b,4,train
T10_d14_470_a_4,,T10_470,T10,470,14,a,4,train
T10_d14_470_b_4,,T10_470,T10,470,14,b,4,train
T10_d15_470_a_4,,T10_470,T10,470,15,a,4,train
T10_d15_470_b_4,,T10_470,T10,470,15,b,4,train
T10_d16_470_a_4,,T10_470,T10,470,16,a,4,train
T10_d16_470_b_4,,T10_470,T10,470,16,b,4,train
T10_d17_470_a_4,,T10_470,T10,470,17,a,4,train
T10_d17_470_b_4,,T10_470,T10,470,17,b,4,train
T10_d18_470_a_4,,T10_470,T10,470,18,a,4,train
T10_d18_470_b_4,,T10_470,T10,470,18,b,4,train
T10_d19_470_a_4,,T10_470,T10,470,19,a,4,train
T10_d19_470_b_4,,T10_470,T10,470,19,b,4,train
T10_d20_470_a_4,,T10_470,T10,470,20,a,4,train
T10_d20_470_b_4,,T10_470,T10,470,20,b,4,train
T10_d21_470_a_4,,T10_470,T10,470,21,a,4,train
T10_d21_470_b_4,,T10_470,T10,470,21,b,4,train
T10_d22_470_a_5,,T10_470,T10,470,22,a,5,train
T10_d22_470_b_5,,T10_470,T10,470,22,b,5,train
T10_d23_470_a_5,,T10_470,T10,470,23,a,5,train
T10_d23_470_b_5,,T10_470,T10,470,23,b,5,train
T10_d24_470_a_5,,T10_470,T10,470,24,a,5,train
T10_d24_470_b_5,,T10_470,T10,470,24,b,5,train
T10_d25_470_a_5,,T10_470,T10,470,25,a,5,train
T10_d25_470_b_5,,T10_470,T10,470,25,b,5,train
T10_d26_470_a_5,,T10_470,T10,470,26,a,5,train
T10_d26_470_b_5,,T10_470,T10,470,26,b,5,train
T10_d01_471_a_1,,T10_471,T10,471,1,a,1,train
T10_d01_471_b_1,,T10_471,T10,471,1,b,1,train
T10_d02_471_a_1,,T10_471,T10,471,2,a,1,train
T10_d02_471_b_1,,T10_471,T10,471,2,b,1,train
T10_d03_471_a_1,,T10_471,T10,471,3,a,1,train
T10_d03_471_b_1,,T10_471,T10,471,3,b,1,train
T10_d04_471_a_1,,T10_471,T10,471,4,a,1,train
T10_d04_471_b_1,,T10_471,T10,471,4,b,1,train
T10_d05_471_a_1,,T10_471,T10,471,5,a,1,train
T10_d05_471_b_1,,T10_471,T10,471,5,b,1,train
T10_d06_471_a_1,,T10_471,T10,471,6,a,1,train
T10_d06_471_b_1,,T10_471,T10,471,6,b,1,train
T10_d07_471_a_1,,T10_471,T10,471,7,a,1,train
T10_d07_471_b_1,,T10_471,T10,471,7,b,1,train
T10_d08_471_a_1,,T10_471,T10,471,8,a,1,train
T10_d08_471_b_1,,T10_471,T10,471,8,b,1,train
T10_d09_471_a_2,,T10_471,T10,471,9,a,2,train
T10_d09_471_b_2,,T10_471,T10,471,9,b,2,train
T10_d10_471_a_2,,T10_471,T10,471,10,a,2,train
T10_d10_471_b_2,,T10_471,T10,471,10,b,2,train
T10_d11_471_a_2,,T10_471,T10,471,11,a,2,train
T10_d11_471_b_2,,T10_471,T10,471,11,b,2,train
T10_d12_471_a_2,,T10_471,T10,471,12,a,2,train
T10_d12_471_b_2,,T10_471,T10,471,12,b,2,train
T10_d13_471_a_3,,T10_471,T10,471,13,a,3,train
T10_d13_471_b_3,,T10_471,T10,471,13,b,3,train
T10_d14_471_a_3,,T10_471,T10,471,14,a,3,train
T10_d14_471_b_3,,T10_471,T10,471,14,b,3,train
T10_d15_471_a_3,,T10_471,T10,471,15,a,3,train
T10_d15_471_b_3,,T10_471,T10,471,15,b,3,train
T10_d16_471_a_3,,T10_471,T10,471,16,a,3,train
T10_d16_471_b_3,,T10_471,T10,471,16,b,3,train
T10_d17_471_a_3,,T10_471,T10,471,17,a,3,train
T10_d17_471_b_3,,T10_471,T10,471,17,b,3,train
T10_d18_471_a_4,,T10_471,T10,471,18,a,4,train
T10_d18_471_b_4,,T10_471,T10,471,18,b,4,train
T10_d19_471_a_4,,T10_471,T10,471,19,a,4,train
T10_d19_471_b_4,,T10_471,T10,471,19,b,4,train
T10_d20_471_a_4,,T10_471,T10,471,20,a,4,train
T10_d20_471_b_4,,T10_471,T10,471,20,b,4,train
T10_d21_471_a_4,,T10_471,T10,471,21,a,4,train
T10_d21_471_b_4,,T10_471,T10,471,21,b,4,train
T10_d22_471_a_4,,T10_471,T10,471,22,a,4,train
T10_d22_471_b_4,,T10_471,T10,471,22,b,4,train
T10_d23_471_a_5,,T10_471,T10,471,23,a,5,train
T10_d23_471_b_5,,T10_471,T10,471,23,b,5,train
T10_d24_471_a_5,,T10_471,T10,471,24,a,5,train
T10_d24_471_b_5,,T10_471,T10,471,24,b,5,train
T10_d25_471_a_5,,T10_471,T10,471,25,a,5,train
T10_d25_471_b_5,,T10_471,T10,471,25,b,5,train
T10_d26_471_a_5,,T10_471,T10,471,26,a,5,train
T10_d26_471_b_5,,T10_471,T10,471,26,b,5,train
T10_d01_475_a_1,,T10_475,T10,475,1,a,1,train
T10_d01_475_b_1,,T10_475,T10,475,1,b,1,train
T10_d02_475_a_1,,T10_475,T10,475,2,a,1,train
T10_d02_475_b_1,,T10_475,T10,475,2,b,1,train
T10_d03_475_a_1,,T10_475,T10,475,3,a,1,train
T10_d03_475_b_1,,T10_475,T10,475,3,b,1,train
T10_d04_475_a_1,,T10_475,T10,475,4,a,1,train
T10_d04_475_b_1,,T10_475,T10,475,4,b,1,train
T10_d05_475_a_1,,T10_475,T10,475,5,a,1,train
T10_d05_475_b_1,,T10_475,T10,475,5,b,1,train
T10_d06_475_a_1,,T10_475,T10,475,6,a,1,train
T10_d06_475_b_1,,T10_475,T10,475,6,b,1,train
T10_d07_475_a_1,,T10_475,T10,475,7,a,1,train
T10_d07_475_b_1,,T10_475,T10,475,7,b,1,train
T10_d08_475_a_1,,T10_475,T10,475,8,a,1,train
T10_d08_475_b_1,,T10_475,T10,475,8,b,1,train
T10_d09_475_a_2,,T10_475,T10,475,9,a,2,train
T10_d09_475_b_2,,T10_475,T10,475,9,b,2,train
T10_d10_475_a_2,,T10_475,T10,475,10,a,2,train
T10_d10_475_b_2,,T10_475,T10,475,10,b,2,train
T10_d11_475_a_3,,T10_475,T10,475,11,a,3,train
T10_d11_475_b_3,,T10_475,T10,475,11,b,3,train
T10_d12_475_a_3,,T10_475,T10,475,12,a,3,train
T10_d12_475_b_3,,T10_475,T10,475,12,b,3,train
T10_d13_475_a_3,,T10_475,T10,475,13,a,3,train
T10_d13_475_b_3,,T10_475,T10,475,13,b,3,train
T10_d14_475_a_4,,T10_475,T10,475,14,a,4,train
T10_d14_475_b_4,,T10_475,T10,475,14,b,4,train
T10_d15_475_a_4,,T10_475,T10,475,15,a,4,train
T10_d15_475_b_4,,T10_475,T10,475,15,b,4,train
T10_d16_475_a_4,,T10_475,T10,475,16,a,4,train
T10_d16_475_b_4,,T10_475,T10,475,16,b,4,train
T10_d17_475_a_4,,T10_475,T10,475,17,a,4,train
T10_d17_475_b_4,,T10_475,T10,475,17,b,4,train
T10_d18_475_a_4,,T10_475,T10,475,18,a,4,train
T10_d18_475_b_4,,T10_475,T10,475,18,b,4,train
T10_d19_475_a_4,,T10_475,T10,475,19,a,4,train
T10_d19_475_b_4,,T10_475,T10,475,19,b,4,train
T10_d20_475_a_4,,T10_475,T10,475,20,a,4,train
T10_d20_475_b_4,,T10_475,T10,475,20,b,4,train
T10_d21_475_a_4,,T10_475,T10,475,21,a,4,train
T10_d21_475_b_4,,T10_475,T10,475,21,b,4,train
T10_d22_475_a_5,,T10_475,T10,475,22,a,5,train
T10_d22_475_b_5,,T10_475,T10,475,22,b,5,train
T10_d23_475_a_5,,T10_475,T10,475,23,a,5,train
T10_d23_475_b_5,,T10_475,T10,475,23,b,5,train
T10_d24_475_a_5,,T10_475,T10,475,24,a,5,train
T10_d24_475_b_5,,T10_475,T10,475,24,b,5,train
T10_d25_475_a_5,,T10_475,T10,475,25,a,5,train
T10_d25_475_b_5,,T10_475,T10,475,25,b,5,train
T10_d26_475_a_5,,T10_475,T10,475,26,a,5,train
T10_d26_475_b_5,,T10_475,T10,475,26,b,5,train
T10_d01_476_a_1,,T10_476,T10,476,1,a,1,train
T10_d01_476_b_1,,T10_476,T10,476,1,b,1,train
T10_d01_478_a_1,,T10_478,T10,478,1,a,1,train
T10_d01_478_b_1,,T10_478,T10,478,1,b,1,train
T10_d02_478_a_1,,T10_478,T10,478,2,a,1,train
T10_d02_478_b_1,,T10_478,T10,478,2,b,1,train
T10_d03_478_a_1,,T10_478,T10,478,3,a,1,train
T10_d03_478_b_1,,T10_478,T10,478,3,b,1,train
T10_d04_478_a_1,,T10_478,T10,478,4,a,1,train
T10_d04_478_b_1,,T10_478,T10,478,4,b,1,train
T10_d05_478_a_1,,T10_478,T10,478,5,a,1,train
T10_d05_478_b_1,,T10_478,T10,478,5,b,1,train
T10_d06_478_a_1,,T10_478,T10,478,6,a,1,train
T10_d06_478_b_1,,T10_478,T10,478,6,b,1,train
T10_d07_478_a_1,,T10_478,T10,478,7,a,1,train
T10_d07_478_b_1,,T10_478,T10,478,7,b,1,train
T10_d08_478_a_1,,T10_478,T10,478,8,a,1,train
T10_d08_478_b_1,,T10_478,T10,478,8,b,1,train
T10_d09_478_a_2,,T10_478,T10,478,9,a,2,train
T10_d09_478_b_2,,T10_478,T10,478,9,b,2,train
T10_d10_478_a_2,,T10_478,T10,478,10,a,2,train
T10_d10_478_b_2,,T10_478,T10,478,10,b,2,train
T10_d11_478_a_3,,T10_478,T10,478,11,a,3,train
T10_d11_478_b_3,,T10_478,T10,478,11,b,3,train
T10_d12_478_a_3,,T10_478,T10,478,12,a,3,train
T10_d12_478_b_3,,T10_478,T10,478,12,b,3,train
T10_d13_478_a_3,,T10_478,T10,478,13,a,3,train
T10_d13_478_b_3,,T10_478,T10,478,13,b,3,train
T10_d14_478_a_3,,T10_478,T10,478,14,a,3,train
T10_d14_478_b_3,,T10_478,T10,478,14,b,3,train
T10_d15_478_a_3,,T10_478,T10,478,15,a,3,train
T10_d15_478_b_3,,T10_478,T10,478,15,b,3,train
T10_d16_478_a_3,,T10_478,T10,478,16,a,3,train
T10_d16_478_b_3,,T10_478,T10,478,16,b,3,train
T10_d17_478_a_3,,T10_478,T10,478,17,a,3,train
T10_d17_478_b_3,,T10_478,T10,478,17,b,3,train
T10_d18_478_a_4,,T10_478,T10,478,18,a,4,train
T10_d18_478_b_4,,T10_478,T10,478,18,b,4,train
T10_d19_478_a_4,,T10_478,T10,478,19,a,4,train
T10_d19_478_b_4,,T10_478,T10,478,19,b,4,train
T10_d20_478_a_4,,T10_478,T10,478,20,a,4,train
T10_d20_478_b_4,,T10_478,T10,478,20,b,4,train
T10_d21_478_a_4,,T10_478,T10,478,21,a,4,train
T10_d21_478_b_4,,T10_478,T10,478,21,b,4,train
T10_d22_478_a_4,,T10_478,T10,478,22,a,4,train
T10_d22_478_b_4,,T10_478,T10,478,22,b,4,train
T10_d23_478_a_4,,T10_478,T10,478,23,a,4,train
T10_d23_478_b_4,,T10_478,T10,478,23,b,4,train
T10_d24_478_a_4,,T10_478,T10,478,24,a,4,train
T10_d24_478_b_4,,T10_478,T10,478,24,b,4,train
T10_d25_478_a_5,,T10_478,T10,478,25,a,5,train
T10_d25_478_b_5,,T10_478,T10,478,25,b,5,train
T10_d26_478_a_5,,T10_478,T10,478,26,a,5,train
T10_d26_478_b_5,,T10_478,T10,478,26,b,5,train
T20_d01_001_a_1,,T20_001,T20,001,1,a,1,train
T20_d01_001_b_1,,T20_001,T20,001,1,b,1,train
T20_d02_001_a_1,,T20_001,T20,001,2,a,1,train
T20_d02_001_b_1,,T20_001,T20,001,2,b,1,train
T20_d03_001_a_2,,T20_001,T20,001,3,a,2,train
T20_d03_001_b_2,,T20_001,T20,001,3,b,2,train
T20_d04_001_a_2,,T20_001,T20,001,4,a,2,train
T20_d04_001_b_2,,T20_001,T20,001,4,b,2,train
T20_d05_001_a_3,,T20_001,T20,001,5,a,3,train
T20_d05_001_b_3,,T20_001,T20,001,5,b,3,train
T20_d06_001_a_4,,T20_001,T20,001,6,a,4,train
T20_d06_001_b_4,,T20_001,T20,001,6,b,4,train
T20_d07_001_a_4,,T20_001,T20,001,7,a,4,train
T20_d07_001_b_4,,T20_001,T20,001,7,b,4,train
T20_d08_001_a_4,,T20_001,T20,001,8,a,4,train
T20_d08_001_b_4,,T20_001,T20,001,8,b,4,train
T20_d09_001_a_5,,T20_001,T20,001,9,a,5,train
T20_d09_001_b_5,,T20_001,T20,001,9,b,5,train
T20_d10_001_a_5,,T20_001,T20,001,10,a,5,train
T20_d10_001_b_5,,T20_001,T20,001,10,b,5,train
T20_d11_001_a_5,,T20_001,T20,001,11,a,5,train
T20_d11_001_b_5,,T20_001,T20,001,11,b,5,train
T20_d01_005_a_1,,T20_005,T20,005,1,a,1,train
T20_d01_005_b_1,,T20_005,T20,005,1,b,1,train
T20_d02_005_a_1,,T20_005,T20,005,2,a,1,train
T20_d02_005_b_1,,T20_005,T20,005,2,b,1,train
T20_d03_005_a_2,,T20_005,T20,005,3,a,2,train
T20_d03_005_b_2,,T20_005,T20,005,3,b,2,train
T20_d04_005_a_2,,T20_005,T20,005,4,a,2,train
T20_d04_005_b_2,,T20_005,T20,005,4,b,2,train
T20_d05_005_a_3,,T20_005,T20,005,5,a,3,train
T20_d05_005_b_3,,T20_005,T20,005,5,b,3,train
T20_d06_005_a_4,,T20_005,T20,005,6,a,4,train
T20_d06_005_b_4,,T20_005,T20,005,6,b,4,train
T20_d07_005_a_4,,T20_005,T20,005,7,a,4,train
T20_d07_005_b_4,,T20_005,T20,005,7,b,4,train
T20_d08_005_a_4,,T20_005,T20,005,8,a,4,train
T20_d08_005_b_4,,T20_005,T20,005,8,b,4,train
T20_d09_005_a_5,,T20_005,T20,005,9,a,5,train
T20_d09_005_b_5,,T20_005,T20,005,9,b,5,train
T20_d10_005_a_5,,T20_005,T20,005,10,a,5,train
T20_d10_005_b_5,,T20_005,T20,005,10,b,5,train
T20_d11_005_a_5,,T20_005,T20,005,11,a,5,train
T20_d11_005_b_5,,T20_005,T20,005,11,b,5,train
T20_d01_006_a_1,,T20_006,T20,006,1,a,1,train
T20_d01_006_b_1,,T20_006,T20,006,1,b,1,train
T20_d02_006_a_1,,T20_006,T20,006,2,a,1,train
T20_d02_006_b_1,,T20_006,T20,006,2,b,1,train
T20_d03_006_a_2,,T20_006,T20,006,3,a,2,train
T20_d03_006_b_2,,T20_006,T20,006,3,b,2,train
T20_d04_006_a_2,,T20_006,T20,006,4,a,2,train
T20_d04_006_b_2,,T20_006,T20,006,4,b,2,train
T20_d05_006_a_3,,T20_006,T20,006,5,a,3,train
T20_d05_006_b_3,,T20_006,T20,006,5,b,3,train
T20_d06_006_a_4,,T20_006,T20,006,6,a,4,train
T20_d06_006_b_4,,T20_006,T20,006,6,b,4,train
T20_d07_006_a_4,,T20_006,T20,006,7,a,4,train
T20_d07_006_b_4,,T20_006,T20,006,7,b,4,train
T20_d08_006_a_4,,T20_006,T20,006,8,a,4,train
T20_d08_006_b_4,,T20_006,T20,006,8,b,4,train
T20_d09_006_a_4,,T20_006,T20,006,9,a,4,train
T20_d09_006_b_4,,T20_006,T20,006,9,b,4,train
T20_d01_008_a_1,,T20_008,T20,008,1,a,1,train
T20_d01_008_b_1,,T20_008,T20,008,1,b,1,train
T20_d02_008_a_1,,T20_008,T20,008,2,a,1,train
T20_d02_008_b_1,,T20_008,T20,008,2,b,1,train
T20_d03_008_a_2,,T20_008,T20,008,3,a,2,train
T20_d03_008_b_2,,T20_008,T20,008,3,b,2,train
T20_d04_008_a_2,,T20_008,T20,008,4,a,2,train
T20_d04_008_b_2,,T20_008,T20,008,4,b,2,train
T20_d05_008_a_3,,T20_008,T20,008,5,a,3,train
T20_d05_008_b_3,,T20_008,T20,008,5,b,3,train
T20_d06_008_a_3,,T20_008,T20,008,6,a,3,train
T20_d06_008_b_3,,T20_008,T20,008,6,b,3,train
T20_d07_008_a_3,,T20_008,T20,008,7,a,3,train
T20_d07_008_b_3,,T20_008,T20,008,7,b,3,train
T20_d08_008_a_4,,T20_008,T20,008,8,a,4,train
T20_d08_008_b_4,,T20_008,T20,008,8,b,4,train
T20_d09_008_a_4,,T20_008,T20,008,9,a,4,train
T20_d09_008_b_4,,T20_008,T20,008,9,b,4,train
T20_d10_008_a_4,,T20_008,T20,008,10,a,4,train
T20_d10_008_b_4,,T20_008,T20,008,10,b,4,train
T20_d11_008_a_5,,T20_008,T20,008,11,a,5,train
T20_d11_008_b_5,,T20_008,T20,008,11,b,5,train
T20_d01_010_a_1,,T20_010,T20,010,1,a,1,train
T20_d01_010_b_1,,T20_010,T20,010,1,b,1,train
T20_d02_010_a_2,,T20_010,T20,010,2,a,2,train
T20_d02_010_b_2,,T20_010,T20,010,2,b,2,train
T20_d03_010_a_2,,T20_010,T20,010,3,a,2,train
T20_d03_010_b_2,,T20_010,T20,010,3,b,2,train
T20_d04_010_a_3,,T20_010,T20,010,4,a,3,train
T20_d04_010_b_3,,T20_010,T20,010,4,b,3,train
T20_d05_010_a_3,,T20_010,T20,010,5,a,3,train
T20_d05_010_b_3,,T20_010,T20,010,5,b,3,train
T20_d06_010_a_4,,T20_010,T20,010,6,a,4,train
T20_d06_010_b_4,,T20_010,T20,010,6,b,4,train
T20_d07_010_a_4,,T20_010,T20,010,7,a,4,train
T20_d07_010_b_4,,T20_010,T20,010,7,b,4,train
T20_d08_010_a_5,,T20_010,T20,010,8,a,5,train
T20_d08_010_b_5,,T20_010,T20,010,8,b,5,train
T20_d09_010_a_5,,T20_010,T20,010,9,a,5,train
T20_d09_010_b_5,,T20_010,T20,010,9,b,5,train
T20_d10_010_a_5,,T20_010,T20,010,10,a,5,train
T20_d10_010_b_5,,T20_010,T20,010,10,b,5,train
T20_d11_010_a_5,,T20_010,T20,010,11,a,5,train
T20_d11_010_b_5,,T20_010,T20,010,11,b,5,train
T20_d01_020_a_1,,T20_020,T20,020,1,a,1,train
T20_d01_020_b_1,,T20_020,T20,020,1,b,1,train
T20_d02_020_a_1,,T20_020,T20,020,2,a,1,train
T20_d02_020_b_1,,T20_020,T20,020,2,b,1,train
T20_d03_020_a_1,,T20_020,T20,020,3,a,1,train
T20_d03_020_b_1,,T20_020,T20,020,3,b,1,train
T20_d04_020_a_1,,T20_020,T20,020,4,a,1,train
T20_d04_020_b_1,,T20_020,T20,020,4,b,1,train
T20_d05_020_a_2,,T20_020,T20,020,5,a,2,train
T20_d05_020_b_2,,T20_020,T20,020,5,b,2,train
T20_d06_020_a_3,,T20_020,T20,020,6,a,3,train
T20_d06_020_b_3,,T20_020,T20,020,6,b,3,train
T20_d07_020_a_3,,T20_020,T20,020,7,a,3,train
T20_d07_020_b_3,,T20_020,T20,020,7,b,3,train
T20_d08_020_a_4,,T20_020,T20,020,8,a,4,train
T20_d08_020_b_4,,T20_020,T20,020,8,b,4,train
T20_d09_020_a_4,,T20_020,T20,020,9,a,4,train
T20_d09_020_b_4,,T20_020,T20,020,9,b,4,train
T20_d10_020_a_5,,T20_020,T20,020,10,a,5,train
T20_d10_020_b_5,,T20_020,T20,020,10,b,5,train
T20_d11_020_a_5,,T20_020,T20,020,11,a,5,train
T20_d11_020_b_5,,T20_020,T20,020,11,b,5,train
T20_d01_024_a_1,,T20_024,T20,024,1,a,1,train
T20_d01_024_b_1,,T20_024,T20,024,1,b,1,train
T20_d02_024_a_1,,T20_024,T20,024,2,a,1,train
T20_d02_024_b_1,,T20_024,T20,024,2,b,1,train
T20_d03_024_a_2,,T20_024,T20,024,3,a,2,train
T20_d03_024_b_2,,T20_024,T20,024,3,b,2,train
T20_d04_024_a_2,,T20_024,T20,024,4,a,2,train
T20_d04_024_b_2,,T20_024,T20,024,4,b,2,train
T20_d05_024_a_3,,T20_024,T20,024,5,a,3,train
T20_d05_024_b_3,,T20_024,T20,024,5,b,3,train
T20_d06_024_a_4,,T20_024,T20,024,6,a,4,train
T20_d06_024_b_4,,T20_024,T20,024,6,b,4,train
T20_d07_024_a_4,,T20_024,T20,024,7,a,4,train
T20_d07_024_b_4,,T20_024,T20,024,7,b,4,train
T20_d08_024_a_4,,T20_024,T20,024,8,a,4,train
T20_d08_024_b_4,,T20_024,T20,024,8,b,4,train
T20_d09_024_a_4,,T20_024,T20,024,9,a,4,train
T20_d09_024_b_4,,T20_024,T20,024,9,b,4,train
T20_d10_024_a_4,,T20_024,T20,024,10,a,4,train
T20_d10_024_b_4,,T20_024,T20,024,10,b,4,train
T20_d11_024_a_5,,T20_024,T20,024,11,a,5,train
T20_d11_024_b_5,,T20_024,T20,024,11,b,5,train
T20_d01_029_a_1,,T20_029,T20,029,1,a,1,train
T20_d01_029_b_1,,T20_029,T20,029,1,b,1,train
T20_d02_029_a_1,,T20_029,T20,029,2,a,1,train
T20_d02_029_b_1,,T20_029,T20,029,2,b,1,train
T20_d03_029_a_2,,T20_029,T20,029,3,a,2,train
T20_d03_029_b_2,,T20_029,T20,029,3,b,2,train
T20_d04_029_a_2,,T20_029,T20,029,4,a,2,train
T20_d04_029_b_2,,T20_029,T20,029,4,b,2,train
T20_d05_029_a_3,,T20_029,T20,029,5,a,3,train
T20_d05_029_b_3,,T20_029,T20,029,5,b,3,train
T20_d06_029_a_3,,T20_029,T20,029,6,a,3,train
T20_d06_029_b_3,,T20_029,T20,029,6,b,3,train
T20_d07_029_a_4,,T20_029,T20,029,7,a,4,train
T20_d07_029_b_4,,T20_029,T20,029,7,b,4,train
T20_d01_031_a_1,,T20_031,T20,031,1,a,1,train
T20_d01_031_b_1,,T20_031,T20,031,1,b,1,train
T20_d02_031_a_1,,T20_031,T20,031,2,a,1,train
T20_d02_031_b_1,,T20_031,T20,031,2,b,1,train
T20_d03_031_a_2,,T20_031,T20,031,3,a,2,train
T20_d03_031_b_2,,T20_031,T20,031,3,b,2,train
T20_d04_031_a_2,,T20_031,T20,031,4,a,2,train
T20_d04_031_b_2,,T20_031,T20,031,4,b,2,train
T20_d05_031_a_3,,T20_031,T20,031,5,a,3,train
T20_d05_031_b_3,,T20_031,T20,031,5,b,3,train
T20_d06_031_a_4,,T20_031,T20,031,6,a,4,train
T20_d06_031_b_4,,T20_031,T20,031,6,b,4,train
T20_d07_031_a_4,,T20_031,T20,031,7,a,4,train
T20_d07_031_b_4,,T20_031,T20,031,7,b,4,train
T20_d08_031_a_4,,T20_031,T20,031,8,a,4,train
T20_d08_031_b_4,,T20_031,T20,031,8,b,4,train
T20_d09_031_a_4,,T20_031,T20,031,9,a,4,train
T20_d09_031_b_4,,T20_031,T20,031,9,b,4,train
T20_d10_031_a_5,,T20_031,T20,031,10,a,5,train
T20_d10_031_b_5,,T20_031,T20,031,10,b,5,train
T20_d11_031_a_5,,T20_031,T20,031,11,a,5,train
T20_d11_031_b_5,,T20_031,T20,031,11,b,5,train
T20_d01_032_a_1,,T20_032,T20,032,1,a,1,train
T20_d01_032_b_1,,T20_032,T20,032,1,b,1,train
T20_d02_032_a_2,,T20_032,T20,032,2,a,2,train
T20_d02_032_b_2,,T20_032,T20,032,2,b,2,train
T20_d03_032_a_2,,T20_032,T20,032,3,a,2,train
T20_d03_032_b_2,,T20_032,T20,032,3,b,2,train
T20_d04_032_a_2,,T20_032,T20,032,4,a,2,train
T20_d04_032_b_2,,T20_032,T20,032,4,b,2,train
T20_d05_032_a_3,,T20_032,T20,032,5,a,3,train
T20_d05_032_b_3,,T20_032,T20,032,5,b,3,train
T20_d06_032_a_3,,T20_032,T20,032,6,a,3,train
T20_d06_032_b_3,,T20_032,T20,032,6,b,3,train
T20_d07_032_a_4,,T20_032,T20,032,7,a,4,train
T20_d07_032_b_4,,T20_032,T20,032,7,b,4,train
T20_d08_032_a_4,,T20_032,T20,032,8,a,4,train
T20_d08_032_b_4,,T20_032,T20,032,8,b,4,train
T20_d09_032_a_4,,T20_032,T20,032,9,a,4,train
T20_d09_032_b_4,,T20_032,T20,032,9,b,4,train
T20_d10_032_a_5,,T20_032,T20,032,10,a,5,train
T20_d10_032_b_5,,T20_032,T20,032,10,b,5,train
T20_d11_032_a_5,,T20_032,T20,032,11,a,5,train
T20_d11_032_b_5,,T20_032,T20,032,11,b,5,train
T20_d01_040_a_1,,T20_040,T20,040,1,a,1,train
T20_d01_040_b_1,,T20_040,T20,040,1,b,1,train
T20_d02_040_a_1,,T20_040,T20,040,2,a,1,train
T20_d02_040_b_1,,T20_040,T20,040,2,b,1,train
T20_d03_040_a_2,,T20_040,T20,040,3,a,2,train
T20_d03_040_b_2,,T20_040,T20,040,3,b,2,train
T20_d04_040_a_2,,T20_040,T20,040,4,a,2,train
T20_d04_040_b_2,,T20_040,T20,040,4,b,2,train
T20_d05_040_a_3,,T20_040,T20,040,5,a,3,train
T20_d05_040_b_3,,T20_040,T20,040,5,b,3,train
T20_d01_042_a_1,,T20_042,T20,042,1,a,1,train
T20_d01_042_b_1,,T20_042,T20,042,1,b,1,train
T20_d02_042_a_2,,T20_042,T20,042,2,a,2,train
T20_d02_042_b_2,,T20_042,T20,042,2,b,2,train
T20_d03_042_a_2,,T20_042,T20,042,3,a,2,train
T20_d03_042_b_2,,T20_042,T20,042,3,b,2,train
T20_d04_042_a_3,,T20_042,T20,042,4,a,3,train
T20_d04_042_b_3,,T20_042,T20,042,4,b,3,train
T20_d05_042_a_3,,T20_042,T20,042,5,a,3,train
T20_d05_042_b_3,,T20_042,T20,042,5,b,3,train
T20_d06_042_a_3,,T20_042,T20,042,6,a,3,train
T20_d06_042_b_3,,T20_042,T20,042,6,b,3,train
T20_d07_042_a_4,,T20_042,T20,042,7,a,4,train
T20_d07_042_b_4,,T20_042,T20,042,7,b,4,train
T20_d08_042_a_4,,T20_042,T20,042,8,a,4,train
T20_d08_042_b_4,,T20_042,T20,042,8,b,4,train
T20_d09_042_a_4,,T20_042,T20,042,9,a,4,train
T20_d09_042_b_4,,T20_042,T20,042,9,b,4,train
T20_d10_042_a_5,,T20_042,T20,042,10,a,5,train
T20_d10_042_b_5,,T20_042,T20,042,10,b,5,train
T20_d11_042_a_5,,T20_042,T20,042,11,a,5,train
T20_d11_042_b_5,,T20_042,T20,042,11,b,5,train
T20_d01_043_a_1,,T20_043,T20,043,1,a,1,train
T20_d01_043_b_1,,T20_043,T20,043,1,b,1,train
T20_d02_043_a_1,,T20_043,T20,043,2,a,1,train
T20_d02_043_b_1,,T20_043,T20,043,2,b,1,train
T20_d03_043_a_2,,T20_043,T20,043,3,a,2,train
T20_d03_043_b_2,,T20_043,T20,043,3,b,2,train
T20_d01_050_a_1,,T20_050,T20,050,1,a,1,train
T20_d01_050_b_1,,T20_050,T20,050,1,b,1,train
T20_d02_050_a_2,,T20_050,T20,050,2,a,2,train
T20_d02_050_b_2,,T20_050,T20,050,2,b,2,train
T20_d03_050_a_2,,T20_050,T20,050,3,a,2,train
T20_d03_050_b_2,,T20_050,T20,050,3,b,2,train
T20_d04_050_a_3,,T20_050,T20,050,4,a,3,train
T20_d04_050_b_3,,T20_050,T20,050,4,b,3,train
T20_d05_050_a_4,,T20_050,T20,050,5,a,4,train
T20_d05_050_b_4,,T20_050,T20,050,5,b,4,train
T20_d06_050_a_4,,T20_050,T20,050,6,a,4,train
T20_d06_050_b_4,,T20_050,T20,050,6,b,4,train
T20_d07_050_a_4,,T20_050,T20,050,7,a,4,train
T20_d07_050_b_4,,T20_050,T20,050,7,b,4,train
T20_d08_050_a_4,,T20_050,T20,050,8,a,4,train
T20_d08_050_b_4,,T20_050,T20,050,8,b,4,train
T20_d09_050_a_5,,T20_050,T20,050,9,a,5,train
T20_d09_050_b_5,,T20_050,T20,050,9,b,5,train
T20_d10_050_a_5,,T20_050,T20,050,10,a,5,train
T20_d10_050_b_5,,T20_050,T20,050,10,b,5,train
T20_d11_050_a_5,,T20_050,T20,050,11,a,5,train
T20_d11_050_b_5,,T20_050,T20,050,11,b,5,train
T20_d01_060_a_1,,T20_060,T20,060,1,a,1,train
T20_d01_060_b_1,,T20_060,T20,060,1,b,1,train
T20_d02_060_a_2,,T20_060,T20,060,2,a,2,train
T20_d02_060_b_2,,T20_060,T20,060,2,b,2,train
T20_d03_060_a_2,,T20_060,T20,060,3,a,2,train
T20_d03_060_b_2,,T20_060,T20,060,3,b,2,train
T20_d04_060_a_3,,T20_060,T20,060,4,a,3,train
T20_d04_060_b_3,,T20_060,T20,060,4,b,3,train
T20_d05_060_a_4,,T20_060,T20,060,5,a,4,train
T20_d05_060_b_4,,T20_060,T20,060,5,b,4,train
T20_d06_060_a_4,,T20_060,T20,060,6,a,4,train
T20_d06_060_b_4,,T20_060,T20,060,6,b,4,train
T20_d07_060_a_4,,T20_060,T20,060,7,a,4,train
T20_d07_060_b_4,,T20_060,T20,060,7,b,4,train
T20_d08_060_a_4,,T20_060,T20,060,8,a,4,train
T20_d08_060_b_4,,T20_060,T20,060,8,b,4,train
T20_d09_060_a_4,,T20_060,T20,060,9,a,4,train
T20_d09_060_b_4,,T20_060,T20,060,9,b,4,train
T20_d10_060_a_5,,T20_060,T20,060,10,a,5,train
T20_d10_060_b_5,,T20_060,T20,060,10,b,5,train
T20_d11_060_a_5,,T20_060,T20,060,11,a,5,train
T20_d11_060_b_5,,T20_060,T20,060,11,b,5,train
T20_d01_075_a_1,,T20_075,T20,075,1,a,1,train
T20_d01_075_b_1,,T20_075,T20,075,1,b,1,train
T20_d02_075_a_2,,T20_075,T20,075,2,a,2,train
T20_d02_075_b_2,,T20_075,T20,075,2,b,2,train
T20_d03_075_a_2,,T20_075,T20,075,3,a,2,train
T20_d03_075_b_2,,T20_075,T20,075,3,b,2,train
T20_d04_075_a_3,,T20_075,T20,075,4,a,3,train
T20_d04_075_b_3,,T20_075,T20,075,4,b,3,train
T20_d05_075_a_3,,T20_075,T20,075,5,a,3,train
T20_d05_075_b_3,,T20_075,T20,075,5,b,3,train
T20_d06_075_a_3,,T20_075,T20,075,6,a,3,train
T20_d06_075_b_3,,T20_075,T20,075,6,b,3,train
T20_d07_075_a_4,,T20_075,T20,075,7,a,4,train
T20_d07_075_b_4,,T20_075,T20,075,7,b,4,train
T20_d08_075_a_4,,T20_075,T20,075,8,a,4,train
T20_d08_075_b_4,,T20_075,T20,075,8,b,4,train
T20_d09_075_a_4,,T20_075,T20,075,9,a,4,train
T20_d09_075_b_4,,T20_075,T20,075,9,b,4,train
T20_d10_075_a_5,,T20_075,T20,075,10,a,5,train
T20_d10_075_b_5,,T20_075,T20,075,10,b,5,train
T20_d11_075_a_5,,T20_075,T20,075,11,a,5,train
T20_d11_075_b_5,,T20_075,T20,075,11,b,5,train
T20_d01_081_a_1,,T20_081,T20,081,1,a,1,train
T20_d01_081_b_1,,T20_081,T20,081,1,b,1,train
T20_d01_082_a_1,,T20_082,T20,082,1,a,1,train
T20_d01_082_b_1,,T20_082,T20,082,1,b,1,train
T20_d01_084_a_1,,T20_084,T20,084,1,a,1,train
T20_d01_084_b_1,,T20_084,T20,084,1,b,1,train
T20_d02_084_a_2,,T20_084,T20,084,2,a,2,train
T20_d02_084_b_2,,T20_084,T20,084,2,b,2,train
T20_d03_084_a_2,,T20_084,T20,084,3,a,2,train
T20_d03_084_b_2,,T20_084,T20,084,3,b,2,train
T20_d04_084_a_3,,T20_084,T20,084,4,a,3,train
T20_d04_084_b_3,,T20_084,T20,084,4,b,3,train
T20_d05_084_a_4,,T20_084,T20,084,5,a,4,train
T20_d05_084_b_4,,T20_084,T20,084,5,b,4,train
T20_d06_084_a_4,,T20_084,T20,084,6,a,4,train
T20_d06_084_b_4,,T20_084,T20,084,6,b,4,train
T20_d07_084_a_4,,T20_084,T20,084,7,a,4,train
T20_d07_084_b_4,,T20_084,T20,084,7,b,4,train
T20_d08_084_a_5,,T20_084,T20,084,8,a,5,train
T20_d08_084_b_5,,T20_084,T20,084,8,b,5,train
T20_d09_084_a_5,,T20_084,T20,084,9,a,5,train
T20_d09_084_b_5,,T20_084,T20,084,9,b,5,train
T20_d10_084_a_5,,T20_084,T20,084,10,a,5,train
T20_d10_084_b_5,,T20_084,T20,084,10,b,5,train
T20_d11_084_a_5,,T20_084,T20,084,11,a,5,train
T20_d11_084_b_5,,T20_084,T20,084,11,b,5,train
T20_d01_085_a_1,,T20_085,T20,085,1,a,1,train
T20_d01_085_b_1,,T20_085,T20,085,1,b,1,train
T20_d02_085_a_1,,T20_085,T20,085,2,a,1,train
T20_d02_085_b_1,,T20_085,T20,085,2,b,1,train
T20_d03_085_a_2,,T20_085,T20,085,3,a,2,train
T20_d03_085_b_2,,T20_085,T20,085,3,b,2,train
T20_d04_085_a_2,,T20_085,T20,085,4,a,2,train
T20_d04_085_b_2,,T20_085,T20,085,4,b,2,train
T20_d05_085_a_3,,T20_085,T20,085,5,a,3,train
T20_d05_085_b_3,,T20_085,T20,085,5,b,3,train
T20_d06_085_a_3,,T20_085,T20,085,6,a,3,train
T20_d06_085_b_3,,T20_085,T20,085,6,b,3,train
T20_d07_085_a_3,,T20_085,T20,085,7,a,3,train
T20_d07_085_b_3,,T20_085,T20,085,7,b,3,train
T20_d08_085_a_4,,T20_085,T20,085,8,a,4,train
T20_d08_085_b_4,,T20_085,T20,085,8,b,4,train
T20_d09_085_a_4,,T20_085,T20,085,9,a,4,train
T20_d09_085_b_4,,T20_085,T20,085,9,b,4,train
T20_d10_085_a_4,,T20_085,T20,085,10,a,4,train
T20_d10_085_b_4,,T20_085,T20,085,10,b,4,train
T20_d11_085_a_5,,T20_085,T20,085,11,a,5,train
T20_d11_085_b_5,,T20_085,T20,085,11,b,5,train
T20_d01_090_a_1,,T20_090,T20,090,1,a,1,train
T20_d01_090_b_1,,T20_090,T20,090,1,b,1,train
T20_d02_090_a_1,,T20_090,T20,090,2,a,1,train
T20_d02_090_b_1,,T20_090,T20,090,2,b,1,train
T20_d03_090_a_2,,T20_090,T20,090,3,a,2,train
T20_d03_090_b_2,,T20_090,T20,090,3,b,2,train
T20_d04_090_a_2,,T20_090,T20,090,4,a,2,train
T20_d04_090_b_2,,T20_090,T20,090,4,b,2,train
T20_d05_090_a_3,,T20_090,T20,090,5,a,3,train
T20_d05_090_b_3,,T20_090,T20,090,5,b,3,train
T20_d06_090_a_3,,T20_090,T20,090,6,a,3,train
T20_d06_090_b_3,,T20_090,T20,090,6,b,3,train
T20_d07_090_a_4,,T20_090,T20,090,7,a,4,train
T20_d07_090_b_4,,T20_090,T20,090,7,b,4,train
T20_d08_090_a_4,,T20_090,T20,090,8,a,4,train
T20_d08_090_b_4,,T20_090,T20,090,8,b,4,train
T20_d09_090_a_5,,T20_090,T20,090,9,a,5,train
T20_d09_090_b_5,,T20_090,T20,090,9,b,5,train
T20_d10_090_a_5,,T20_090,T20,090,10,a,5,train
T20_d10_090_b_5,,T20_090,T20,090,10,b,5,train
T20_d11_090_a_5,,T20_090,T20,090,11,a,5,train
T20_d11_090_b_5,,T20_090,T20,090,11,b,5,train
T20_d01_091_a_1,,T20_091,T20,091,1,a,1,train
T20_d01_091_b_1,,T20_091,T20,091,1,b,1,train
T20_d01_095_a_1,,T20_095,T20,095,1,a,1,train
T20_d01_095_b_1,,T20_095,T20,095,1,b,1,train
T20_d02_095_a_2,,T20_095,T20,095,2,a,2,train
T20_d02_095_b_2,,T20_095,T20,095,2,b,2,train
T20_d03_095_a_2,,T20_095,T20,095,3,a,2,train
T20_d03_095_b_2,,T20_095,T20,095,3,b,2,train
T20_d04_095_a_2,,T20_095,T20,095,4,a,2,train
T20_d04_095_b_2,,T20_095,T20,095,4,b,2,train
T20_d05_095_a_3,,T20_095,T20,095,5,a,3,train
T20_d05_095_b_3,,T20_095,T20,095,5,b,3,train
T20_d06_095_a_4,,T20_095,T20,095,6,a,4,train
T20_d06_095_b_4,,T20_095,T20,095,6,b,4,train
T20_d07_095_a_4,,T20_095,T20,095,7,a,4,train
T20_d07_095_b_4,,T20_095,T20,095,7,b,4,train
T20_d08_095_a_4,,T20_095,T20,095,8,a,4,train
T20_d08_095_b_4,,T20_095,T20,095,8,b,4,train
T20_d09_095_a_4,,T20_095,T20,095,9,a,4,train
T20_d09_095_b_4,,T20_095,T20,095,9,b,4,train
T20_d10_095_a_5,,T20_095,T20,095,10,a,5,train
T20_d10_095_b_5,,T20_095,T20,095,10,b,5,train
T20_d11_095_a_5,,T20_095,T20,095,11,a,5,train
T20_d11_095_b_5,,T20_095,T20,095,11,b,5,train
T20_d01_106_a_1,,T20_106,T20,106,1,a,1,train
T20_d01_106_b_1,,T20_106,T20,106,1,b,1,train
T20_d02_106_a_1,,T20_106,T20,106,2,a,1,train
T20_d02_106_b_1,,T20_106,T20,106,2,b,1,train
T20_d03_106_a_2,,T20_106,T20,106,3,a,2,train
T20_d03_106_b_2,,T20_106,T20,106,3,b,2,train
T20_d04_106_a_2,,T20_106,T20,106,4,a,2,train
T20_d04_106_b_2,,T20_106,T20,106,4,b,2,train
T20_d05_106_a_3,,T20_106,T20,106,5,a,3,train
T20_d05_106_b_3,,T20_106,T20,106,5,b,3,train
T20_d06_106_a_3,,T20_106,T20,106,6,a,3,train
T20_d06_106_b_3,,T20_106,T20,106,6,b,3,train
T20_d07_106_a_4,,T20_106,T20,106,7,a,4,train
T20_d07_106_b_4,,T20_106,T20,106,7,b,4,train
T20_d08_106_a_4,,T20_106,T20,106,8,a,4,train
T20_d08_106_b_4,,T20_106,T20,106,8,b,4,train
T20_d09_106_a_5,,T20_106,T20,106,9,a,5,train
T20_d09_106_b_5,,T20_106,T20,106,9,b,5,train
T20_d10_106_a_5,,T20_106,T20,106,10,a,5,train
T20_d10_106_b_5,,T20_106,T20,106,10,b,5,train
T20_d11_106_a_5,,T20_106,T20,106,11,a,5,train
T20_d11_106_b_5,,T20_106,T20,106,11,b,5,train
T20_d01_107_a_1,,T20_107,T20,107,1,a,1,train
T20_d01_107_b_1,,T20_107,T20,107,1,b,1,train
T20_d02_107_a_2,,T20_107,T20,107,2,a,2,train
T20_d02_107_b_2,,T20_107,T20,107,2,b,2,train
T20_d03_107_a_2,,T20_107,T20,107,3,a,2,train
T20_d03_107_b_2,,T20_107,T20,107,3,b,2,train
T20_d04_107_a_3,,T20_107,T20,107,4,a,3,train
T20_d04_107_b_3,,T20_107,T20,107,4,b,3,train
T20_d05_107_a_3,,T20_107,T20,107,5,a,3,train
T20_d05_107_b_3,,T20_107,T20,107,5,b,3,train
T20_d06_107_a_3,,T20_107,T20,107,6,a,3,train
T20_d06_107_b_3,,T20_107,T20,107,6,b,3,train
T20_d07_107_a_4,,T20_107,T20,107,7,a,4,train
T20_d07_107_b_4,,T20_107,T20,107,7,b,4,train
T20_d08_107_a_4,,T20_107,T20,107,8,a,4,train
T20_d08_107_b_4,,T20_107,T20,107,8,b,4,train
T20_d09_107_a_4,,T20_107,T20,107,9,a,4,train
T20_d09_107_b_4,,T20_107,T20,107,9,b,4,train
T20_d10_107_a_5,,T20_107,T20,107,10,a,5,train
T20_d10_107_b_5,,T20_107,T20,107,10,b,5,train
T20_d11_107_a_5,,T20_107,T20,107,11,a,5,train
T20_d11_107_b_5,,T20_107,T20,107,11,b,5,train
T20_d01_112_a_1,,T20_112,T20,112,1,a,1,train
T20_d01_112_b_1,,T20_112,T20,112,1,b,1,train
T20_d02_112_a_1,,T20_112,T20,112,2,a,1,train
T20_d02_112_b_1,,T20_112,T20,112,2,b,1,train
T20_d03_112_a_2,,T20_112,T20,112,3,a,2,train
T20_d03_112_b_2,,T20_112,T20,112,3,b,2,train
T20_d04_112_a_2,,T20_112,T20,112,4,a,2,train
T20_d04_112_b_2,,T20_112,T20,112,4,b,2,train
T20_d05_112_a_3,,T20_112,T20,112,5,a,3,train
T20_d05_112_b_3,,T20_112,T20,112,5,b,3,train
T20_d06_112_a_3,,T20_112,T20,112,6,a,3,train
T20_d06_112_b_3,,T20_112,T20,112,6,b,3,train
T20_d07_112_a_3,,T20_112,T20,112,7,a,3,train
T20_d07_112_b_3,,T20_112,T20,112,7,b,3,train
T20_d08_112_a_4,,T20_112,T20,112,8,a,4,train
T20_d08_112_b_4,,T20_112,T20,112,8,b,4,train
T20_d09_112_a_4,,T20_112,T20,112,9,a,4,train
T20_d09_112_b_4,,T20_112,T20,112,9,b,4,train
T20_d10_112_a_5,,T20_112,T20,112,10,a,5,train
T20_d10_112_b_5,,T20_112,T20,112,10,b,5,train
T20_d11_112_a_5,,T20_112,T20,112,11,a,5,train
T20_d11_112_b_5,,T20_112,T20,112,11,b,5,train
T20_d01_114_a_1,,T20_114,T20,114,1,a,1,train
T20_d01_114_b_1,,T20_114,T20,114,1,b,1,train
T20_d02_114_a_1,,T20_114,T20,114,2,a,1,train
T20_d02_114_b_1,,T20_114,T20,114,2,b,1,train
T20_d03_114_a_1,,T20_114,T20,114,3,a,1,train
T20_d03_114_b_1,,T20_114,T20,114,3,b,1,train
T20_d04_114_a_1,,T20_114,T20,114,4,a,1,train
T20_d04_114_b_1,,T20_114,T20,114,4,b,1,train
T20_d05_114_a_2,,T20_114,T20,114,5,a,2,train
T20_d05_114_b_2,,T20_114,T20,114,5,b,2,train
T20_d06_114_a_2,,T20_114,T20,114,6,a,2,train
T20_d06_114_b_2,,T20_114,T20,114,6,b,2,train
T20_d07_114_a_4,,T20_114,T20,114,7,a,4,train
T20_d07_114_b_4,,T20_114,T20,114,7,b,4,train
T20_d08_114_a_4,,T20_114,T20,114,8,a,4,train
T20_d08_114_b_4,,T20_114,T20,114,8,b,4,train
T20_d09_114_a_4,,T20_114,T20,114,9,a,4,train
T20_d09_114_b_4,,T20_114,T20,114,9,b,4,train
T20_d10_114_a_5,,T20_114,T20,114,10,a,5,train
T20_d10_114_b_5,,T20_114,T20,114,10,b,5,train
T20_d11_114_a_5,,T20_114,T20,114,11,a,5,train
T20_d11_114_b_5,,T20_114,T20,114,11,b,5,train
T20_d01_116_a_1,,T20_116,T20,116,1,a,1,train
T20_d01_116_b_1,,T20_116,T20,116,1,b,1,train
T20_d02_116_a_1,,T20_116,T20,116,2,a,1,train
T20_d02_116_b_1,,T20_116,T20,116,2,b,1,train
T20_d03_116_a_2,,T20_116,T20,116,3,a,2,train
T20_d03_116_b_2,,T20_116,T20,116,3,b,2,train
T20_d04_116_a_2,,T20_116,T20,116,4,a,2,train
T20_d04_116_b_2,,T20_116,T20,116,4,b,2,train
T20_d05_116_a_3,,T20_116,T20,116,5,a,3,train
T20_d05_116_b_3,,T20_116,T20,116,5,b,3,train
T20_d06_116_a_3,,T20_116,T20,116,6,a,3,train
T20_d06_116_b_3,,T20_116,T20,116,6,b,3,train
T20_d07_116_a_3,,T20_116,T20,116,7,a,3,train
T20_d07_116_b_3,,T20_116,T20,116,7,b,3,train
T20_d08_116_a_4,,T20_116,T20,116,8,a,4,train
T20_d08_116_b_4,,T20_116,T20,116,8,b,4,train
T20_d09_116_a_4,,T20_116,T20,116,9,a,4,train
T20_d09_116_b_4,,T20_116,T20,116,9,b,4,train
T20_d10_116_a_5,,T20_116,T20,116,10,a,5,train
T20_d10_116_b_5,,T20_116,T20,116,10,b,5,train
T20_d11_116_a_5,,T20_116,T20,116,11,a,5,train
T20_d11_116_b_5,,T20_116,T20,116,11,b,5,train
T20_d01_123_a_1,,T20_123,T20,123,1,a,1,train
T20_d01_123_b_1,,T20_123,T20,123,1,b,1,train
T20_d02_123_a_2,,T20_123,T20,123,2,a,2,train
T20_d02_123_b_2,,T20_123,T20,123,2,b,2,train
T20_d03_123_a_2,,T20_123,T20,123,3,a,2,train
T20_d03_123_b_2,,T20_123,T20,123,3,b,2,train
T20_d04_123_a_3,,T20_123,T20,123,4,a,3,train
T20_d04_123_b_3,,T20_123,T20,123,4,b,3,train
T20_d05_123_a_3,,T20_123,T20,123,5,a,3,train
T20_d05_123_b_3,,T20_123,T20,123,5,b,3,train
T20_d01_127_a_1,,T20_127,T20,127,1,a,1,train
T20_d01_127_b_1,,T20_127,T20,127,1,b,1,train
T20_d01_137_a_1,,T20_137,T20,137,1,a,1,train
T20_d01_137_b_1,,T20_137,T20,137,1,b,1,train
T20_d02_137_a_1,,T20_137,T20,137,2,a,1,train
T20_d02_137_b_1,,T20_137,T20,137,2,b,1,train
T20_d03_137_a_2,,T20_137,T20,137,3,a,2,train
T20_d03_137_b_2,,T20_137,T20,137,3,b,2,train
T20_d04_137_a_2,,T20_137,T20,137,4,a,2,train
T20_d04_137_b_2,,T20_137,T20,137,4,b,2,train
T20_d05_137_a_3,,T20_137,T20,137,5,a,3,train
T20_d05_137_b_3,,T20_137,T20,137,5,b,3,train
T20_d06_137_a_3,,T20_137,T20,137,6,a,3,train
T20_d06_137_b_3,,T20_137,T20,137,6,b,3,train
T20_d07_137_a_3,,T20_137,T20,137,7,a,3,train
T20_d07_137_b_3,,T20_137,T20,137,7,b,3,train
T20_d08_137_a_4,,T20_137,T20,137,8,a,4,train
T20_d08_137_b_4,,T20_137,T20,137,8,b,4,train
T20_d09_137_a_4,,T20_137,T20,137,9,a,4,train
T20_d09_137_b_4,,T20_137,T20,137,9,b,4,train
T20_d10_137_a_5,,T20_137,T20,137,10,a,5,train
T20_d10_137_b_5,,T20_137,T20,137,10,b,5,train
T20_d11_137_a_5,,T20_137,T20,137,11,a,5,train
T20_d11_137_b_5,,T20_137,T20,137,11,b,5,train
T20_d01_146_a_1,,T20_146,T20,146,1,a,1,train
T20_d01_146_b_1,,T20_146,T20,146,1,b,1,train
T20_d02_146_a_2,,T20_146,T20,146,2,a,2,train
T20_d02_146_b_2,,T20_146,T20,146,2,b,2,train
T20_d03_146_a_2,,T20_146,T20,146,3,a,2,train
T20_d03_146_b_2,,T20_146,T20,146,3,b,2,train
T20_d04_146_a_3,,T20_146,T20,146,4,a,3,train
T20_d04_146_b_3,,T20_146,T20,146,4,b,3,train
T20_d05_146_a_4,,T20_146,T20,146,5,a,4,train
T20_d05_146_b_4,,T20_146,T20,146,5,b,4,train
T20_d06_146_a_4,,T20_146,T20,146,6,a,4,train
T20_d06_146_b_4,,T20_146,T20,146,6,b,4,train
T20_d07_146_a_4,,T20_146,T20,146,7,a,4,train
T20_d07_146_b_4,,T20_146,T20,146,7,b,4,train
T20_d08_146_a_4,,T20_146,T20,146,8,a,4,train
T20_d08_146_b_4,,T20_146,T20,146,8,b,4,train
T20_d09_146_a_5,,T20_146,T20,146,9,a,5,train
T20_d09_146_b_5,,T20_146,T20,146,9,b,5,train
T20_d10_146_a_5,,T20_146,T20,146,10,a,5,train
T20_d10_146_b_5,,T20_146,T20,146,10,b,5,train
T20_d11_146_a_5,,T20_146,T20,146,11,a,5,train
T20_d11_146_b_5,,T20_146,T20,146,11,b,5,train
T20_d01_150_a_1,,T20_150,T20,150,1,a,1,train
T20_d01_150_b_1,,T20_150,T20,150,1,b,1,train
T20_d02_150_a_2,,T20_150,T20,150,2,a,2,train
T20_d02_150_b_2,,T20_150,T20,150,2,b,2,train
T20_d03_150_a_2,,T20_150,T20,150,3,a,2,train
T20_d03_150_b_2,,T20_150,T20,150,3,b,2,train
T20_d04_150_a_2,,T20_150,T20,150,4,a,2,train
T20_d04_150_b_2,,T20_150,T20,150,4,b,2,train
T20_d05_150_a_2,,T20_150,T20,150,5,a,2,train
T20_d05_150_b_2,,T20_150,T20,150,5,b,2,train
T20_d06_150_a_2,,T20_150,T20,150,6,a,2,train
T20_d06_150_b_2,,T20_150,T20,150,6,b,2,train
T20_d07_150_a_3,,T20_150,T20,150,7,a,3,train
T20_d07_150_b_3,,T20_150,T20,150,7,b,3,train
T20_d08_150_a_4,,T20_150,T20,150,8,a,4,train
T20_d08_150_b_4,,T20_150,T20,150,8,b,4,train
T20_d09_150_a_5,,T20_150,T20,150,9,a,5,train
T20_d09_150_b_5,,T20_150,T20,150,9,b,5,train
T20_d10_150_a_5,,T20_150,T20,150,10,a,5,train
T20_d10_150_b_5,,T20_150,T20,150,10,b,5,train
T20_d11_150_a_5,,T20_150,T20,150,11,a,5,train
T20_d11_150_b_5,,T20_150,T20,150,11,b,5,train
T20_d01_151_a_1,,T20_151,T20,151,1,a,1,train
T20_d01_151_b_1,,T20_151,T20,151,1,b,1,train
T20_d02_151_a_2,,T20_151,T20,151,2,a,2,train
T20_d02_151_b_2,,T20_151,T20,151,2,b,2,train
T20_d03_151_a_2,,T20_151,T20,151,3,a,2,train
T20_d03_151_b_2,,T20_151,T20,151,3,b,2,train
T20_d04_151_a_3,,T20_151,T20,151,4,a,3,train
T20_d04_151_b_3,,T20_151,T20,151,4,b,3,train
T20_d05_151_a_4,,T20_151,T20,151,5,a,4,train
T20_d05_151_b_4,,T20_151,T20,151,5,b,4,train
T20_d06_151_a_4,,T20_151,T20,151,6,a,4,train
T20_d06_151_b_4,,T20_151,T20,151,6,b,4,train
T20_d07_151_a_4,,T20_151,T20,151,7,a,4,train
T20_d07_151_b_4,,T20_151,T20,151,7,b,4,train
T20_d08_151_a_4,,T20_151,T20,151,8,a,4,train
T20_d08_151_b_4,,T20_151,T20,151,8,b,4,train
T20_d09_151_a_4,,T20_151,T20,151,9,a,4,train
T20_d09_151_b_4,,T20_151,T20,151,9,b,4,train
T20_d10_151_a_5,,T20_151,T20,151,10,a,5,train
T20_d10_151_b_5,,T20_151,T20,151,10,b,5,train
T20_d11_151_a_5,,T20_151,T20,151,11,a,5,train
T20_d11_151_b_5,,T20_151,T20,151,11,b,5,train
T20_d01_153_a_1,,T20_153,T20,153,1,a,1,train
T20_d01_153_b_1,,T20_153,T20,153,1,b,1,train
T20_d02_153_a_1,,T20_153,T20,153,2,a,1,train
T20_d02_153_b_1,,T20_153,T20,153,2,b,1,train
T20_d03_153_a_2,,T20_153,T20,153,3,a,2,train
T20_d03_153_b_2,,T20_153,T20,153,3,b,2,train
T20_d04_153_a_2,,T20_153,T20,153,4,a,2,train
T20_d04_153_b_2,,T20_153,T20,153,4,b,2,train
T20_d05_153_a_3,,T20_153,T20,153,5,a,3,train
T20_d05_153_b_3,,T20_153,T20,153,5,b,3,train
T20_d06_153_a_3,,T20_153,T20,153,6,a,3,train
T20_d06_153_b_3,,T20_153,T20,153,6,b,3,train
T20_d07_153_a_4,,T20_153,T20,153,7,a,4,train
T20_d07_153_b_4,,T20_153,T20,153,7,b,4,train
T20_d08_153_a_4,,T20_153,T20,153,8,a,4,train
T20_d08_153_b_4,,T20_153,T20,153,8,b,4,train
T20_d09_153_a_4,,T20_153,T20,153,9,a,4,train
T20_d09_153_b_4,,T20_153,T20,153,9,b,4,train
T20_d10_153_a_5,,T20_153,T20,153,10,a,5,train
T20_d10_153_b_5,,T20_153,T20,153,10,b,5,train
T20_d11_153_a_5,,T20_153,T20,153,11,a,5,train
T20_d11_153_b_5,,T20_153,T20,153,11,b,5,train
T20_d01_155_a_1,,T20_155,T20,155,1,a,1,train
T20_d01_155_b_1,,T20_155,T20,155,1,b,1,train
T20_d02_155_a_1,,T20_155,T20,155,2,a,1,train
T20_d02_155_b_1,,T20_155,T20,155,2,b,1,train
T20_d03_155_a_2,,T20_155,T20,155,3,a,2,train
T20_d03_155_b_2,,T20_155,T20,155,3,b,2,train
T20_d04_155_a_2,,T20_155,T20,155,4,a,2,train
T20_d04_155_b_2,,T20_155,T20,155,4,b,2,train
T20_d05_155_a_3,,T20_155,T20,155,5,a,3,train
T20_d05_155_b_3,,T20_155,T20,155,5,b,3,train
T20_d06_155_a_3,,T20_155,T20,155,6,a,3,train
T20_d06_155_b_3,,T20_155,T20,155,6,b,3,train
T20_d07_155_a_4,,T20_155,T20,155,7,a,4,train
T20_d07_155_b_4,,T20_155,T20,155,7,b,4,train
T20_d08_155_a_4,,T20_155,T20,155,8,a,4,train
T20_d08_155_b_4,,T20_155,T20,155,8,b,4,train
T20_d09_155_a_4,,T20_155,T20,155,9,a,4,train
T20_d09_155_b_4,,T20_155,T20,155,9,b,4,train
T20_d10_155_a_5,,T20_155,T20,155,10,a,5,train
T20_d10_155_b_5,,T20_155,T20,155,10,b,5,train
T20_d11_155_a_5,,T20_155,T20,155,11,a,5,train
T20_d11_155_b_5,,T20_155,T20,155,11,b,5,train
T20_d01_161_a_1,,T20_161,T20,161,1,a,1,train
T20_d01_161_b_1,,T20_161,T20,161,1,b,1,train
T20_d02_161_a_1,,T20_161,T20,161,2,a,1,train
T20_d02_161_b_1,,T20_161,T20,161,2,b,1,train
T20_d03_161_a_2,,T20_161,T20,161,3,a,2,train
T20_d03_161_b_2,,T20_161,T20,161,3,b,2,train
T20_d04_161_a_2,,T20_161,T20,161,4,a,2,train
T20_d04_161_b_2,,T20_161,T20,161,4,b,2,train
T20_d05_161_a_4,,T20_161,T20,161,5,a,4,train
T20_d05_161_b_4,,T20_161,T20,161,5,b,4,train
T20_d06_161_a_4,,T20_161,T20,161,6,a,4,train
T20_d06_161_b_4,,T20_161,T20,161,6,b,4,train
T20_d07_161_a_4,,T20_161,T20,161,7,a,4,train
T20_d07_161_b_4,,T20_161,T20,161,7,b,4,train
T20_d08_161_a_4,,T20_161,T20,161,8,a,4,train
T20_d08_161_b_4,,T20_161,T20,161,8,b,4,train
T20_d09_161_a_5,,T20_161,T20,161,9,a,5,train
T20_d09_161_b_5,,T20_161,T20,161,9,b,5,train
T20_d10_161_a_5,,T20_161,T20,161,10,a,5,train
T20_d10_161_b_5,,T20_161,T20,161,10,b,5,train
T20_d11_161_a_5,,T20_161,T20,161,11,a,5,train
T20_d11_161_b_5,,T20_161,T20,161,11,b,5,train
T20_d01_170_a_1,,T20_170,T20,170,1,a,1,train
T20_d01_170_b_1,,T20_170,T20,170,1,b,1,train
T20_d02_170_a_2,,T20_170,T20,170,2,a,2,train
T20_d02_170_b_2,,T20_170,T20,170,2,b,2,train
T20_d03_170_a_2,,T20_170,T20,170,3,a,2,train
T20_d03_170_b_2,,T20_170,T20,170,3,b,2,train
T20_d04_170_a_3,,T20_170,T20,170,4,a,3,train
T20_d04_170_b_3,,T20_170,T20,170,4,b,3,train
T20_d05_170_a_3,,T20_170,T20,170,5,a,3,train
T20_d05_170_b_3,,T20_170,T20,170,5,b,3,train
T20_d06_170_a_3,,T20_170,T20,170,6,a,3,train
T20_d06_170_b_3,,T20_170,T20,170,6,b,3,train
T20_d07_170_a_4,,T20_170,T20,170,7,a,4,train
T20_d07_170_b_4,,T20_170,T20,170,7,b,4,train
T20_d08_170_a_4,,T20_170,T20,170,8,a,4,train
T20_d08_170_b_4,,T20_170,T20,170,8,b,4,train
T20_d09_170_a_4,,T20_170,T20,170,9,a,4,train
T20_d09_170_b_4,,T20_170,T20,170,9,b,4,train
T20_d10_170_a_5,,T20_170,T20,170,10,a,5,train
T20_d10_170_b_5,,T20_170,T20,170,10,b,5,train
T20_d11_170_a_5,,T20_170,T20,170,11,a,5,train
T20_d11_170_b_5,,T20_170,T20,170,11,b,5,train
T20_d01_174_a_1,,T20_174,T20,174,1,a,1,train
T20_d01_174_b_1,,T20_174,T20,174,1,b,1,train
T20_d02_174_a_2,,T20_174,T20,174,2,a,2,train
T20_d02_174_b_2,,T20_174,T20,174,2,b,2,train
T20_d03_174_a_2,,T20_174,T20,174,3,a,2,train
T20_d03_174_b_2,,T20_174,T20,174,3,b,2,train
T20_d04_174_a_2,,T20_174,T20,174,4,a,2,train
T20_d04_174_b_2,,T20_174,T20,174,4,b,2,train
T20_d05_174_a_3,,T20_174,T20,174,5,a,3,train
T20_d05_174_b_3,,T20_174,T20,174,5,b,3,train
T20_d06_174_a_4,,T20_174,T20,174,6,a,4,train
T20_d06_174_b_4,,T20_174,T20,174,6,b,4,train
T20_d07_174_a_4,,T20_174,T20,174,7,a,4,train
T20_d07_174_b_4,,T20_174,T20,174,7,b,4,train
T20_d08_174_a_5,,T20_174,T20,174,8,a,5,train
T20_d08_174_b_5,,T20_174,T20,174,8,b,5,train
T20_d09_174_a_5,,T20_174,T20,174,9,a,5,train
T20_d09_174_b_5,,T20_174,T20,174,9,b,5,train
T20_d10_174_a_5,,T20_174,T20,174,10,a,5,train
T20_d10_174_b_5,,T20_174,T20,174,10,b,5,train
T20_d11_174_a_5,,T20_174,T20,174,11,a,5,train
T20_d11_174_b_5,,T20_174,T20,174,11,b,5,train
T20_d01_178_a_1,,T20_178,T20,178,1,a,1,train
T20_d01_178_b_1,,T20_178,T20,178,1,b,1,train
T20_d02_178_a_1,,T20_178,T20,178,2,a,1,train
T20_d02_178_b_1,,T20_178,T20,178,2,b,1,train
T20_d03_178_a_2,,T20_178,T20,178,3,a,2,train
T20_d03_178_b_2,,T20_178,T20,178,3,b,2,train
T20_d04_178_a_2,,T20_178,T20,178,4,a,2,train
T20_d04_178_b_2,,T20_178,T20,178,4,b,2,train
T20_d05_178_a_3,,T20_178,T20,178,5,a,3,train
T20_d05_178_b_3,,T20_178,T20,178,5,b,3,train
T20_d06_178_a_3,,T20_178,T20,178,6,a,3,train
T20_d06_178_b_3,,T20_178,T20,178,6,b,3,train
T20_d07_178_a_4,,T20_178,T20,178,7,a,4,train
T20_d07_178_b_4,,T20_178,T20,178,7,b,4,train
T20_d08_178_a_4,,T20_178,T20,178,8,a,4,train
T20_d08_178_b_4,,T20_178,T20,178,8,b,4,train
T20_d09_178_a_4,,T20_178,T20,178,9,a,4,train
T20_d09_178_b_4,,T20_178,T20,178,9,b,4,train
T20_d10_178_a_5,,T20_178,T20,178,10,a,5,train
T20_d10_178_b_5,,T20_178,T20,178,10,b,5,train
T20_d11_178_a_5,,T20_178,T20,178,11,a,5,train
T20_d11_178_b_5,,T20_178,T20,178,11,b,5,train
T20_d01_183_a_1,,T20_183,T20,183,1,a,1,train
T20_d01_183_b_1,,T20_183,T20,183,1,b,1,train
T20_d02_183_a_2,,T20_183,T20,183,2,a,2,train
T20_d02_183_b_2,,T20_183,T20,183,2,b,2,train
T20_d03_183_a_2,,T20_183,T20,183,3,a,2,train
T20_d03_183_b_2,,T20_183,T20,183,3,b,2,train
T20_d04_183_a_2,,T20_183,T20,183,4,a,2,train
T20_d04_183_b_2,,T20_183,T20,183,4,b,2,train
T20_d05_183_a_3,,T20_183,T20,183,5,a,3,train
T20_d05_183_b_3,,T20_183,T20,183,5,b,3,train
T20_d06_183_a_4,,T20_183,T20,183,6,a,4,train
T20_d06_183_b_4,,T20_183,T20,183,6,b,4,train
T20_d07_183_a_4,,T20_183,T20,183,7,a,4,train
T20_d07_183_b_4,,T20_183,T20,183,7,b,4,train
T20_d08_183_a_4,,T20_183,T20,183,8,a,4,train
T20_d08_183_b_4,,T20_183,T20,183,8,b,4,train
T20_d09_183_a_4,,T20_183,T20,183,9,a,4,train
T20_d09_183_b_4,,T20_183,T20,183,9,b,4,train
T20_d10_183_a_5,,T20_183,T20,183,10,a,5,train
T20_d10_183_b_5,,T20_183,T20,183,10,b,5,train
T20_d11_183_a_5,,T20_183,T20,183,11,a,5,train
T20_d11_183_b_5,,T20_183,T20,183,11,b,5,train
T20_d01_185_a_1,,T20_185,T20,185,1,a,1,train
T20_d01_185_b_1,,T20_185,T20,185,1,b,1,train
T20_d02_185_a_1,,T20_185,T20,185,2,a,1,train
T20_d02_185_b_1,,T20_185,T20,185,2,b,1,train
T20_d03_185_a_2,,T20_185,T20,185,3,a,2,train
T20_d03_185_b_2,,T20_185,T20,185,3,b,2,train
T20_d04_185_a_2,,T20_185,T20,185,4,a,2,train
T20_d04_185_b_2,,T20_185,T20,185,4,b,2,train
T20_d05_185_a_3,,T20_185,T20,185,5,a,3,train
T20_d05_185_b_3,,T20_185,T20,185,5,b,3,train
T20_d06_185_a_3,,T20_185,T20,185,6,a,3,train
T20_d06_185_b_3,,T20_185,T20,185,6,b,3,train
T20_d07_185_a_4,,T20_185,T20,185,7,a,4,train
T20_d07_185_b_4,,T20_185,T20,185,7,b,4,train
T20_d08_185_a_4,,T20_185,T20,185,8,a,4,train
T20_d08_185_b_4,,T20_185,T20,185,8,b,4,train
T20_d09_185_a_4,,T20_185,T20,185,9,a,4,train
T20_d09_185_b_4,,T20_185,T20,185,9,b,4,train
T20_d10_185_a_5,,T20_185,T20,185,10,a,5,train
T20_d10_185_b_5,,T20_185,T20,185,10,b,5,train
T20_d11_185_a_5,,T20_185,T20,185,11,a,5,train
T20_d11_185_b_5,,T20_185,T20,185,11,b,5,train
T20_d01_188_a_1,,T20_188,T20,188,1,a,1,train
T20_d01_188_b_1,,T20_188,T20,188,1,b,1,train
T20_d02_188_a_2,,T20_188,T20,188,2,a,2,train
T20_d02_188_b_2,,T20_188,T20,188,2,b,2,train
T20_d03_188_a_2,,T20_188,T20,188,3,a,2,train
T20_d03_188_b_2,,T20_188,T20,188,3,b,2,train
T20_d04_188_a_2,,T20_188,T20,188,4,a,2,train
T20_d04_188_b_2,,T20_188,T20,188,4,b,2,train
T20_d05_188_a_3,,T20_188,T20,188,5,a,3,train
T20_d05_188_b_3,,T20_188,T20,188,5,b,3,train
T20_d06_188_a_4,,T20_188,T20,188,6,a,4,train
T20_d06_188_b_4,,T20_188,T20,188,6,b,4,train
T20_d07_188_a_4,,T20_188,T20,188,7,a,4,train
T20_d07_188_b_4,,T20_188,T20,188,7,b,4,train
T20_d08_188_a_4,,T20_188,T20,188,8,a,4,train
T20_d08_188_b_4,,T20_188,T20,188,8,b,4,train
T20_d09_188_a_4,,T20_188,T20,188,9,a,4,train
T20_d09_188_b_4,,T20_188,T20,188,9,b,4,train
T20_d10_188_a_5,,T20_188,T20,188,10,a,5,train
T20_d10_188_b_5,,T20_188,T20,188,10,b,5,train
T20_d11_188_a_5,,T20_188,T20,188,11,a,5,train
T20_d11_188_b_5,,T20_188,T20,188,11,b,5,train
T20_d01_192_a_1,,T20_192,T20,192,1,a,1,train
T20_d01_192_b_1,,T20_192,T20,192,1,b,1,train
T20_d02_192_a_1,,T20_192,T20,192,2,a,1,train
T20_d02_192_b_1,,T20_192,T20,192,2,b,1,train
T20_d03_192_a_1,,T20_192,T20,192,3,a,1,train
T20_d03_192_b_1,,T20_192,T20,192,3,b,1,train
T20_d04_192_a_2,,T20_192,T20,192,4,a,2,train
T20_d04_192_b_2,,T20_192,T20,192,4,b,2,train
T20_d05_192_a_3,,T20_192,T20,192,5,a,3,train
T20_d05_192_b_3,,T20_192,T20,192,5,b,3,train
T20_d06_192_a_3,,T20_192,T20,192,6,a,3,train
T20_d06_192_b_3,,T20_192,T20,192,6,b,3,train
T20_d07_192_a_4,,T20_192,T20,192,7,a,4,train
T20_d07_192_b_4,,T20_192,T20,192,7,b,4,train
T20_d08_192_a_4,,T20_192,T20,192,8,a,4,train
T20_d08_192_b_4,,T20_192,T20,192,8,b,4,train
T20_d09_192_a_4,,T20_192,T20,192,9,a,4,train
T20_d09_192_b_4,,T20_192,T20,192,9,b,4,train
T20_d10_192_a_5,,T20_192,T20,192,10,a,5,train
T20_d10_192_b_5,,T20_192,T20,192,10,b,5,train
T20_d11_192_a_5,,T20_192,T20,192,11,a,5,train
T20_d11_192_b_5,,T20_192,T20,192,11,b,5,train
T20_d01_212_a_1,,T20_212,T20,212,1,a,1,train
T20_d01_212_b_1,,T20_212,T20,212,1,b,1,train
T20_d02_212_a_1,,T20_212,T20,212,2,a,1,train
T20_d02_212_b_1,,T20_212,T20,212,2,b,1,train
T20_d03_212_a_2,,T20_212,T20,212,3,a,2,train
T20_d03_212_b_2,,T20_212,T20,212,3,b,2,train
T20_d04_212_a_2,,T20_212,T20,212,4,a,2,train
T20_d04_212_b_2,,T20_212,T20,212,4,b,2,train
T20_d05_212_a_4,,T20_212,T20,212,5,a,4,train
T20_d05_212_b_4,,T20_212,T20,212,5,b,4,train
T20_d06_212_a_4,,T20_212,T20,212,6,a,4,train
T20_d06_212_b_4,,T20_212,T20,212,6,b,4,train
T20_d07_212_a_4,,T20_212,T20,212,7,a,4,train
T20_d07_212_b_4,,T20_212,T20,212,7,b,4,train
T20_d08_212_a_4,,T20_212,T20,212,8,a,4,train
T20_d08_212_b_4,,T20_212,T20,212,8,b,4,train
T20_d09_212_a_4,,T20_212,T20,212,9,a,4,train
T20_d09_212_b_4,,T20_212,T20,212,9,b,4,train
T20_d10_212_a_5,,T20_212,T20,212,10,a,5,train
T20_d10_212_b_5,,T20_212,T20,212,10,b,5,train
T20_d11_212_a_5,,T20_212,T20,212,11,a,5,train
T20_d11_212_b_5,,T20_212,T20,212,11,b,5,train
T20_d01_214_a_1,,T20_214,T20,214,1,a,1,train
T20_d01_214_b_1,,T20_214,T20,214,1,b,1,train
T20_d02_214_a_1,,T20_214,T20,214,2,a,1,train
T20_d02_214_b_1,,T20_214,T20,214,2,b,1,train
T20_d03_214_a_2,,T20_214,T20,214,3,a,2,train
T20_d03_214_b_2,,T20_214,T20,214,3,b,2,train
T20_d04_214_a_2,,T20_214,T20,214,4,a,2,train
T20_d04_214_b_2,,T20_214,T20,214,4,b,2,train
T20_d05_214_a_3,,T20_214,T20,214,5,a,3,train
T20_d05_214_b_3,,T20_214,T20,214,5,b,3,train
T20_d06_214_a_4,,T20_214,T20,214,6,a,4,train
T20_d06_214_b_4,,T20_214,T20,214,6,b,4,train
T20_d07_214_a_4,,T20_214,T20,214,7,a,4,train
T20_d07_214_b_4,,T20_214,T20,214,7,b,4,train
T20_d08_214_a_4,,T20_214,T20,214,8,a,4,train
T20_d08_214_b_4,,T20_214,T20,214,8,b,4,train
T20_d09_214_a_4,,T20_214,T20,214,9,a,4,train
T20_d09_214_b_4,,T20_214,T20,214,9,b,4,train
T20_d10_214_a_5,,T20_214,T20,214,10,a,5,train
T20_d10_214_b_5,,T20_214,T20,214,10,b,5,train
T20_d11_214_a_5,,T20_214,T20,214,11,a,5,train
T20_d11_214_b_5,,T20_214,T20,214,11,b,5,train
T20_d01_225_a_1,,T20_225,T20,225,1,a,1,train
T20_d01_225_b_1,,T20_225,T20,225,1,b,1,train
T20_d02_225_a_1,,T20_225,T20,225,2,a,1,train
T20_d02_225_b_1,,T20_225,T20,225,2,b,1,train
T20_d03_225_a_2,,T20_225,T20,225,3,a,2,train
T20_d03_225_b_2,,T20_225,T20,225,3,b,2,train
T20_d04_225_a_2,,T20_225,T20,225,4,a,2,train
T20_d04_225_b_2,,T20_225,T20,225,4,b,2,train
T20_d05_225_a_3,,T20_225,T20,225,5,a,3,train
T20_d05_225_b_3,,T20_225,T20,225,5,b,3,train
T20_d06_225_a_4,,T20_225,T20,225,6,a,4,train
T20_d06_225_b_4,,T20_225,T20,225,6,b,4,train
T20_d07_225_a_4,,T20_225,T20,225,7,a,4,train
T20_d07_225_b_4,,T20_225,T20,225,7,b,4,train
T20_d08_225_a_4,,T20_225,T20,225,8,a,4,train
T20_d08_225_b_4,,T20_225,T20,225,8,b,4,train
T20_d09_225_a_4,,T20_225,T20,225,9,a,4,train
T20_d09_225_b_4,,T20_225,T20,225,9,b,4,train
T20_d10_225_a_5,,T20_225,T20,225,10,a,5,train
T20_d10_225_b_5,,T20_225,T20,225,10,b,5,train
T20_d11_225_a_5,,T20_225,T20,225,11,a,5,train
T20_d11_225_b_5,,T20_225,T20,225,11,b,5,train
T20_d01_226_a_1,,T20_226,T20,226,1,a,1,train
T20_d01_226_b_1,,T20_226,T20,226,1,b,1,train
T20_d02_226_a_2,,T20_226,T20,226,2,a,2,train
T20_d02_226_b_2,,T20_226,T20,226,2,b,2,train
T20_d03_226_a_2,,T20_226,T20,226,3,a,2,train
T20_d03_226_b_2,,T20_226,T20,226,3,b,2,train
T20_d04_226_a_3,,T20_226,T20,226,4,a,3,train
T20_d04_226_b_3,,T20_226,T20,226,4,b,3,train
T20_d05_226_a_3,,T20_226,T20,226,5,a,3,train
T20_d05_226_b_3,,T20_226,T20,226,5,b,3,train
T20_d06_226_a_3,,T20_226,T20,226,6,a,3,train
T20_d06_226_b_3,,T20_226,T20,226,6,b,3,train
T20_d07_226_a_3,,T20_226,T20,226,7,a,3,train
T20_d07_226_b_3,,T20_226,T20,226,7,b,3,train
T20_d08_226_a_4,,T20_226,T20,226,8,a,4,train
T20_d08_226_b_4,,T20_226,T20,226,8,b,4,train
T20_d09_226_a_4,,T20_226,T20,226,9,a,4,train
T20_d09_226_b_4,,T20_226,T20,226,9,b,4,train
T20_d10_226_a_5,,T20_226,T20,226,10,a,5,train
T20_d10_226_b_5,,T20_226,T20,226,10,b,5,train
T20_d11_226_a_5,,T20_226,T20,226,11,a,5,train
T20_d11_226_b_5,,T20_226,T20,226,11,b,5,train
T20_d01_228_a_1,,T20_228,T20,228,1,a,1,train
T20_d01_228_b_1,,T20_228,T20,228,1,b,1,train
T20_d02_228_a_1,,T20_228,T20,228,2,a,1,train
T20_d02_228_b_1,,T20_228,T20,228,2,b,1,train
T20_d03_228_a_1,,T20_228,T20,228,3,a,1,train
T20_d03_228_b_1,,T20_228,T20,228,3,b,1,train
T20_d04_228_a_1,,T20_228,T20,228,4,a,1,train
T20_d04_228_b_1,,T20_228,T20,228,4,b,1,train
T20_d05_228_a_2,,T20_228,T20,228,5,a,2,train
T20_d05_228_b_2,,T20_228,T20,228,5,b,2,train
T20_d06_228_a_2,,T20_228,T20,228,6,a,2,train
T20_d06_228_b_2,,T20_228,T20,228,6,b,2,train
T20_d07_228_a_3,,T20_228,T20,228,7,a,3,train
T20_d07_228_b_3,,T20_228,T20,228,7,b,3,train
T20_d08_228_a_4,,T20_228,T20,228,8,a,4,train
T20_d08_228_b_4,,T20_228,T20,228,8,b,4,train
T20_d09_228_a_4,,T20_228,T20,228,9,a,4,train
T20_d09_228_b_4,,T20_228,T20,228,9,b,4,train
T20_d10_228_a_5,,T20_228,T20,228,10,a,5,train
T20_d10_228_b_5,,T20_228,T20,228,10,b,5,train
T20_d11_228_a_5,,T20_228,T20,228,11,a,5,train
T20_d11_228_b_5,,T20_228,T20,228,11,b,5,train
T20_d01_239_a_1,,T20_239,T20,239,1,a,1,train
T20_d01_239_b_1,,T20_239,T20,239,1,b,1,train
T20_d02_239_a_1,,T20_239,T20,239,2,a,1,train
T20_d02_239_b_1,,T20_239,T20,239,2,b,1,train
T20_d03_239_a_2,,T20_239,T20,239,3,a,2,train
T20_d03_239_b_2,,T20_239,T20,239,3,b,2,train
T20_d04_239_a_2,,T20_239,T20,239,4,a,2,train
T20_d04_239_b_2,,T20_239,T20,239,4,b,2,train
T20_d05_239_a_2,,T20_239,T20,239,5,a,2,train
T20_d05_239_b_2,,T20_239,T20,239,5,b,2,train
T20_d06_239_a_3,,T20_239,T20,239,6,a,3,train
T20_d06_239_b_3,,T20_239,T20,239,6,b,3,train
T20_d07_239_a_3,,T20_239,T20,239,7,a,3,train
T20_d07_239_b_3,,T20_239,T20,239,7,b,3,train
T20_d08_239_a_4,,T20_239,T20,239,8,a,4,train
T20_d08_239_b_4,,T20_239,T20,239,8,b,4,train
T20_d09_239_a_5,,T20_239,T20,239,9,a,5,train
T20_d09_239_b_5,,T20_239,T20,239,9,b,5,train
T20_d10_239_a_5,,T20_239,T20,239,10,a,5,train
T20_d10_239_b_5,,T20_239,T20,239,10,b,5,train
T20_d11_239_a_5,,T20_239,T20,239,11,a,5,train
T20_d11_239_b_5,,T20_239,T20,239,11,b,5,train
T20_d01_240_a_1,,T20_240,T20,240,1,a,1,train
T20_d01_240_b_1,,T20_240,T20,240,1,b,1,train
T20_d02_240_a_1,,T20_240,T20,240,2,a,1,train
T20_d02_240_b_1,,T20_240,T20,240,2,b,1,train
T20_d03_240_a_2,,T20_240,T20,240,3,a,2,train
T20_d03_240_b_2,,T20_240,T20,240,3,b,2,train
T20_d04_240_a_2,,T20_240,T20,240,4,a,2,train
T20_d04_240_b_2,,T20_240,T20,240,4,b,2,train
T20_d05_240_a_3,,T20_240,T20,240,5,a,3,train
T20_d05_240_b_3,,T20_240,T20,240,5,b,3,train
T20_d06_240_a_4,,T20_240,T20,240,6,a,4,train
T20_d06_240_b_4,,T20_240,T20,240,6,b,4,train
T20_d07_240_a_4,,T20_240,T20,240,7,a,4,train
T20_d07_240_b_4,,T20_240,T20,240,7,b,4,train
T20_d08_240_a_4,,T20_240,T20,240,8,a,4,train
T20_d08_240_b_4,,T20_240,T20,240,8,b,4,train
T20_d09_240_a_4,,T20_240,T20,240,9,a,4,train
T20_d09_240_b_4,,T20_240,T20,240,9,b,4,train
T20_d10_240_a_5,,T20_240,T20,240,10,a,5,train
T20_d10_240_b_5,,T20_240,T20,240,10,b,5,train
T20_d11_240_a_5,,T20_240,T20,240,11,a,5,train
T20_d11_240_b_5,,T20_240,T20,240,11,b,5,train
T20_d01_244_a_1,,T20_244,T20,244,1,a,1,train
T20_d01_244_b_1,,T20_244,T20,244,1,b,1,train
T20_d02_244_a_1,,T20_244,T20,244,2,a,1,train
T20_d02_244_b_1,,T20_244,T20,244,2,b,1,train
T20_d03_244_a_2,,T20_244,T20,244,3,a,2,train
T20_d03_244_b_2,,T20_244,T20,244,3,b,2,train
T20_d04_244_a_2,,T20_244,T20,244,4,a,2,train
T20_d04_244_b_2,,T20_244,T20,244,4,b,2,train
T20_d05_244_a_3,,T20_244,T20,244,5,a,3,train
T20_d05_244_b_3,,T20_244,T20,244,5,b,3,train
T20_d06_244_a_4,,T20_244,T20,244,6,a,4,train
T20_d06_244_b_4,,T20_244,T20,244,6,b,4,train
T20_d07_244_a_4,,T20_244,T20,244,7,a,4,train
T20_d07_244_b_4,,T20_244,T20,244,7,b,4,train
T20_d08_244_a_4,,T20_244,T20,244,8,a,4,train
T20_d08_244_b_4,,T20_244,T20,244,8,b,4,train
T20_d09_244_a_4,,T20_244,T20,244,9,a,4,train
T20_d09_244_b_4,,T20_244,T20,244,9,b,4,train
T20_d10_244_a_5,,T20_244,T20,244,10,a,5,train
T20_d10_244_b_5,,T20_244,T20,244,10,b,5,train
T20_d11_244_a_5,,T20_244,T20,244,11,a,5,train
T20_d11_244_b_5,,T20_244,T20,244,11,b,5,train
T20_d01_255_a_1,,T20_255,T20,255,1,a,1,train
T20_d01_255_b_1,,T20_255,T20,255,1,b,1,train
T20_d02_255_a_1,,T20_255,T20,255,2,a,1,train
T20_d02_255_b_1,,T20_255,T20,255,2,b,1,train
T20_d03_255_a_2,,T20_255,T20,255,3,a,2,train
T20_d03_255_b_2,,T20_255,T20,255,3,b,2,train
T20_d04_255_a_2,,T20_255,T20,255,4,a,2,train
T20_d04_255_b_2,,T20_255,T20,255,4,b,2,train
T20_d05_255_a_3,,T20_255,T20,255,5,a,3,train
T20_d05_255_b_3,,T20_255,T20,255,5,b,3,train
T20_d06_255_a_3,,T20_255,T20,255,6,a,3,train
T20_d06_255_b_3,,T20_255,T20,255,6,b,3,train
T20_d07_255_a_4,,T20_255,T20,255,7,a,4,train
T20_d07_255_b_4,,T20_255,T20,255,7,b,4,train
T20_d08_255_a_4,,T20_255,T20,255,8,a,4,train
T20_d08_255_b_4,,T20_255,T20,255,8,b,4,train
T20_d09_255_a_4,,T20_255,T20,255,9,a,4,train
T20_d09_255_b_4,,T20_255,T20,255,9,b,4,train
T20_d10_255_a_5,,T20_255,T20,255,10,a,5,train
T20_d10_255_b_5,,T20_255,T20,255,10,b,5,train
T20_d11_255_a_5,,T20_255,T20,255,11,a,5,train
T20_d11_255_b_5,,T20_255,T20,255,11,b,5,train
T20_d01_256_a_1,,T20_256,T20,256,1,a,1,train
T20_d01_256_b_1,,T20_256,T20,256,1,b,1,train
T20_d02_256_a_1,,T20_256,T20,256,2,a,1,train
T20_d02_256_b_1,,T20_256,T20,256,2,b,1,train
T20_d03_256_a_2,,T20_256,T20,256,3,a,2,train
T20_d03_256_b_2,,T20_256,T20,256,3,b,2,train
T20_d04_256_a_2,,T20_256,T20,256,4,a,2,train
T20_d04_256_b_2,,T20_256,T20,256,4,b,2,train
T20_d05_256_a_3,,T20_256,T20,256,5,a,3,train
T20_d05_256_b_3,,T20_256,T20,256,5,b,3,train
T20_d06_256_a_3,,T20_256,T20,256,6,a,3,train
T20_d06_256_b_3,,T20_256,T20,256,6,b,3,train
T20_d07_256_a_3,,T20_256,T20,256,7,a,3,train
T20_d07_256_b_3,,T20_256,T20,256,7,b,3,train
T20_d08_256_a_4,,T20_256,T20,256,8,a,4,train
T20_d08_256_b_4,,T20_256,T20,256,8,b,4,train
T20_d09_256_a_4,,T20_256,T20,256,9,a,4,train
T20_d09_256_b_4,,T20_256,T20,256,9,b,4,train
T20_d10_256_a_5,,T20_256,T20,256,10,a,5,train
T20_d10_256_b_5,,T20_256,T20,256,10,b,5,train
T20_d11_256_a_5,,T20_256,T20,256,11,a,5,train
T20_d11_256_b_5,,T20_256,T20,256,11,b,5,train
T20_d01_258_a_1,,T20_258,T20,258,1,a,1,train
T20_d01_258_b_1,,T20_258,T20,258,1,b,1,train
T20_d02_258_a_2,,T20_258,T20,258,2,a,2,train
T20_d02_258_b_2,,T20_258,T20,258,2,b,2,train
T20_d03_258_a_2,,T20_258,T20,258,3,a,2,train
T20_d03_258_b_2,,T20_258,T20,258,3,b,2,train
T20_d04_258_a_3,,T20_258,T20,258,4,a,3,train
T20_d04_258_b_3,,T20_258,T20,258,4,b,3,train
T20_d05_258_a_4,,T20_258,T20,258,5,a,4,train
T20_d05_258_b_4,,T20_258,T20,258,5,b,4,train
T20_d06_258_a_4,,T20_258,T20,258,6,a,4,train
T20_d06_258_b_4,,T20_258,T20,258,6,b,4,train
T20_d07_258_a_4,,T20_258,T20,258,7,a,4,train
T20_d07_258_b_4,,T20_258,T20,258,7,b,4,train
T20_d08_258_a_4,,T20_258,T20,258,8,a,4,train
T20_d08_258_b_4,,T20_258,T20,258,8,b,4,train
T20_d09_258_a_4,,T20_258,T20,258,9,a,4,train
T20_d09_258_b_4,,T20_258,T20,258,9,b,4,train
T20_d10_258_a_5,,T20_258,T20,258,10,a,5,train
T20_d10_258_b_5,,T20_258,T20,258,10,b,5,train
T20_d11_258_a_5,,T20_258,T20,258,11,a,5,train
T20_d11_258_b_5,,T20_258,T20,258,11,b,5,train
T20_d01_259_a_1,,T20_259,T20,259,1,a,1,train
T20_d01_259_b_1,,T20_259,T20,259,1,b,1,train
T20_d02_259_a_2,,T20_259,T20,259,2,a,2,train
T20_d02_259_b_2,,T20_259,T20,259,2,b,2,train
T20_d03_259_a_2,,T20_259,T20,259,3,a,2,train
T20_d03_259_b_2,,T20_259,T20,259,3,b,2,train
T20_d04_259_a_3,,T20_259,T20,259,4,a,3,train
T20_d04_259_b_3,,T20_259,T20,259,4,b,3,train
T20_d05_259_a_3,,T20_259,T20,259,5,a,3,train
T20_d05_259_b_3,,T20_259,T20,259,5,b,3,train
T20_d06_259_a_3,,T20_259,T20,259,6,a,3,train
T20_d06_259_b_3,,T20_259,T20,259,6,b,3,train
T20_d07_259_a_3,,T20_259,T20,259,7,a,3,train
T20_d07_259_b_3,,T20_259,T20,259,7,b,3,train
T20_d08_259_a_4,,T20_259,T20,259,8,a,4,train
T20_d08_259_b_4,,T20_259,T20,259,8,b,4,train
T20_d09_259_a_4,,T20_259,T20,259,9,a,4,train
T20_d09_259_b_4,,T20_259,T20,259,9,b,4,train
T20_d10_259_a_5,,T20_259,T20,259,10,a,5,train
T20_d10_259_b_5,,T20_259,T20,259,10,b,5,train
T20_d11_259_a_5,,T20_259,T20,259,11,a,5,train
T20_d11_259_b_5,,T20_259,T20,259,11,b,5,train
T20_d01_263_a_1,,T20_263,T20,263,1,a,1,train
T20_d01_263_b_1,,T20_263,T20,263,1,b,1,train
T20_d02_263_a_1,,T20_263,T20,263,2,a,1,train
T20_d02_263_b_1,,T20_263,T20,263,2,b,1,train
T20_d03_263_a_2,,T20_263,T20,263,3,a,2,train
T20_d03_263_b_2,,T20_263,T20,263,3,b,2,train
T20_d04_263_a_2,,T20_263,T20,263,4,a,2,train
T20_d04_263_b_2,,T20_263,T20,263,4,b,2,train
T20_d05_263_a_3,,T20_263,T20,263,5,a,3,train
T20_d05_263_b_3,,T20_263,T20,263,5,b,3,train
T20_d06_263_a_3,,T20_263,T20,263,6,a,3,train
T20_d06_263_b_3,,T20_263,T20,263,6,b,3,train
T20_d07_263_a_4,,T20_263,T20,263,7,a,4,train
T20_d07_263_b_4,,T20_263,T20,263,7,b,4,train
T20_d08_263_a_4,,T20_263,T20,263,8,a,4,train
T20_d08_263_b_4,,T20_263,T20,263,8,b,4,train
T20_d09_263_a_4,,T20_263,T20,263,9,a,4,train
T20_d09_263_b_4,,T20_263,T20,263,9,b,4,train
T20_d10_263_a_5,,T20_263,T20,263,10,a,5,train
T20_d10_263_b_5,,T20_263,T20,263,10,b,5,train
T20_d11_263_a_5,,T20_263,T20,263,11,a,5,train
T20_d11_263_b_5,,T20_263,T20,263,11,b,5,train
T20_d01_265_a_1,,T20_265,T20,265,1,a,1,train
T20_d01_265_b_1,,T20_265,T20,265,1,b,1,train
T20_d02_265_a_1,,T20_265,T20,265,2,a,1,train
T20_d02_265_b_1,,T20_265,T20,265,2,b,1,train
T20_d03_265_a_2,,T20_265,T20,265,3,a,2,train
T20_d03_265_b_2,,T20_265,T20,265,3,b,2,train
T20_d04_265_a_2,,T20_265,T20,265,4,a,2,train
T20_d04_265_b_2,,T20_265,T20,265,4,b,2,train
T20_d05_265_a_3,,T20_265,T20,265,5,a,3,train
T20_d05_265_b_3,,T20_265,T20,265,5,b,3,train
T20_d06_265_a_3,,T20_265,T20,265,6,a,3,train
T20_d06_265_b_3,,T20_265,T20,265,6,b,3,train
T20_d07_265_a_3,,T20_265,T20,265,7,a,3,train
T20_d07_265_b_3,,T20_265,T20,265,7,b,3,train
T20_d08_265_a_4,,T20_265,T20,265,8,a,4,train
T20_d08_265_b_4,,T20_265,T20,265,8,b,4,train
T20_d09_265_a_4,,T20_265,T20,265,9,a,4,train
T20_d09_265_b_4,,T20_265,T20,265,9,b,4,train
T20_d10_265_a_5,,T20_265,T20,265,10,a,5,train
T20_d10_265_b_5,,T20_265,T20,265,10,b,5,train
T20_d11_265_a_5,,T20_265,T20,265,11,a,5,train
T20_d11_265_b_5,,T20_265,T20,265,11,b,5,train
T20_d01_268_a_1,,T20_268,T20,268,1,a,1,train
T20_d01_268_b_1,,T20_268,T20,268,1,b,1,train
T20_d02_268_a_1,,T20_268,T20,268,2,a,1,train
T20_d02_268_b_1,,T20_268,T20,268,2,b,1,train
T20_d03_268_a_1,,T20_268,T20,268,3,a,1,train
T20_d03_268_b_1,,T20_268,T20,268,3,b,1,train
T20_d04_268_a_1,,T20_268,T20,268,4,a,1,train
T20_d04_268_b_1,,T20_268,T20,268,4,b,1,train
T20_d05_268_a_2,,T20_268,T20,268,5,a,2,train
T20_d05_268_b_2,,T20_268,T20,268,5,b,2,train
T20_d06_268_a_2,,T20_268,T20,268,6,a,2,train
T20_d06_268_b_2,,T20_268,T20,268,6,b,2,train
T20_d07_268_a_3,,T20_268,T20,268,7,a,3,train
T20_d07_268_b_3,,T20_268,T20,268,7,b,3,train
T20_d08_268_a_4,,T20_268,T20,268,8,a,4,train
T20_d08_268_b_4,,T20_268,T20,268,8,b,4,train
T20_d09_268_a_4,,T20_268,T20,268,9,a,4,train
T20_d09_268_b_4,,T20_268,T20,268,9,b,4,train
T20_d01_272_a_1,,T20_272,T20,272,1,a,1,train
T20_d01_272_b_1,,T20_272,T20,272,1,b,1,train
T20_d02_272_a_1,,T20_272,T20,272,2,a,1,train
T20_d02_272_b_1,,T20_272,T20,272,2,b,1,train
T20_d03_272_a_2,,T20_272,T20,272,3,a,2,train
T20_d03_272_b_2,,T20_272,T20,272,3,b,2,train
T20_d04_272_a_2,,T20_272,T20,272,4,a,2,train
T20_d04_272_b_2,,T20_272,T20,272,4,b,2,train
T20_d05_272_a_2,,T20_272,T20,272,5,a,2,train
T20_d05_272_b_2,,T20_272,T20,272,5,b,2,train
T20_d06_272_a_2,,T20_272,T20,272,6,a,2,train
T20_d06_272_b_2,,T20_272,T20,272,6,b,2,train
T20_d07_272_a_3,,T20_272,T20,272,7,a,3,train
T20_d07_272_b_3,,T20_272,T20,272,7,b,3,train
T20_d08_272_a_4,,T20_272,T20,272,8,a,4,train
T20_d08_272_b_4,,T20_272,T20,272,8,b,4,train
T20_d09_272_a_4,,T20_272,T20,272,9,a,4,train
T20_d09_272_b_4,,T20_272,T20,272,9,b,4,train
T20_d10_272_a_5,,T20_272,T20,272,10,a,5,train
T20_d10_272_b_5,,T20_272,T20,272,10,b,5,train
T20_d11_272_a_5,,T20_272,T20,272,11,a,5,train
T20_d11_272_b_5,,T20_272,T20,272,11,b,5,train
T20_d01_277_a_1,,T20_277,T20,277,1,a,1,train
T20_d01_277_b_1,,T20_277,T20,277,1,b,1,train
T20_d02_277_a_1,,T20_277,T20,277,2,a,1,train
T20_d02_277_b_1,,T20_277,T20,277,2,b,1,train
T20_d03_277_a_2,,T20_277,T20,277,3,a,2,train
T20_d03_277_b_2,,T20_277,T20,277,3,b,2,train
T20_d04_277_a_3,,T20_277,T20,277,4,a,3,train
T20_d04_277_b_3,,T20_277,T20,277,4,b,3,train
T20_d05_277_a_3,,T20_277,T20,277,5,a,3,train
T20_d05_277_b_3,,T20_277,T20,277,5,b,3,train
T20_d06_277_a_4,,T20_277,T20,277,6,a,4,train
T20_d06_277_b_4,,T20_277,T20,277,6,b,4,train
T20_d07_277_a_4,,T20_277,T20,277,7,a,4,train
T20_d07_277_b_4,,T20_277,T20,277,7,b,4,train
T20_d08_277_a_4,,T20_277,T20,277,8,a,4,train
T20_d08_277_b_4,,T20_277,T20,277,8,b,4,train
T20_d09_277_a_4,,T20_277,T20,277,9,a,4,train
T20_d09_277_b_4,,T20_277,T20,277,9,b,4,train
T20_d10_277_a_5,,T20_277,T20,277,10,a,5,train
T20_d10_277_b_5,,T20_277,T20,277,10,b,5,train
T20_d11_277_a_5,,T20_277,T20,277,11,a,5,train
T20_d11_277_b_5,,T20_277,T20,277,11,b,5,train
T20_d01_287_a_1,,T20_287,T20,287,1,a,1,train
T20_d01_287_b_1,,T20_287,T20,287,1,b,1,train
T20_d02_287_a_2,,T20_287,T20,287,2,a,2,train
T20_d02_287_b_2,,T20_287,T20,287,2,b,2,train
T20_d03_287_a_2,,T20_287,T20,287,3,a,2,train
T20_d03_287_b_2,,T20_287,T20,287,3,b,2,train
T20_d04_287_a_4,,T20_287,T20,287,4,a,4,train
T20_d04_287_b_4,,T20_287,T20,287,4,b,4,train
T20_d05_287_a_4,,T20_287,T20,287,5,a,4,train
T20_d05_287_b_4,,T20_287,T20,287,5,b,4,train
T20_d06_287_a_4,,T20_287,T20,287,6,a,4,train
T20_d06_287_b_4,,T20_287,T20,287,6,b,4,train
T20_d07_287_a_4,,T20_287,T20,287,7,a,4,train
T20_d07_287_b_4,,T20_287,T20,287,7,b,4,train
T20_d08_287_a_4,,T20_287,T20,287,8,a,4,train
T20_d08_287_b_4,,T20_287,T20,287,8,b,4,train
T20_d09_287_a_4,,T20_287,T20,287,9,a,4,train
T20_d09_287_b_4,,T20_287,T20,287,9,b,4,train
T20_d10_287_a_5,,T20_287,T20,287,10,a,5,train
T20_d10_287_b_5,,T20_287,T20,287,10,b,5,train
T20_d11_287_a_5,,T20_287,T20,287,11,a,5,train
T20_d11_287_b_5,,T20_287,T20,287,11,b,5,train
T20_d01_293_a_1,,T20_293,T20,293,1,a,1,train
T20_d01_293_b_1,,T20_293,T20,293,1,b,1,train
T20_d02_293_a_2,,T20_293,T20,293,2,a,2,train
T20_d02_293_b_2,,T20_293,T20,293,2,b,2,train
T20_d03_293_a_2,,T20_293,T20,293,3,a,2,train
T20_d03_293_b_2,,T20_293,T20,293,3,b,2,train
T20_d04_293_a_3,,T20_293,T20,293,4,a,3,train
T20_d04_293_b_3,,T20_293,T20,293,4,b,3,train
T20_d05_293_a_3,,T20_293,T20,293,5,a,3,train
T20_d05_293_b_3,,T20_293,T20,293,5,b,3,train
T20_d06_293_a_4,,T20_293,T20,293,6,a,4,train
T20_d06_293_b_4,,T20_293,T20,293,6,b,4,train
T20_d07_293_a_4,,T20_293,T20,293,7,a,4,train
T20_d07_293_b_4,,T20_293,T20,293,7,b,4,train
T20_d08_293_a_4,,T20_293,T20,293,8,a,4,train
T20_d08_293_b_4,,T20_293,T20,293,8,b,4,train
T20_d09_293_a_4,,T20_293,T20,293,9,a,4,train
T20_d09_293_b_4,,T20_293,T20,293,9,b,4,train
T20_d10_293_a_5,,T20_293,T20,293,10,a,5,train
T20_d10_293_b_5,,T20_293,T20,293,10,b,5,train
T20_d11_293_a_5,,T20_293,T20,293,11,a,5,train
T20_d11_293_b_5,,T20_293,T20,293,11,b,5,train
T20_d01_311_a_1,,T20_311,T20,311,1,a,1,train
T20_d01_311_b_1,,T20_311,T20,311,1,b,1,train
T20_d02_311_a_1,,T20_311,T20,311,2,a,1,train
T20_d02_311_b_1,,T20_311,T20,311,2,b,1,train
T20_d03_311_a_2,,T20_311,T20,311,3,a,2,train
T20_d03_311_b_2,,T20_311,T20,311,3,b,2,train
T20_d04_311_a_2,,T20_311,T20,311,4,a,2,train
T20_d04_311_b_2,,T20_311,T20,311,4,b,2,train
T20_d05_311_a_3,,T20_311,T20,311,5,a,3,train
T20_d05_311_b_3,,T20_311,T20,311,5,b,3,train
T20_d06_311_a_3,,T20_311,T20,311,6,a,3,train
T20_d06_311_b_3,,T20_311,T20,311,6,b,3,train
T20_d07_311_a_4,,T20_311,T20,311,7,a,4,train
T20_d07_311_b_4,,T20_311,T20,311,7,b,4,train
T20_d08_311_a_4,,T20_311,T20,311,8,a,4,train
T20_d08_311_b_4,,T20_311,T20,311,8,b,4,train
T20_d09_311_a_4,,T20_311,T20,311,9,a,4,train
T20_d09_311_b_4,,T20_311,T20,311,9,b,4,train
T20_d10_311_a_4,,T20_311,T20,311,10,a,4,train
T20_d10_311_b_4,,T20_311,T20,311,10,b,4,train
T20_d11_311_a_5,,T20_311,T20,311,11,a,5,train
T20_d11_311_b_5,,T20_311,T20,311,11,b,5,train
T20_d01_317_a_1,,T20_317,T20,317,1,a,1,train
T20_d01_317_b_1,,T20_317,T20,317,1,b,1,train
T20_d01_321_a_1,,T20_321,T20,321,1,a,1,train
T20_d01_321_b_1,,T20_321,T20,321,1,b,1,train
T20_d02_321_a_1,,T20_321,T20,321,2,a,1,train
T20_d02_321_b_1,,T20_321,T20,321,2,b,1,train
T20_d03_321_a_2,,T20_321,T20,321,3,a,2,train
T20_d03_321_b_2,,T20_321,T20,321,3,b,2,train
T20_d04_321_a_2,,T20_321,T20,321,4,a,2,train
T20_d04_321_b_2,,T20_321,T20,321,4,b,2,train
T20_d05_321_a_3,,T20_321,T20,321,5,a,3,train
T20_d05_321_b_3,,T20_321,T20,321,5,b,3,train
T20_d06_321_a_3,,T20_321,T20,321,6,a,3,train
T20_d06_321_b_3,,T20_321,T20,321,6,b,3,train
T20_d07_321_a_4,,T20_321,T20,321,7,a,4,train
T20_d07_321_b_4,,T20_321,T20,321,7,b,4,train
T20_d08_321_a_4,,T20_321,T20,321,8,a,4,train
T20_d08_321_b_4,,T20_321,T20,321,8,b,4,train
T20_d09_321_a_4,,T20_321,T20,321,9,a,4,train
T20_d09_321_b_4,,T20_321,T20,321,9,b,4,train
T20_d10_321_a_5,,T20_321,T20,321,10,a,5,train
T20_d10_321_b_5,,T20_321,T20,321,10,b,5,train
T20_d11_321_a_5,,T20_321,T20,321,11,a,5,train
T20_d11_321_b_5,,T20_321,T20,321,11,b,5,train
T20_d01_322_a_1,,T20_322,T20,322,1,a,1,train
T20_d01_322_b_1,,T20_322,T20,322,1,b,1,train
T20_d02_322_a_1,,T20_322,T20,322,2,a,1,train
T20_d02_322_b_1,,T20_322,T20,322,2,b,1,train
T20_d03_322_a_2,,T20_322,T20,322,3,a,2,train
T20_d03_322_b_2,,T20_322,T20,322,3,b,2,train
T20_d04_322_a_2,,T20_322,T20,322,4,a,2,train
T20_d04_322_b_2,,T20_322,T20,322,4,b,2,train
T20_d05_322_a_3,,T20_322,T20,322,5,a,3,train
T20_d05_322_b_3,,T20_322,T20,322,5,b,3,train
T20_d06_322_a_3,,T20_322,T20,322,6,a,3,train
T20_d06_322_b_3,,T20_322,T20,322,6,b,3,train
T20_d07_322_a_3,,T20_322,T20,322,7,a,3,train
T20_d07_322_b_3,,T20_322,T20,322,7,b,3,train
T20_d08_322_a_3,,T20_322,T20,322,8,a,3,train
T20_d08_322_b_3,,T20_322,T20,322,8,b,3,train
T20_d09_322_a_4,,T20_322,T20,322,9,a,4,train
T20_d09_322_b_4,,T20_322,T20,322,9,b,4,train
T20_d10_322_a_5,,T20_322,T20,322,10,a,5,train
T20_d10_322_b_5,,T20_322,T20,322,10,b,5,train
T20_d11_322_a_5,,T20_322,T20,322,11,a,5,train
T20_d11_322_b_5,,T20_322,T20,322,11,b,5,train
T20_d01_324_a_1,,T20_324,T20,324,1,a,1,train
T20_d01_324_b_1,,T20_324,T20,324,1,b,1,train
T20_d02_324_a_1,,T20_324,T20,324,2,a,1,train
T20_d02_324_b_1,,T20_324,T20,324,2,b,1,train
T20_d03_324_a_2,,T20_324,T20,324,3,a,2,train
T20_d03_324_b_2,,T20_324,T20,324,3,b,2,train
T20_d04_324_a_2,,T20_324,T20,324,4,a,2,train
T20_d04_324_b_2,,T20_324,T20,324,4,b,2,train
T20_d05_324_a_3,,T20_324,T20,324,5,a,3,train
T20_d05_324_b_3,,T20_324,T20,324,5,b,3,train
T20_d06_324_a_3,,T20_324,T20,324,6,a,3,train
T20_d06_324_b_3,,T20_324,T20,324,6,b,3,train
T20_d07_324_a_4,,T20_324,T20,324,7,a,4,train
T20_d07_324_b_4,,T20_324,T20,324,7,b,4,train
T20_d08_324_a_4,,T20_324,T20,324,8,a,4,train
T20_d08_324_b_4,,T20_324,T20,324,8,b,4,train
T20_d09_324_a_4,,T20_324,T20,324,9,a,4,train
T20_d09_324_b_4,,T20_324,T20,324,9,b,4,train
T20_d10_324_a_5,,T20_324,T20,324,10,a,5,train
T20_d10_324_b_5,,T20_324,T20,324,10,b,5,train
T20_d11_324_a_5,,T20_324,T20,324,11,a,5,train
T20_d11_324_b_5,,T20_324,T20,324,11,b,5,train
T20_d01_332_a_1,,T20_332,T20,332,1,a,1,train
T20_d01_332_b_1,,T20_332,T20,332,1,b,1,train
T20_d02_332_a_1,,T20_332,T20,332,2,a,1,train
T20_d02_332_b_1,,T20_332,T20,332,2,b,1,train
T20_d03_332_a_2,,T20_332,T20,332,3,a,2,train
T20_d03_332_b_2,,T20_332,T20,332,3,b,2,train
T20_d04_332_a_2,,T20_332,T20,332,4,a,2,train
T20_d04_332_b_2,,T20_332,T20,332,4,b,2,train
T20_d05_332_a_3,,T20_332,T20,332,5,a,3,train
T20_d05_332_b_3,,T20_332,T20,332,5,b,3,train
T20_d06_332_a_3,,T20_332,T20,332,6,a,3,train
T20_d06_332_b_3,,T20_332,T20,332,6,b,3,train
T20_d07_332_a_3,,T20_332,T20,332,7,a,3,train
T20_d07_332_b_3,,T20_332,T20,332,7,b,3,train
T20_d08_332_a_4,,T20_332,T20,332,8,a,4,train
T20_d08_332_b_4,,T20_332,T20,332,8,b,4,train
T20_d09_332_a_4,,T20_332,T20,332,9,a,4,train
T20_d09_332_b_4,,T20_332,T20,332,9,b,4,train
T20_d10_332_a_5,,T20_332,T20,332,10,a,5,train
T20_d10_332_b_5,,T20_332,T20,332,10,b,5,train
T20_d11_332_a_5,,T20_332,T20,332,11,a,5,train
T20_d11_332_b_5,,T20_332,T20,332,11,b,5,train
T20_d01_334_a_1,,T20_334,T20,334,1,a,1,train
T20_d01_334_b_1,,T20_334,T20,334,1,b,1,train
T20_d02_334_a_2,,T20_334,T20,334,2,a,2,train
T20_d02_334_b_2,,T20_334,T20,334,2,b,2,train
T20_d03_334_a_2,,T20_334,T20,334,3,a,2,train
T20_d03_334_b_2,,T20_334,T20,334,3,b,2,train
T20_d04_334_a_2,,T20_334,T20,334,4,a,2,train
T20_d04_334_b_2,,T20_334,T20,334,4,b,2,train
T20_d05_334_a_3,,T20_334,T20,334,5,a,3,train
T20_d05_334_b_3,,T20_334,T20,334,5,b,3,train
T20_d06_334_a_3,,T20_334,T20,334,6,a,3,train
T20_d06_334_b_3,,T20_334,T20,334,6,b,3,train
T20_d07_334_a_3,,T20_334,T20,334,7,a,3,train
T20_d07_334_b_3,,T20_334,T20,334,7,b,3,train
T20_d08_334_a_4,,T20_334,T20,334,8,a,4,train
T20_d08_334_b_4,,T20_334,T20,334,8,b,4,train
T20_d09_334_a_4,,T20_334,T20,334,9,a,4,train
T20_d09_334_b_4,,T20_334,T20,334,9,b,4,train
T20_d10_334_a_5,,T20_334,T20,334,10,a,5,train
T20_d10_334_b_5,,T20_334,T20,334,10,b,5,train
T20_d11_334_a_5,,T20_334,T20,334,11,a,5,train
T20_d11_334_b_5,,T20_334,T20,334,11,b,5,train
T20_d01_346_a_1,,T20_346,T20,346,1,a,1,train
T20_d01_346_b_1,,T20_346,T20,346,1,b,1,train
T20_d02_346_a_2,,T20_346,T20,346,2,a,2,train
T20_d02_346_b_2,,T20_346,T20,346,2,b,2,train
T20_d03_346_a_2,,T20_346,T20,346,3,a,2,train
T20_d03_346_b_2,,T20_346,T20,346,3,b,2,train
T20_d04_346_a_3,,T20_346,T20,346,4,a,3,train
T20_d04_346_b_3,,T20_346,T20,346,4,b,3,train
T20_d05_346_a_3,,T20_346,T20,346,5,a,3,train
T20_d05_346_b_3,,T20_346,T20,346,5,b,3,train
T20_d06_346_a_3,,T20_346,T20,346,6,a,3,train
T20_d06_346_b_3,,T20_346,T20,346,6,b,3,train
T20_d07_346_a_4,,T20_346,T20,346,7,a,4,train
T20_d07_346_b_4,,T20_346,T20,346,7,b,4,train
T20_d08_346_a_4,,T20_346,T20,346,8,a,4,train
T20_d08_346_b_4,,T20_346,T20,346,8,b,4,train
T20_d09_346_a_5,,T20_346,T20,346,9,a,5,train
T20_d09_346_b_5,,T20_346,T20,346,9,b,5,train
T20_d10_346_a_5,,T20_346,T20,346,10,a,5,train
T20_d10_346_b_5,,T20_346,T20,346,10,b,5,train
T20_d11_346_a_5,,T20_346,T20,346,11,a,5,train
T20_d11_346_b_5,,T20_346,T20,346,11,b,5,train
T20_d01_347_a_1,,T20_347,T20,347,1,a,1,train
T20_d01_347_b_1,,T20_347,T20,347,1,b,1,train
T20_d02_347_a_1,,T20_347,T20,347,2,a,1,train
T20_d02_347_b_1,,T20_347,T20,347,2,b,1,train
T20_d03_347_a_1,,T20_347,T20,347,3,a,1,train
T20_d03_347_b_1,,T20_347,T20,347,3,b,1,train
T20_d04_347_a_2,,T20_347,T20,347,4,a,2,train
T20_d04_347_b_2,,T20_347,T20,347,4,b,2,train
T20_d05_347_a_2,,T20_347,T20,347,5,a,2,train
T20_d05_347_b_2,,T20_347,T20,347,5,b,2,train
T20_d06_347_a_3,,T20_347,T20,347,6,a,3,train
T20_d06_347_b_3,,T20_347,T20,347,6,b,3,train
T20_d07_347_a_4,,T20_347,T20,347,7,a,4,train
T20_d07_347_b_4,,T20_347,T20,347,7,b,4,train
T20_d08_347_a_4,,T20_347,T20,347,8,a,4,train
T20_d08_347_b_4,,T20_347,T20,347,8,b,4,train
T20_d09_347_a_5,,T20_347,T20,347,9,a,5,train
T20_d09_347_b_5,,T20_347,T20,347,9,b,5,train
T20_d10_347_a_5,,T20_347,T20,347,10,a,5,train
T20_d10_347_b_5,,T20_347,T20,347,10,b,5,train
T20_d11_347_a_5,,T20_347,T20,347,11,a,5,train
T20_d11_347_b_5,,T20_347,T20,347,11,b,5,train
T20_d01_352_a_1,,T20_352,T20,352,1,a,1,train
T20_d01_352_b_1,,T20_352,T20,352,1,b,1,train
T20_d02_352_a_1,,T20_352,T20,352,2,a,1,train
T20_d02_352_b_1,,T20_352,T20,352,2,b,1,train
T20_d03_352_a_2,,T20_352,T20,352,3,a,2,train
T20_d03_352_b_2,,T20_352,T20,352,3,b,2,train
T20_d04_352_a_2,,T20_352,T20,352,4,a,2,train
T20_d04_352_b_2,,T20_352,T20,352,4,b,2,train
T20_d05_352_a_3,,T20_352,T20,352,5,a,3,train
T20_d05_352_b_3,,T20_352,T20,352,5,b,3,train
T20_d06_352_a_4,,T20_352,T20,352,6,a,4,train
T20_d06_352_b_4,,T20_352,T20,352,6,b,4,train
T20_d07_352_a_4,,T20_352,T20,352,7,a,4,train
T20_d07_352_b_4,,T20_352,T20,352,7,b,4,train
T20_d08_352_a_4,,T20_352,T20,352,8,a,4,train
T20_d08_352_b_4,,T20_352,T20,352,8,b,4,train
T20_d09_352_a_5,,T20_352,T20,352,9,a,5,train
T20_d09_352_b_5,,T20_352,T20,352,9,b,5,train
T20_d10_352_a_5,,T20_352,T20,352,10,a,5,train
T20_d10_352_b_5,,T20_352,T20,352,10,b,5,train
T20_d11_352_a_5,,T20_352,T20,352,11,a,5,train
T20_d11_352_b_5,,T20_352,T20,352,11,b,5,train
T20_d01_354_a_1,,T20_354,T20,354,1,a,1,train
T20_d01_354_b_1,,T20_354,T20,354,1,b,1,train
T20_d02_354_a_2,,T20_354,T20,354,2,a,2,train
T20_d02_354_b_2,,T20_354,T20,354,2,b,2,train
T20_d03_354_a_2,,T20_354,T20,354,3,a,2,train
T20_d03_354_b_2,,T20_354,T20,354,3,b,2,train
T20_d04_354_a_2,,T20_354,T20,354,4,a,2,train
T20_d04_354_b_2,,T20_354,T20,354,4,b,2,train
T20_d05_354_a_4,,T20_354,T20,354,5,a,4,train
T20_d05_354_b_4,,T20_354,T20,354,5,b,4,train
T20_d06_354_a_4,,T20_354,T20,354,6,a,4,train
T20_d06_354_b_4,,T20_354,T20,354,6,b,4,train
T20_d07_354_a_4,,T20_354,T20,354,7,a,4,train
T20_d07_354_b_4,,T20_354,T20,354,7,b,4,train
T20_d08_354_a_5,,T20_354,T20,354,8,a,5,train
T20_d08_354_b_5,,T20_354,T20,354,8,b,5,train
T20_d09_354_a_5,,T20_354,T20,354,9,a,5,train
T20_d09_354_b_5,,T20_354,T20,354,9,b,5,train
T20_d10_354_a_5,,T20_354,T20,354,10,a,5,train
T20_d10_354_b_5,,T20_354,T20,354,10,b,5,train
T20_d11_354_a_5,,T20_354,T20,354,11,a,5,train
T20_d11_354_b_5,,T20_354,T20,354,11,b,5,train
T20_d01_360_a_1,,T20_360,T20,360,1,a,1,train
T20_d01_360_b_1,,T20_360,T20,360,1,b,1,train
T20_d02_360_a_1,,T20_360,T20,360,2,a,1,train
T20_d02_360_b_1,,T20_360,T20,360,2,b,1,train
T20_d03_360_a_2,,T20_360,T20,360,3,a,2,train
T20_d03_360_b_2,,T20_360,T20,360,3,b,2,train
T20_d04_360_a_2,,T20_360,T20,360,4,a,2,train
T20_d04_360_b_2,,T20_360,T20,360,4,b,2,train
T20_d05_360_a_3,,T20_360,T20,360,5,a,3,train
T20_d05_360_b_3,,T20_360,T20,360,5,b,3,train
T20_d06_360_a_3,,T20_360,T20,360,6,a,3,train
T20_d06_360_b_3,,T20_360,T20,360,6,b,3,train
T20_d07_360_a_3,,T20_360,T20,360,7,a,3,train
T20_d07_360_b_3,,T20_360,T20,360,7,b,3,train
T20_d08_360_a_4,,T20_360,T20,360,8,a,4,train
T20_d08_360_b_4,,T20_360,T20,360,8,b,4,train
T20_d09_360_a_4,,T20_360,T20,360,9,a,4,train
T20_d09_360_b_4,,T20_360,T20,360,9,b,4,train
T20_d10_360_a_5,,T20_360,T20,360,10,a,5,train
T20_d10_360_b_5,,T20_360,T20,360,10,b,5,train
T20_d11_360_a_5,,T20_360,T20,360,11,a,5,train
T20_d11_360_b_5,,T20_360,T20,360,11,b,5,train
T20_d01_361_a_1,,T20_361,T20,361,1,a,1,train
T20_d01_361_b_1,,T20_361,T20,361,1,b,1,train
T20_d02_361_a_2,,T20_361,T20,361,2,a,2,train
T20_d02_361_b_2,,T20_361,T20,361,2,b,2,train
T20_d03_361_a_2,,T20_361,T20,361,3,a,2,train
T20_d03_361_b_2,,T20_361,T20,361,3,b,2,train
T20_d04_361_a_3,,T20_361,T20,361,4,a,3,train
T20_d04_361_b_3,,T20_361,T20,361,4,b,3,train
T20_d05_361_a_3,,T20_361,T20,361,5,a,3,train
T20_d05_361_b_3,,T20_361,T20,361,5,b,3,train
T20_d06_361_a_3,,T20_361,T20,361,6,a,3,train
T20_d06_361_b_3,,T20_361,T20,361,6,b,3,train
T20_d07_361_a_3,,T20_361,T20,361,7,a,3,train
T20_d07_361_b_3,,T20_361,T20,361,7,b,3,train
T20_d08_361_a_4,,T20_361,T20,361,8,a,4,train
T20_d08_361_b_4,,T20_361,T20,361,8,b,4,train
T20_d09_361_a_4,,T20_361,T20,361,9,a,4,train
T20_d09_361_b_4,,T20_361,T20,361,9,b,4,train
T20_d10_361_a_5,,T20_361,T20,361,10,a,5,train
T20_d10_361_b_5,,T20_361,T20,361,10,b,5,train
T20_d11_361_a_5,,T20_361,T20,361,11,a,5,train
T20_d11_361_b_5,,T20_361,T20,361,11,b,5,train
T20_d01_369_a_1,,T20_369,T20,369,1,a,1,train
T20_d01_369_b_1,,T20_369,T20,369,1,b,1,train
T20_d02_369_a_1,,T20_369,T20,369,2,a,1,train
T20_d02_369_b_1,,T20_369,T20,369,2,b,1,train
T20_d03_369_a_2,,T20_369,T20,369,3,a,2,train
T20_d03_369_b_2,,T20_369,T20,369,3,b,2,train
T20_d04_369_a_2,,T20_369,T20,369,4,a,2,train
T20_d04_369_b_2,,T20_369,T20,369,4,b,2,train
T20_d05_369_a_3,,T20_369,T20,369,5,a,3,train
T20_d05_369_b_3,,T20_369,T20,369,5,b,3,train
T20_d06_369_a_3,,T20_369,T20,369,6,a,3,train
T20_d06_369_b_3,,T20_369,T20,369,6,b,3,train
T20_d07_369_a_4,,T20_369,T20,369,7,a,4,train
T20_d07_369_b_4,,T20_369,T20,369,7,b,4,train
T20_d08_369_a_4,,T20_369,T20,369,8,a,4,train
T20_d08_369_b_4,,T20_369,T20,369,8,b,4,train
T20_d09_369_a_4,,T20_369,T20,369,9,a,4,train
T20_d09_369_b_4,,T20_369,T20,369,9,b,4,train
T20_d10_369_a_5,,T20_369,T20,369,10,a,5,train
T20_d10_369_b_5,,T20_369,T20,369,10,b,5,train
T20_d11_369_a_5,,T20_369,T20,369,11,a,5,train
T20_d11_369_b_5,,T20_369,T20,369,11,b,5,train
T20_d01_371_a_1,,T20_371,T20,371,1,a,1,train
T20_d01_371_b_1,,T20_371,T20,371,1,b,1,train
T20_d02_371_a_1,,T20_371,T20,371,2,a,1,train
T20_d02_371_b_1,,T20_371,T20,371,2,b,1,train
T20_d03_371_a_2,,T20_371,T20,371,3,a,2,train
T20_d03_371_b_2,,T20_371,T20,371,3,b,2,train
T20_d04_371_a_2,,T20_371,T20,371,4,a,2,train
T20_d04_371_b_2,,T20_371,T20,371,4,b,2,train
T20_d05_371_a_2,,T20_371,T20,371,5,a,2,train
T20_d05_371_b_2,,T20_371,T20,371,5,b,2,train
T20_d06_371_a_3,,T20_371,T20,371,6,a,3,train
T20_d06_371_b_3,,T20_371,T20,371,6,b,3,train
T20_d07_371_a_3,,T20_371,T20,371,7,a,3,train
T20_d07_371_b_3,,T20_371,T20,371,7,b,3,train
T20_d01_384_a_1,,T20_384,T20,384,1,a,1,train
T20_d01_384_b_1,,T20_384,T20,384,1,b,1,train
T20_d02_384_a_1,,T20_384,T20,384,2,a,1,train
T20_d02_384_b_1,,T20_384,T20,384,2,b,1,train
T20_d03_384_a_1,,T20_384,T20,384,3,a,1,train
T20_d03_384_b_1,,T20_384,T20,384,3,b,1,train
T20_d04_384_a_1,,T20_384,T20,384,4,a,1,train
T20_d04_384_b_1,,T20_384,T20,384,4,b,1,train
T20_d05_384_a_2,,T20_384,T20,384,5,a,2,train
T20_d05_384_b_2,,T20_384,T20,384,5,b,2,train
T20_d06_384_a_2,,T20_384,T20,384,6,a,2,train
T20_d06_384_b_2,,T20_384,T20,384,6,b,2,train
T20_d07_384_a_3,,T20_384,T20,384,7,a,3,train
T20_d07_384_b_3,,T20_384,T20,384,7,b,3,train
T20_d08_384_a_4,,T20_384,T20,384,8,a,4,train
T20_d08_384_b_4,,T20_384,T20,384,8,b,4,train
T20_d09_384_a_4,,T20_384,T20,384,9,a,4,train
T20_d09_384_b_4,,T20_384,T20,384,9,b,4,train
T20_d10_384_a_5,,T20_384,T20,384,10,a,5,train
T20_d10_384_b_5,,T20_384,T20,384,10,b,5,train
T20_d11_384_a_5,,T20_384,T20,384,11,a,5,train
T20_d11_384_b_5,,T20_384,T20,384,11,b,5,train
T20_d01_386_a_1,,T20_386,T20,386,1,a,1,train
T20_d01_386_b_1,,T20_386,T20,386,1,b,1,train
T20_d02_386_a_2,,T20_386,T20,386,2,a,2,train
T20_d02_386_b_2,,T20_386,T20,386,2,b,2,train
T20_d03_386_a_2,,T20_386,T20,386,3,a,2,train
T20_d03_386_b_2,,T20_386,T20,386,3,b,2,train
T20_d04_386_a_3,,T20_386,T20,386,4,a,3,train
T20_d04_386_b_3,,T20_386,T20,386,4,b,3,train
T20_d05_386_a_4,,T20_386,T20,386,5,a,4,train
T20_d05_386_b_4,,T20_386,T20,386,5,b,4,train
T20_d06_386_a_4,,T20_386,T20,386,6,a,4,train
T20_d06_386_b_4,,T20_386,T20,386,6,b,4,train
T20_d07_386_a_4,,T20_386,T20,386,7,a,4,train
T20_d07_386_b_4,,T20_386,T20,386,7,b,4,train
T20_d08_386_a_4,,T20_386,T20,386,8,a,4,train
T20_d08_386_b_4,,T20_386,T20,386,8,b,4,train
T20_d09_386_a_4,,T20_386,T20,386,9,a,4,train
T20_d09_386_b_4,,T20_386,T20,386,9,b,4,train
T20_d10_386_a_5,,T20_386,T20,386,10,a,5,train
T20_d10_386_b_5,,T20_386,T20,386,10,b,5,train
T20_d11_386_a_5,,T20_386,T20,386,11,a,5,train
T20_d11_386_b_5,,T20_386,T20,386,11,b,5,train
T20_d01_388_a_1,,T20_388,T20,388,1,a,1,train
T20_d01_388_b_1,,T20_388,T20,388,1,b,1,train
T20_d02_388_a_1,,T20_388,T20,388,2,a,1,train
T20_d02_388_b_1,,T20_388,T20,388,2,b,1,train
T20_d03_388_a_2,,T20_388,T20,388,3,a,2,train
T20_d03_388_b_2,,T20_388,T20,388,3,b,2,train
T20_d04_388_a_2,,T20_388,T20,388,4,a,2,train
T20_d04_388_b_2,,T20_388,T20,388,4,b,2,train
T20_d05_388_a_3,,T20_388,T20,388,5,a,3,train
T20_d05_388_b_3,,T20_388,T20,388,5,b,3,train
T20_d06_388_a_3,,T20_388,T20,388,6,a,3,train
T20_d06_388_b_3,,T20_388,T20,388,6,b,3,train
T20_d07_388_a_3,,T20_388,T20,388,7,a,3,train
T20_d07_388_b_3,,T20_388,T20,388,7,b,3,train
T20_d08_388_a_4,,T20_388,T20,388,8,a,4,train
T20_d08_388_b_4,,T20_388,T20,388,8,b,4,train
T20_d09_388_a_4,,T20_388,T20,388,9,a,4,train
T20_d09_388_b_4,,T20_388,T20,388,9,b,4,train
T20_d10_388_a_5,,T20_388,T20,388,10,a,5,train
T20_d10_388_b_5,,T20_388,T20,388,10,b,5,train
T20_d11_388_a_5,,T20_388,T20,388,11,a,5,train
T20_d11_388_b_5,,T20_388,T20,388,11,b,5,train
T20_d01_390_a_1,,T20_390,T20,390,1,a,1,train
T20_d01_390_b_1,,T20_390,T20,390,1,b,1,train
T20_d02_390_a_1,,T20_390,T20,390,2,a,1,train
T20_d02_390_b_1,,T20_390,T20,390,2,b,1,train
T20_d03_390_a_1,,T20_390,T20,390,3,a,1,train
T20_d03_390_b_1,,T20_390,T20,390,3,b,1,train
T20_d04_390_a_2,,T20_390,T20,390,4,a,2,train
T20_d04_390_b_2,,T20_390,T20,390,4,b,2,train
T20_d05_390_a_3,,T20_390,T20,390,5,a,3,train
T20_d05_390_b_3,,T20_390,T20,390,5,b,3,train
T20_d06_390_a_3,,T20_390,T20,390,6,a,3,train
T20_d06_390_b_3,,T20_390,T20,390,6,b,3,train
T20_d07_390_a_3,,T20_390,T20,390,7,a,3,train
T20_d07_390_b_3,,T20_390,T20,390,7,b,3,train
T20_d08_390_a_4,,T20_390,T20,390,8,a,4,train
T20_d08_390_b_4,,T20_390,T20,390,8,b,4,train
T20_d09_390_a_4,,T20_390,T20,390,9,a,4,train
T20_d09_390_b_4,,T20_390,T20,390,9,b,4,train
T20_d10_390_a_5,,T20_390,T20,390,10,a,5,train
T20_d10_390_b_5,,T20_390,T20,390,10,b,5,train
T20_d11_390_a_5,,T20_390,T20,390,11,a,5,train
T20_d11_390_b_5,,T20_390,T20,390,11,b,5,train
T20_d01_391_a_1,,T20_391,T20,391,1,a,1,train
T20_d01_391_b_1,,T20_391,T20,391,1,b,1,train
T20_d02_391_a_1,,T20_391,T20,391,2,a,1,train
T20_d02_391_b_1,,T20_391,T20,391,2,b,1,train
T20_d03_391_a_2,,T20_391,T20,391,3,a,2,train
T20_d03_391_b_2,,T20_391,T20,391,3,b,2,train
T20_d04_391_a_2,,T20_391,T20,391,4,a,2,train
T20_d04_391_b_2,,T20_391,T20,391,4,b,2,train
T20_d05_391_a_2,,T20_391,T20,391,5,a,2,train
T20_d05_391_b_2,,T20_391,T20,391,5,b,2,train
T20_d06_391_a_2,,T20_391,T20,391,6,a,2,train
T20_d06_391_b_2,,T20_391,T20,391,6,b,2,train
T20_d07_391_a_3,,T20_391,T20,391,7,a,3,train
T20_d07_391_b_3,,T20_391,T20,391,7,b,3,train
T20_d08_391_a_4,,T20_391,T20,391,8,a,4,train
T20_d08_391_b_4,,T20_391,T20,391,8,b,4,train
T20_d09_391_a_4,,T20_391,T20,391,9,a,4,train
T20_d09_391_b_4,,T20_391,T20,391,9,b,4,train
T20_d10_391_a_5,,T20_391,T20,391,10,a,5,train
T20_d10_391_b_5,,T20_391,T20,391,10,b,5,train
T20_d11_391_a_5,,T20_391,T20,391,11,a,5,train
T20_d11_391_b_5,,T20_391,T20,391,11,b,5,train
T20_d01_409_a_1,,T20_409,T20,409,1,a,1,train
T20_d01_409_b_1,,T20_409,T20,409,1,b,1,train
T20_d02_409_a_1,,T20_409,T20,409,2,a,1,train
T20_d02_409_b_1,,T20_409,T20,409,2,b,1,train
T20_d03_409_a_2,,T20_409,T20,409,3,a,2,train
T20_d03_409_b_2,,T20_409,T20,409,3,b,2,train
T20_d04_409_a_2,,T20_409,T20,409,4,a,2,train
T20_d04_409_b_2,,T20_409,T20,409,4,b,2,train
T20_d05_409_a_2,,T20_409,T20,409,5,a,2,train
T20_d05_409_b_2,,T20_409,T20,409,5,b,2,train
T20_d06_409_a_3,,T20_409,T20,409,6,a,3,train
T20_d06_409_b_3,,T20_409,T20,409,6,b,3,train
T20_d07_409_a_4,,T20_409,T20,409,7,a,4,train
T20_d07_409_b_4,,T20_409,T20,409,7,b,4,train
T20_d08_409_a_4,,T20_409,T20,409,8,a,4,train
T20_d08_409_b_4,,T20_409,T20,409,8,b,4,train
T20_d09_409_a_4,,T20_409,T20,409,9,a,4,train
T20_d09_409_b_4,,T20_409,T20,409,9,b,4,train
T20_d10_409_a_5,,T20_409,T20,409,10,a,5,train
T20_d10_409_b_5,,T20_409,T20,409,10,b,5,train
T20_d11_409_a_5,,T20_409,T20,409,11,a,5,train
T20_d11_409_b_5,,T20_409,T20,409,11,b,5,train
T20_d01_412_a_1,,T20_412,T20,412,1,a,1,train
T20_d01_412_b_1,,T20_412,T20,412,1,b,1,train
T20_d02_412_a_2,,T20_412,T20,412,2,a,2,train
T20_d02_412_b_2,,T20_412,T20,412,2,b,2,train
T20_d03_412_a_2,,T20_412,T20,412,3,a,2,train
T20_d03_412_b_2,,T20_412,T20,412,3,b,2,train
T20_d04_412_a_3,,T20_412,T20,412,4,a,3,train
T20_d04_412_b_3,,T20_412,T20,412,4,b,3,train
T20_d05_412_a_3,,T20_412,T20,412,5,a,3,train
T20_d05_412_b_3,,T20_412,T20,412,5,b,3,train
T20_d06_412_a_3,,T20_412,T20,412,6,a,3,train
T20_d06_412_b_3,,T20_412,T20,412,6,b,3,train
T20_d07_412_a_4,,T20_412,T20,412,7,a,4,train
T20_d07_412_b_4,,T20_412,T20,412,7,b,4,train
T20_d08_412_a_4,,T20_412,T20,412,8,a,4,train
T20_d08_412_b_4,,T20_412,T20,412,8,b,4,train
T20_d09_412_a_5,,T20_412,T20,412,9,a,5,train
T20_d09_412_b_5,,T20_412,T20,412,9,b,5,train
T20_d10_412_a_5,,T20_412,T20,412,10,a,5,train
T20_d10_412_b_5,,T20_412,T20,412,10,b,5,train
T20_d11_412_a_5,,T20_412,T20,412,11,a,5,train
T20_d11_412_b_5,,T20_412,T20,412,11,b,5,train
T20_d01_421_a_1,,T20_421,T20,421,1,a,1,train
T20_d01_421_b_1,,T20_421,T20,421,1,b,1,train
T20_d02_421_a_2,,T20_421,T20,421,2,a,2,train
T20_d02_421_b_2,,T20_421,T20,421,2,b,2,train
T20_d03_421_a_2,,T20_421,T20,421,3,a,2,train
T20_d03_421_b_2,,T20_421,T20,421,3,b,2,train
T20_d04_421_a_3,,T20_421,T20,421,4,a,3,train
T20_d04_421_b_3,,T20_421,T20,421,4,b,3,train
T20_d05_421_a_3,,T20_421,T20,421,5,a,3,train
T20_d05_421_b_3,,T20_421,T20,421,5,b,3,train
T20_d06_421_a_4,,T20_421,T20,421,6,a,4,train
T20_d06_421_b_4,,T20_421,T20,421,6,b,4,train
T20_d07_421_a_4,,T20_421,T20,421,7,a,4,train
T20_d07_421_b_4,,T20_421,T20,421,7,b,4,train
T20_d08_421_a_4,,T20_421,T20,421,8,a,4,train
T20_d08_421_b_4,,T20_421,T20,421,8,b,4,train
T20_d09_421_a_4,,T20_421,T20,421,9,a,4,train
T20_d09_421_b_4,,T20_421,T20,421,9,b,4,train
T20_d10_421_a_5,,T20_421,T20,421,10,a,5,train
T20_d10_421_b_5,,T20_421,T20,421,10,b,5,train
T20_d11_421_a_5,,T20_421,T20,421,11,a,5,train
T20_d11_421_b_5,,T20_421,T20,421,11,b,5,train
T20_d01_423_a_1,,T20_423,T20,423,1,a,1,train
T20_d01_423_b_1,,T20_423,T20,423,1,b,1,train
T20_d02_423_a_1,,T20_423,T20,423,2,a,1,train
T20_d02_423_b_1,,T20_423,T20,423,2,b,1,train
T20_d03_423_a_1,,T20_423,T20,423,3,a,1,train
T20_d03_423_b_1,,T20_423,T20,423,3,b,1,train
T20_d04_423_a_2,,T20_423,T20,423,4,a,2,train
T20_d04_423_b_2,,T20_423,T20,423,4,b,2,train
T20_d05_423_a_2,,T20_423,T20,423,5,a,2,train
T20_d05_423_b_2,,T20_423,T20,423,5,b,2,train
T20_d06_423_a_2,,T20_423,T20,423,6,a,2,train
T20_d06_423_b_2,,T20_423,T20,423,6,b,2,train
T20_d07_423_a_3,,T20_423,T20,423,7,a,3,train
T20_d07_423_b_3,,T20_423,T20,423,7,b,3,train
T20_d08_423_a_4,,T20_423,T20,423,8,a,4,train
T20_d08_423_b_4,,T20_423,T20,423,8,b,4,train
T20_d09_423_a_4,,T20_423,T20,423,9,a,4,train
T20_d09_423_b_4,,T20_423,T20,423,9,b,4,train
T20_d10_423_a_5,,T20_423,T20,423,10,a,5,train
T20_d10_423_b_5,,T20_423,T20,423,10,b,5,train
T20_d11_423_a_5,,T20_423,T20,423,11,a,5,train
T20_d11_423_b_5,,T20_423,T20,423,11,b,5,train
T20_d01_426_a_1,,T20_426,T20,426,1,a,1,train
T20_d01_426_b_1,,T20_426,T20,426,1,b,1,train
T20_d02_426_a_2,,T20_426,T20,426,2,a,2,train
T20_d02_426_b_2,,T20_426,T20,426,2,b,2,train
T20_d03_426_a_2,,T20_426,T20,426,3,a,2,train
T20_d03_426_b_2,,T20_426,T20,426,3,b,2,train
T20_d04_426_a_3,,T20_426,T20,426,4,a,3,train
T20_d04_426_b_3,,T20_426,T20,426,4,b,3,train
T20_d05_426_a_3,,T20_426,T20,426,5,a,3,train
T20_d05_426_b_3,,T20_426,T20,426,5,b,3,train
T20_d06_426_a_3,,T20_426,T20,426,6,a,3,train
T20_d06_426_b_3,,T20_426,T20,426,6,b,3,train
T20_d07_426_a_3,,T20_426,T20,426,7,a,3,train
T20_d07_426_b_3,,T20_426,T20,426,7,b,3,train
T20_d08_426_a_4,,T20_426,T20,426,8,a,4,train
T20_d08_426_b_4,,T20_426,T20,426,8,b,4,train
T20_d09_426_a_4,,T20_426,T20,426,9,a,4,train
T20_d09_426_b_4,,T20_426,T20,426,9,b,4,train
T20_d10_426_a_5,,T20_426,T20,426,10,a,5,train
T20_d10_426_b_5,,T20_426,T20,426,10,b,5,train
T20_d11_426_a_5,,T20_426,T20,426,11,a,5,train
T20_d11_426_b_5,,T20_426,T20,426,11,b,5,train
T20_d01_431_a_1,,T20_431,T20,431,1,a,1,train
T20_d01_431_b_1,,T20_431,T20,431,1,b,1,train
T20_d02_431_a_2,,T20_431,T20,431,2,a,2,train
T20_d02_431_b_2,,T20_431,T20,431,2,b,2,train
T20_d03_431_a_2,,T20_431,T20,431,3,a,2,train
T20_d03_431_b_2,,T20_431,T20,431,3,b,2,train
T20_d04_431_a_3,,T20_431,T20,431,4,a,3,train
T20_d04_431_b_3,,T20_431,T20,431,4,b,3,train
T20_d05_431_a_4,,T20_431,T20,431,5,a,4,train
T20_d05_431_b_4,,T20_431,T20,431,5,b,4,train
T20_d06_431_a_4,,T20_431,T20,431,6,a,4,train
T20_d06_431_b_4,,T20_431,T20,431,6,b,4,train
T20_d07_431_a_4,,T20_431,T20,431,7,a,4,train
T20_d07_431_b_4,,T20_431,T20,431,7,b,4,train
T20_d08_431_a_5,,T20_431,T20,431,8,a,5,train
T20_d08_431_b_5,,T20_431,T20,431,8,b,5,train
T20_d09_431_a_5,,T20_431,T20,431,9,a,5,train
T20_d09_431_b_5,,T20_431,T20,431,9,b,5,train
T20_d10_431_a_5,,T20_431,T20,431,10,a,5,train
T20_d10_431_b_5,,T20_431,T20,431,10,b,5,train
T20_d11_431_a_5,,T20_431,T20,431,11,a,5,train
T20_d11_431_b_5,,T20_431,T20,431,11,b,5,train
T20_d01_432_a_1,,T20_432,T20,432,1,a,1,train
T20_d01_432_b_1,,T20_432,T20,432,1,b,1,train
T20_d02_432_a_1,,T20_432,T20,432,2,a,1,train
T20_d02_432_b_1,,T20_432,T20,432,2,b,1,train
T20_d03_432_a_2,,T20_432,T20,432,3,a,2,train
T20_d03_432_b_2,,T20_432,T20,432,3,b,2,train
T20_d04_432_a_2,,T20_432,T20,432,4,a,2,train
T20_d04_432_b_2,,T20_432,T20,432,4,b,2,train
T20_d05_432_a_3,,T20_432,T20,432,5,a,3,train
T20_d05_432_b_3,,T20_432,T20,432,5,b,3,train
T20_d06_432_a_4,,T20_432,T20,432,6,a,4,train
T20_d06_432_b_4,,T20_432,T20,432,6,b,4,train
T20_d07_432_a_4,,T20_432,T20,432,7,a,4,train
T20_d07_432_b_4,,T20_432,T20,432,7,b,4,train
T20_d08_432_a_4,,T20_432,T20,432,8,a,4,train
T20_d08_432_b_4,,T20_432,T20,432,8,b,4,train
T20_d09_432_a_4,,T20_432,T20,432,9,a,4,train
T20_d09_432_b_4,,T20_432,T20,432,9,b,4,train
T20_d10_432_a_5,,T20_432,T20,432,10,a,5,train
T20_d10_432_b_5,,T20_432,T20,432,10,b,5,train
T20_d11_432_a_5,,T20_432,T20,432,11,a,5,train
T20_d11_432_b_5,,T20_432,T20,432,11,b,5,train
T20_d01_433_a_1,,T20_433,T20,433,1,a,1,train
T20_d01_433_b_1,,T20_433,T20,433,1,b,1,train
T20_d02_433_a_1,,T20_433,T20,433,2,a,1,train
T20_d02_433_b_1,,T20_433,T20,433,2,b,1,train
T20_d03_433_a_2,,T20_433,T20,433,3,a,2,train
T20_d03_433_b_2,,T20_433,T20,433,3,b,2,train
T20_d01_435_a_1,,T20_435,T20,435,1,a,1,train
T20_d01_435_b_1,,T20_435,T20,435,1,b,1,train
T20_d02_435_a_2,,T20_435,T20,435,2,a,2,train
T20_d02_435_b_2,,T20_435,T20,435,2,b,2,train
T20_d03_435_a_2,,T20_435,T20,435,3,a,2,train
T20_d03_435_b_2,,T20_435,T20,435,3,b,2,train
T20_d04_435_a_3,,T20_435,T20,435,4,a,3,train
T20_d04_435_b_3,,T20_435,T20,435,4,b,3,train
T20_d05_435_a_3,,T20_435,T20,435,5,a,3,train
T20_d05_435_b_3,,T20_435,T20,435,5,b,3,train
T20_d06_435_a_3,,T20_435,T20,435,6,a,3,train
T20_d06_435_b_3,,T20_435,T20,435,6,b,3,train
T20_d07_435_a_4,,T20_435,T20,435,7,a,4,train
T20_d07_435_b_4,,T20_435,T20,435,7,b,4,train
T20_d08_435_a_4,,T20_435,T20,435,8,a,4,train
T20_d08_435_b_4,,T20_435,T20,435,8,b,4,train
T20_d09_435_a_4,,T20_435,T20,435,9,a,4,train
T20_d09_435_b_4,,T20_435,T20,435,9,b,4,train
T20_d10_435_a_5,,T20_435,T20,435,10,a,5,train
T20_d10_435_b_5,,T20_435,T20,435,10,b,5,train
T20_d11_435_a_5,,T20_435,T20,435,11,a,5,train
T20_d11_435_b_5,,T20_435,T20,435,11,b,5,train
T20_d01_439_a_1,,T20_439,T20,439,1,a,1,train
T20_d01_439_b_1,,T20_439,T20,439,1,b,1,train
T20_d02_439_a_1,,T20_439,T20,439,2,a,1,train
T20_d02_439_b_1,,T20_439,T20,439,2,b,1,train
T20_d03_439_a_1,,T20_439,T20,439,3,a,1,train
T20_d03_439_b_1,,T20_439,T20,439,3,b,1,train
T20_d04_439_a_2,,T20_439,T20,439,4,a,2,train
T20_d04_439_b_2,,T20_439,T20,439,4,b,2,train
T20_d05_439_a_3,,T20_439,T20,439,5,a,3,train
T20_d05_439_b_3,,T20_439,T20,439,5,b,3,train
T20_d06_439_a_3,,T20_439,T20,439,6,a,3,train
T20_d06_439_b_3,,T20_439,T20,439,6,b,3,train
T20_d07_439_a_3,,T20_439,T20,439,7,a,3,train
T20_d07_439_b_3,,T20_439,T20,439,7,b,3,train
T20_d08_439_a_4,,T20_439,T20,439,8,a,4,train
T20_d08_439_b_4,,T20_439,T20,439,8,b,4,train
T20_d09_439_a_4,,T20_439,T20,439,9,a,4,train
T20_d09_439_b_4,,T20_439,T20,439,9,b,4,train
T20_d10_439_a_5,,T20_439,T20,439,10,a,5,train
T20_d10_439_b_5,,T20_439,T20,439,10,b,5,train
T20_d11_439_a_5,,T20_439,T20,439,11,a,5,train
T20_d11_439_b_5,,T20_439,T20,439,11,b,5,train
T20_d01_443_a_1,,T20_443,T20,443,1,a,1,train
T20_d01_443_b_1,,T20_443,T20,443,1,b,1,train
T20_d02_443_a_1,,T20_443,T20,443,2,a,1,train
T20_d02_443_b_1,,T20_443,T20,443,2,b,1,train
T20_d03_443_a_2,,T20_443,T20,443,3,a,2,train
T20_d03_443_b_2,,T20_443,T20,443,3,b,2,train
T20_d04_443_a_2,,T20_443,T20,443,4,a,2,train
T20_d04_443_b_2,,T20_443,T20,443,4,b,2,train
T20_d05_443_a_3,,T20_443,T20,443,5,a,3,train
T20_d05_443_b_3,,T20_443,T20,443,5,b,3,train
T20_d06_443_a_3,,T20_443,T20,443,6,a,3,train
T20_d06_443_b_3,,T20_443,T20,443,6,b,3,train
T20_d07_443_a_3,,T20_443,T20,443,7,a,3,train
T20_d07_443_b_3,,T20_443,T20,443,7,b,3,train
T20_d08_443_a_4,,T20_443,T20,443,8,a,4,train
T20_d08_443_b_4,,T20_443,T20,443,8,b,4,train
T20_d09_443_a_4,,T20_443,T20,443,9,a,4,train
T20_d09_443_b_4,,T20_443,T20,443,9,b,4,train
T20_d10_443_a_5,,T20_443,T20,443,10,a,5,train
T20_d10_443_b_5,,T20_443,T20,443,10,b,5,train
T20_d11_443_a_5,,T20_443,T20,443,11,a,5,train
T20_d11_443_b_5,,T20_443,T20,443,11,b,5,train
T20_d01_453_a_1,,T20_453,T20,453,1,a,1,train
T20_d01_453_b_1,,T20_453,T20,453,1,b,1,train
T20_d02_453_a_2,,T20_453,T20,453,2,a,2,train
T20_d02_453_b_2,,T20_453,T20,453,2,b,2,train
T20_d03_453_a_2,,T20_453,T20,453,3,a,2,train
T20_d03_453_b_2,,T20_453,T20,453,3,b,2,train
T20_d04_453_a_3,,T20_453,T20,453,4,a,3,train
T20_d04_453_b_3,,T20_453,T20,453,4,b,3,train
T20_d05_453_a_4,,T20_453,T20,453,5,a,4,train
T20_d05_453_b_4,,T20_453,T20,453,5,b,4,train
T20_d06_453_a_4,,T20_453,T20,453,6,a,4,train
T20_d06_453_b_4,,T20_453,T20,453,6,b,4,train
T20_d07_453_a_4,,T20_453,T20,453,7,a,4,train
T20_d07_453_b_4,,T20_453,T20,453,7,b,4,train
T20_d08_453_a_4,,T20_453,T20,453,8,a,4,train
T20_d08_453_b_4,,T20_453,T20,453,8,b,4,train
T20_d09_453_a_4,,T20_453,T20,453,9,a,4,train
T20_d09_453_b_4,,T20_453,T20,453,9,b,4,train
T20_d10_453_a_5,,T20_453,T20,453,10,a,5,train
T20_d10_453_b_5,,T20_453,T20,453,10,b,5,train
T20_d11_453_a_5,,T20_453,T20,453,11,a,5,train
T20_d11_453_b_5,,T20_453,T20,453,11,b,5,train
T20_d01_461_a_1,,T20_461,T20,461,1,a,1,train
T20_d01_461_b_1,,T20_461,T20,461,1,b,1,train
T20_d02_461_a_1,,T20_461,T20,461,2,a,1,train
T20_d02_461_b_1,,T20_461,T20,461,2,b,1,train
T20_d03_461_a_2,,T20_461,T20,461,3,a,2,train
T20_d03_461_b_2,,T20_461,T20,461,3,b,2,train
T20_d04_461_a_2,,T20_461,T20,461,4,a,2,train
T20_d04_461_b_2,,T20_461,T20,461,4,b,2,train
T20_d05_461_a_3,,T20_461,T20,461,5,a,3,train
T20_d05_461_b_3,,T20_461,T20,461,5,b,3,train
T20_d06_461_a_4,,T20_461,T20,461,6,a,4,train
T20_d06_461_b_4,,T20_461,T20,461,6,b,4,train
T20_d07_461_a_4,,T20_461,T20,461,7,a,4,train
T20_d07_461_b_4,,T20_461,T20,461,7,b,4,train
T20_d08_461_a_4,,T20_461,T20,461,8,a,4,train
T20_d08_461_b_4,,T20_461,T20,461,8,b,4,train
T20_d09_461_a_4,,T20_461,T20,461,9,a,4,train
T20_d09_461_b_4,,T20_461,T20,461,9,b,4,train
T20_d10_461_a_5,,T20_461,T20,461,10,a,5,train
T20_d10_461_b_5,,T20_461,T20,461,10,b,5,train
T20_d11_461_a_5,,T20_461,T20,461,11,a,5,train
T20_d11_461_b_5,,T20_461,T20,461,11,b,5,train
T20_d01_463_a_1,,T20_463,T20,463,1,a,1,train
T20_d01_463_b_1,,T20_463,T20,463,1,b,1,train
T20_d02_463_a_1,,T20_463,T20,463,2,a,1,train
T20_d02_463_b_1,,T20_463,T20,463,2,b,1,train
T20_d03_463_a_1,,T20_463,T20,463,3,a,1,train
T20_d03_463_b_1,,T20_463,T20,463,3,b,1,train
T20_d04_463_a_1,,T20_463,T20,463,4,a,1,train
T20_d04_463_b_1,,T20_463,T20,463,4,b,1,train
T20_d05_463_a_2,,T20_463,T20,463,5,a,2,train
T20_d05_463_b_2,,T20_463,T20,463,5,b,2,train
T20_d06_463_a_2,,T20_463,T20,463,6,a,2,train
T20_d06_463_b_2,,T20_463,T20,463,6,b,2,train
T20_d07_463_a_3,,T20_463,T20,463,7,a,3,train
T20_d07_463_b_3,,T20_463,T20,463,7,b,3,train
T20_d08_463_a_4,,T20_463,T20,463,8,a,4,train
T20_d08_463_b_4,,T20_463,T20,463,8,b,4,train
T20_d09_463_a_4,,T20_463,T20,463,9,a,4,train
T20_d09_463_b_4,,T20_463,T20,463,9,b,4,train
T20_d10_463_a_5,,T20_463,T20,463,10,a,5,train
T20_d10_463_b_5,,T20_463,T20,463,10,b,5,train
T20_d11_463_a_5,,T20_463,T20,463,11,a,5,train
T20_d11_463_b_5,,T20_463,T20,463,11,b,5,train
T20_d01_464_a_1,,T20_464,T20,464,1,a,1,train
T20_d01_464_b_1,,T20_464,T20,464,1,b,1,train
T20_d02_464_a_2,,T20_464,T20,464,2,a,2,train
T20_d02_464_b_2,,T20_464,T20,464,2,b,2,train
T20_d03_464_a_2,,T20_464,T20,464,3,a,2,train
T20_d03_464_b_2,,T20_464,T20,464,3,b,2,train
T20_d04_464_a_3,,T20_464,T20,464,4,a,3,train
T20_d04_464_b_3,,T20_464,T20,464,4,b,3,train
T20_d05_464_a_4,,T20_464,T20,464,5,a,4,train
T20_d05_464_b_4,,T20_464,T20,464,5,b,4,train
T20_d06_464_a_4,,T20_464,T20,464,6,a,4,train
T20_d06_464_b_4,,T20_464,T20,464,6,b,4,train
T20_d07_464_a_4,,T20_464,T20,464,7,a,4,train
T20_d07_464_b_4,,T20_464,T20,464,7,b,4,train
T20_d08_464_a_4,,T20_464,T20,464,8,a,4,train
T20_d08_464_b_4,,T20_464,T20,464,8,b,4,train
T20_d09_464_a_5,,T20_464,T20,464,9,a,5,train
T20_d09_464_b_5,,T20_464,T20,464,9,b,5,train
T20_d10_464_a_5,,T20_464,T20,464,10,a,5,train
T20_d10_464_b_5,,T20_464,T20,464,10,b,5,train
T20_d11_464_a_5,,T20_464,T20,464,11,a,5,train
T20_d11_464_b_5,,T20_464,T20,464,11,b,5,train
T20_d01_468_a_1,,T20_468,T20,468,1,a,1,train
T20_d01_468_b_1,,T20_468,T20,468,1,b,1,train
T20_d02_468_a_2,,T20_468,T20,468,2,a,2,train
T20_d02_468_b_2,,T20_468,T20,468,2,b,2,train
T20_d03_468_a_2,,T20_468,T20,468,3,a,2,train
T20_d03_468_b_2,,T20_468,T20,468,3,b,2,train
T20_d04_468_a_3,,T20_468,T20,468,4,a,3,train
T20_d04_468_b_3,,T20_468,T20,468,4,b,3,train
T20_d05_468_a_3,,T20_468,T20,468,5,a,3,train
T20_d05_468_b_3,,T20_468,T20,468,5,b,3,train
T20_d06_468_a_4,,T20_468,T20,468,6,a,4,train
T20_d06_468_b_4,,T20_468,T20,468,6,b,4,train
T20_d07_468_a_4,,T20_468,T20,468,7,a,4,train
T20_d07_468_b_4,,T20_468,T20,468,7,b,4,train
T20_d08_468_a_4,,T20_468,T20,468,8,a,4,train
T20_d08_468_b_4,,T20_468,T20,468,8,b,4,train
T20_d09_468_a_5,,T20_468,T20,468,9,a,5,train
T20_d09_468_b_5,,T20_468,T20,468,9,b,5,train
T20_d01_469_a_1,,T20_469,T20,469,1,a,1,train
T20_d01_469_b_1,,T20_469,T20,469,1,b,1,train
T20_d02_469_a_1,,T20_469,T20,469,2,a,1,train
T20_d02_469_b_1,,T20_469,T20,469,2,b,1,train
T20_d03_469_a_2,,T20_469,T20,469,3,a,2,train
T20_d03_469_b_2,,T20_469,T20,469,3,b,2,train
T20_d04_469_a_2,,T20_469,T20,469,4,a,2,train
T20_d04_469_b_2,,T20_469,T20,469,4,b,2,train
T20_d05_469_a_3,,T20_469,T20,469,5,a,3,train
T20_d05_469_b_3,,T20_469,T20,469,5,b,3,train
T20_d06_469_a_3,,T20_469,T20,469,6,a,3,train
T20_d06_469_b_3,,T20_469,T20,469,6,b,3,train
T20_d07_469_a_3,,T20_469,T20,469,7,a,3,train
T20_d07_469_b_3,,T20_469,T20,469,7,b,3,train
T20_d08_469_a_4,,T20_469,T20,469,8,a,4,train
T20_d08_469_b_4,,T20_469,T20,469,8,b,4,train
T20_d09_469_a_4,,T20_469,T20,469,9,a,4,train
T20_d09_469_b_4,,T20_469,T20,469,9,b,4,train
T20_d10_469_a_5,,T20_469,T20,469,10,a,5,train
T20_d10_469_b_5,,T20_469,T20,469,10,b,5,train
T20_d11_469_a_5,,T20_469,T20,469,11,a,5,train
T20_d11_469_b_5,,T20_469,T20,469,11,b,5,train
Tam_d01_009_a_1,,Tam_009,Tam,009,1,a,1,train
Tam_d01_009_b_1,,Tam_009,Tam,009,1,b,1,train
Tam_d02_009_a_2,,Tam_009,Tam,009,2,a,2,train
Tam_d02_009_b_2,,Tam_009,Tam,009,2,b,2,train
Tam_d03_009_a_2,,Tam_009,Tam,009,3,a,2,train
Tam_d03_009_b_2,,Tam_009,Tam,009,3,b,2,train
Tam_d04_009_a_3,,Tam_009,Tam,009,4,a,3,train
Tam_d04_009_b_3,,Tam_009,Tam,009,4,b,3,train
Tam_d05_009_a_4,,Tam_009,Tam,009,5,a,4,train
Tam_d05_009_b_4,,Tam_009,Tam,009,5,b,4,train
Tam_d06_009_a_4,,Tam_009,Tam,009,6,a,4,train
Tam_d06_009_b_4,,Tam_009,Tam,009,6,b,4,train
Tam_d07_009_a_4,,Tam_009,Tam,009,7,a,4,train
Tam_d07_009_b_4,,Tam_009,Tam,009,7,b,4,train
Tam_d08_009_a_5,,Tam_009,Tam,009,8,a,5,train
Tam_d08_009_b_5,,Tam_009,Tam,009,8,b,5,train
Tam_d09_009_a_5,,Tam_009,Tam,009,9,a,5,train
Tam_d09_009_b_5,,Tam_009,Tam,009,9,b,5,train
Tam_d10_009_a_5,,Tam_009,Tam,009,10,a,5,train
Tam_d10_009_b_5,,Tam_009,Tam,009,10,b,5,train
Tam_d11_009_a_5,,Tam_009,Tam,009,11,a,5,train
Tam_d11_009_b_5,,Tam_009,Tam,009,11,b,5,train
Tam_d01_017_a_1,,Tam_017,Tam,017,1,a,1,train
Tam_d01_017_b_1,,Tam_017,Tam,017,1,b,1,train
Tam_d02_017_a_2,,Tam_017,Tam,017,2,a,2,train
Tam_d02_017_b_2,,Tam_017,Tam,017,2,b,2,train
Tam_d03_017_a_2,,Tam_017,Tam,017,3,a,2,train
Tam_d03_017_b_2,,Tam_017,Tam,017,3,b,2,train
Tam_d04_017_a_3,,Tam_017,Tam,017,4,a,3,train
Tam_d04_017_b_3,,Tam_017,Tam,017,4,b,3,train
Tam_d05_017_a_3,,Tam_017,Tam,017,5,a,3,train
Tam_d05_017_b_3,,Tam_017,Tam,017,5,b,3,train
Tam_d06_017_a_4,,Tam_017,Tam,017,6,a,4,train
Tam_d06_017_b_4,,Tam_017,Tam,017,6,b,4,train
Tam_d07_017_a_4,,Tam_017,Tam,017,7,a,4,train
Tam_d07_017_b_4,,Tam_017,Tam,017,7,b,4,train
Tam_d08_017_a_4,,Tam_017,Tam,017,8,a,4,train
Tam_d08_017_b_4,,Tam_017,Tam,017,8,b,4,train
Tam_d09_017_a_5,,Tam_017,Tam,017,9,a,5,train
Tam_d09_017_b_5,,Tam_017,Tam,017,9,b,5,train
Tam_d10_017_a_5,,Tam_017,Tam,017,10,a,5,train
Tam_d10_017_b_5,,Tam_017,Tam,017,10,b,5,train
Tam_d11_017_a_5,,Tam_017,Tam,017,11,a,5,train
Tam_d11_017_b_5,,Tam_017,Tam,017,11,b,5,train
Tam_d01_019_a_1,,Tam_019,Tam,019,1,a,1,train
Tam_d01_019_b_1,,Tam_019,Tam,019,1,b,1,train
Tam_d02_019_a_1,,Tam_019,Tam,019,2,a,1,train
Tam_d02_019_b_1,,Tam_019,Tam,019,2,b,1,train
Tam_d03_019_a_2,,Tam_019,Tam,019,3,a,2,train
Tam_d03_019_b_2,,Tam_019,Tam,019,3,b,2,train
Tam_d04_019_a_2,,Tam_019,Tam,019,4,a,2,train
Tam_d04_019_b_2,,Tam_019,Tam,019,4,b,2,train
Tam_d05_019_a_3,,Tam_019,Tam,019,5,a,3,train
Tam_d05_019_b_3,,Tam_019,Tam,019,5,b,3,train
Tam_d06_019_a_3,,Tam_019,Tam,019,6,a,3,train
Tam_d06_019_b_3,,Tam_019,Tam,019,6,b,3,train
Tam_d07_019_a_3,,Tam_019,Tam,019,7,a,3,train
Tam_d07_019_b_3,,Tam_019,Tam,019,7,b,3,train
Tam_d08_019_a_4,,Tam_019,Tam,019,8,a,4,train
Tam_d08_019_b_4,,Tam_019,Tam,019,8,b,4,train
Tam_d09_019_a_5,,Tam_019,Tam,019,9,a,5,train
Tam_d09_019_b_5,,Tam_019,Tam,019,9,b,5,train
Tam_d10_019_a_5,,Tam_019,Tam,019,10,a,5,train
Tam_d10_019_b_5,,Tam_019,Tam,019,10,b,5,train
Tam_d11_019_a_5,,Tam_019,Tam,019,11,a,5,train
Tam_d11_019_b_5,,Tam_019,Tam,019,11,b,5,train
Tam_d01_028_a_1,,Tam_028,Tam,028,1,a,1,train
Tam_d01_028_b_1,,Tam_028,Tam,028,1,b,1,train
Tam_d02_028_a_2,,Tam_028,Tam,028,2,a,2,train
Tam_d02_028_b_2,,Tam_028,Tam,028,2,b,2,train
Tam_d03_028_a_2,,Tam_028,Tam,028,3,a,2,train
Tam_d03_028_b_2,,Tam_028,Tam,028,3,b,2,train
Tam_d04_028_a_3,,Tam_028,Tam,028,4,a,3,train
Tam_d04_028_b_3,,Tam_028,Tam,028,4,b,3,train
Tam_d05_028_a_3,,Tam_028,Tam,028,5,a,3,train
Tam_d05_028_b_3,,Tam_028,Tam,028,5,b,3,train
Tam_d06_028_a_4,,Tam_028,Tam,028,6,a,4,train
Tam_d06_028_b_4,,Tam_028,Tam,028,6,b,4,train
Tam_d07_028_a_4,,Tam_028,Tam,028,7,a,4,train
Tam_d07_028_b_4,,Tam_028,Tam,028,7,b,4,train
Tam_d08_028_a_4,,Tam_028,Tam,028,8,a,4,train
Tam_d08_028_b_4,,Tam_028,Tam,028,8,b,4,train
Tam_d09_028_a_5,,Tam_028,Tam,028,9,a,5,train
Tam_d09_028_b_5,,Tam_028,Tam,028,9,b,5,train
Tam_d10_028_a_5,,Tam_028,Tam,028,10,a,5,train
Tam_d10_028_b_5,,Tam_028,Tam,028,10,b,5,train
Tam_d11_028_a_5,,Tam_028,Tam,028,11,a,5,train
Tam_d11_028_b_5,,Tam_028,Tam,028,11,b,5,train
Tam_d01_030_a_1,,Tam_030,Tam,030,1,a,1,train
Tam_d01_030_b_1,,Tam_030,Tam,030,1,b,1,train
Tam_d02_030_a_2,,Tam_030,Tam,030,2,a,2,train
Tam_d02_030_b_2,,Tam_030,Tam,030,2,b,2,train
Tam_d03_030_a_2,,Tam_030,Tam,030,3,a,2,train
Tam_d03_030_b_2,,Tam_030,Tam,030,3,b,2,train
Tam_d04_030_a_3,,Tam_030,Tam,030,4,a,3,train
Tam_d04_030_b_3,,Tam_030,Tam,030,4,b,3,train
Tam_d05_030_a_3,,Tam_030,Tam,030,5,a,3,train
Tam_d05_030_b_3,,Tam_030,Tam,030,5,b,3,train
Tam_d06_030_a_4,,Tam_030,Tam,030,6,a,4,train
Tam_d06_030_b_4,,Tam_030,Tam,030,6,b,4,train
Tam_d07_030_a_4,,Tam_030,Tam,030,7,a,4,train
Tam_d07_030_b_4,,Tam_030,Tam,030,7,b,4,train
Tam_d08_030_a_5,,Tam_030,Tam,030,8,a,5,train
Tam_d08_030_b_5,,Tam_030,Tam,030,8,b,5,train
Tam_d09_030_a_5,,Tam_030,Tam,030,9,a,5,train
Tam_d09_030_b_5,,Tam_030,Tam,030,9,b,5,train
Tam_d10_030_a_5,,Tam_030,Tam,030,10,a,5,train
Tam_d10_030_b_5,,Tam_030,Tam,030,10,b,5,train
Tam_d11_030_a_5,,Tam_030,Tam,030,11,a,5,train
Tam_d11_030_b_5,,Tam_030,Tam,030,11,b,5,train
Tam_d01_051_a_1,,Tam_051,Tam,051,1,a,1,train
Tam_d01_051_b_1,,Tam_051,Tam,051,1,b,1,train
Tam_d02_051_a_1,,Tam_051,Tam,051,2,a,1,train
Tam_d02_051_b_1,,Tam_051,Tam,051,2,b,1,train
Tam_d03_051_a_2,,Tam_051,Tam,051,3,a,2,train
Tam_d03_051_b_2,,Tam_051,Tam,051,3,b,2,train
Tam_d04_051_a_2,,Tam_051,Tam,051,4,a,2,train
Tam_d04_051_b_2,,Tam_051,Tam,051,4,b,2,train
Tam_d05_051_a_3,,Tam_051,Tam,051,5,a,3,train
Tam_d05_051_b_3,,Tam_051,Tam,051,5,b,3,train
Tam_d06_051_a_4,,Tam_051,Tam,051,6,a,4,train
Tam_d06_051_b_4,,Tam_051,Tam,051,6,b,4,train
Tam_d07_051_a_4,,Tam_051,Tam,051,7,a,4,train
Tam_d07_051_b_4,,Tam_051,Tam,051,7,b,4,train
Tam_d08_051_a_4,,Tam_051,Tam,051,8,a,4,train
Tam_d08_051_b_4,,Tam_051,Tam,051,8,b,4,train
Tam_d09_051_a_4,,Tam_051,Tam,051,9,a,4,train
Tam_d09_051_b_4,,Tam_051,Tam,051,9,b,4,train
Tam_d10_051_a_5,,Tam_051,Tam,051,10,a,5,train
Tam_d10_051_b_5,,Tam_051,Tam,051,10,b,5,train
Tam_d11_051_a_5,,Tam_051,Tam,051,11,a,5,train
Tam_d11_051_b_5,,Tam_051,Tam,051,11,b,5,train
Tam_d01_053_a_1,,Tam_053,Tam,053,1,a,1,train
Tam_d01_053_b_1,,Tam_053,Tam,053,1,b,1,train
Tam_d02_053_a_2,,Tam_053,Tam,053,2,a,2,train
Tam_d02_053_b_2,,Tam_053,Tam,053,2,b,2,train
Tam_d03_053_a_2,,Tam_053,Tam,053,3,a,2,train
Tam_d03_053_b_2,,Tam_053,Tam,053,3,b,2,train
Tam_d04_053_a_3,,Tam_053,Tam,053,4,a,3,train
Tam_d04_053_b_3,,Tam_053,Tam,053,4,b,3,train
Tam_d05_053_a_3,,Tam_053,Tam,053,5,a,3,train
Tam_d05_053_b_3,,Tam_053,Tam,053,5,b,3,train
Tam_d06_053_a_4,,Tam_053,Tam,053,6,a,4,train
Tam_d06_053_b_4,,Tam_053,Tam,053,6,b,4,train
Tam_d07_053_a_4,,Tam_053,Tam,053,7,a,4,train
Tam_d07_053_b_4,,Tam_053,Tam,053,7,b,4,train
Tam_d08_053_a_4,,Tam_053,Tam,053,8,a,4,train
Tam_d08_053_b_4,,Tam_053,Tam,053,8,b,4,train
Tam_d09_053_a_5,,Tam_053,Tam,053,9,a,5,train
Tam_d09_053_b_5,,Tam_053,Tam,053,9,b,5,train
Tam_d10_053_a_5,,Tam_053,Tam,053,10,a,5,train
Tam_d10_053_b_5,,Tam_053,Tam,053,10,b,5,train
Tam_d11_053_a_5,,Tam_053,Tam,053,11,a,5,train
Tam_d11_053_b_5,,Tam_053,Tam,053,11,b,5,train
Tam_d01_056_a_1,,Tam_056,Tam,056,1,a,1,train
Tam_d01_056_b_1,,Tam_056,Tam,056,1,b,1,train
Tam_d01_057_a_1,,Tam_057,Tam,057,1,a,1,train
Tam_d01_057_b_1,,Tam_057,Tam,057,1,b,1,train
Tam_d02_057_a_2,,Tam_057,Tam,057,2,a,2,train
Tam_d02_057_b_2,,Tam_057,Tam,057,2,b,2,train
Tam_d03_057_a_2,,Tam_057,Tam,057,3,a,2,train
Tam_d03_057_b_2,,Tam_057,Tam,057,3,b,2,train
Tam_d04_057_a_3,,Tam_057,Tam,057,4,a,3,train
Tam_d04_057_b_3,,Tam_057,Tam,057,4,b,3,train
Tam_d05_057_a_3,,Tam_057,Tam,057,5,a,3,train
Tam_d05_057_b_3,,Tam_057,Tam,057,5,b,3,train
Tam_d06_057_a_3,,Tam_057,Tam,057,6,a,3,train
Tam_d06_057_b_3,,Tam_057,Tam,057,6,b,3,train
Tam_d07_057_a_4,,Tam_057,Tam,057,7,a,4,train
Tam_d07_057_b_4,,Tam_057,Tam,057,7,b,4,train
Tam_d01_059_a_1,,Tam_059,Tam,059,1,a,1,train
Tam_d01_059_b_1,,Tam_059,Tam,059,1,b,1,train
Tam_d02_059_a_1,,Tam_059,Tam,059,2,a,1,train
Tam_d02_059_b_1,,Tam_059,Tam,059,2,b,1,train
Tam_d03_059_a_1,,Tam_059,Tam,059,3,a,1,train
Tam_d03_059_b_1,,Tam_059,Tam,059,3,b,1,train
Tam_d04_059_a_1,,Tam_059,Tam,059,4,a,1,train
Tam_d04_059_b_1,,Tam_059,Tam,059,4,b,1,train
Tam_d05_059_a_1,,Tam_059,Tam,059,5,a,1,train
Tam_d05_059_b_1,,Tam_059,Tam,059,5,b,1,train
Tam_d06_059_a_2,,Tam_059,Tam,059,6,a,2,train
Tam_d06_059_b_2,,Tam_059,Tam,059,6,b,2,train
Tam_d07_059_a_2,,Tam_059,Tam,059,7,a,2,train
Tam_d07_059_b_2,,Tam_059,Tam,059,7,b,2,train
Tam_d08_059_a_3,,Tam_059,Tam,059,8,a,3,train
Tam_d08_059_b_3,,Tam_059,Tam,059,8,b,3,train
Tam_d09_059_a_4,,Tam_059,Tam,059,9,a,4,train
Tam_d09_059_b_4,,Tam_059,Tam,059,9,b,4,train
Tam_d10_059_a_5,,Tam_059,Tam,059,10,a,5,train
Tam_d10_059_b_5,,Tam_059,Tam,059,10,b,5,train
Tam_d11_059_a_5,,Tam_059,Tam,059,11,a,5,train
Tam_d11_059_b_5,,Tam_059,Tam,059,11,b,5,train
Tam_d01_066_a_1,,Tam_066,Tam,066,1,a,1,train
Tam_d01_066_b_1,,Tam_066,Tam,066,1,b,1,train
Tam_d02_066_a_2,,Tam_066,Tam,066,2,a,2,train
Tam_d02_066_b_2,,Tam_066,Tam,066,2,b,2,train
Tam_d03_066_a_2,,Tam_066,Tam,066,3,a,2,train
Tam_d03_066_b_2,,Tam_066,Tam,066,3,b,2,train
Tam_d04_066_a_3,,Tam_066,Tam,066,4,a,3,train
Tam_d04_066_b_3,,Tam_066,Tam,066,4,b,3,train
Tam_d05_066_a_3,,Tam_066,Tam,066,5,a,3,train
Tam_d05_066_b_3,,Tam_066,Tam,066,5,b,3,train
Tam_d06_066_a_4,,Tam_066,Tam,066,6,a,4,train
Tam_d06_066_b_4,,Tam_066,Tam,066,6,b,4,train
Tam_d07_066_a_4,,Tam_066,Tam,066,7,a,4,train
Tam_d07_066_b_4,,Tam_066,Tam,066,7,b,4,train
Tam_d08_066_a_4,,Tam_066,Tam,066,8,a,4,train
Tam_d08_066_b_4,,Tam_066,Tam,066,8,b,4,train
Tam_d09_066_a_5,,Tam_066,Tam,066,9,a,5,train
Tam_d09_066_b_5,,Tam_066,Tam,066,9,b,5,train
Tam_d10_066_a_5,,Tam_066,Tam,066,10,a,5,train
Tam_d10_066_b_5,,Tam_066,Tam,066,10,b,5,train
Tam_d11_066_a_5,,Tam_066,Tam,066,11,a,5,train
Tam_d11_066_b_5,,Tam_066,Tam,066,11,b,5,train
Tam_d01_068_a_1,,Tam_068,Tam,068,1,a,1,train
Tam_d01_068_b_1,,Tam_068,Tam,068,1,b,1,train
Tam_d02_068_a_1,,Tam_068,Tam,068,2,a,1,train
Tam_d02_068_b_1,,Tam_068,Tam,068,2,b,1,train
Tam_d03_068_a_2,,Tam_068,Tam,068,3,a,2,train
Tam_d03_068_b_2,,Tam_068,Tam,068,3,b,2,train
Tam_d04_068_a_2,,Tam_068,Tam,068,4,a,2,train
Tam_d04_068_b_2,,Tam_068,Tam,068,4,b,2,train
Tam_d05_068_a_2,,Tam_068,Tam,068,5,a,2,train
Tam_d05_068_b_2,,Tam_068,Tam,068,5,b,2,train
Tam_d06_068_a_3,,Tam_068,Tam,068,6,a,3,train
Tam_d06_068_b_3,,Tam_068,Tam,068,6,b,3,train
Tam_d07_068_a_4,,Tam_068,Tam,068,7,a,4,train
Tam_d07_068_b_4,,Tam_068,Tam,068,7,b,4,train
Tam_d08_068_a_4,,Tam_068,Tam,068,8,a,4,train
Tam_d08_068_b_4,,Tam_068,Tam,068,8,b,4,train
Tam_d09_068_a_5,,Tam_068,Tam,068,9,a,5,train
Tam_d09_068_b_5,,Tam_068,Tam,068,9,b,5,train
Tam_d10_068_a_5,,Tam_068,Tam,068,10,a,5,train
Tam_d10_068_b_5,,Tam_068,Tam,068,10,b,5,train
Tam_d11_068_a_5,,Tam_068,Tam,068,11,a,5,train
Tam_d11_068_b_5,,Tam_068,Tam,068,11,b,5,train
Tam_d01_073_a_1,,Tam_073,Tam,073,1,a,1,train
Tam_d01_073_b_1,,Tam_073,Tam,073,1,b,1,train
Tam_d02_073_a_2,,Tam_073,Tam,073,2,a,2,train
Tam_d02_073_b_2,,Tam_073,Tam,073,2,b,2,train
Tam_d03_073_a_2,,Tam_073,Tam,073,3,a,2,train
Tam_d03_073_b_2,,Tam_073,Tam,073,3,b,2,train
Tam_d04_073_a_3,,Tam_073,Tam,073,4,a,3,train
Tam_d04_073_b_3,,Tam_073,Tam,073,4,b,3,train
Tam_d05_073_a_4,,Tam_073,Tam,073,5,a,4,train
Tam_d05_073_b_4,,Tam_073,Tam,073,5,b,4,train
Tam_d06_073_a_4,,Tam_073,Tam,073,6,a,4,train
Tam_d06_073_b_4,,Tam_073,Tam,073,6,b,4,train
Tam_d07_073_a_4,,Tam_073,Tam,073,7,a,4,train
Tam_d07_073_b_4,,Tam_073,Tam,073,7,b,4,train
Tam_d08_073_a_4,,Tam_073,Tam,073,8,a,4,train
Tam_d08_073_b_4,,Tam_073,Tam,073,8,b,4,train
Tam_d09_073_a_4,,Tam_073,Tam,073,9,a,4,train
Tam_d09_073_b_4,,Tam_073,Tam,073,9,b,4,train
Tam_d10_073_a_5,,Tam_073,Tam,073,10,a,5,train
Tam_d10_073_b_5,,Tam_073,Tam,073,10,b,5,train
Tam_d11_073_a_5,,Tam_073,Tam,073,11,a,5,train
Tam_d11_073_b_5,,Tam_073,Tam,073,11,b,5,train
Tam_d01_074_a_1,,Tam_074,Tam,074,1,a,1,train
Tam_d01_074_b_1,,Tam_074,Tam,074,1,b,1,train
Tam_d02_074_a_1,,Tam_074,Tam,074,2,a,1,train
Tam_d02_074_b_1,,Tam_074,Tam,074,2,b,1,train
Tam_d03_074_a_1,,Tam_074,Tam,074,3,a,1,train
Tam_d03_074_b_1,,Tam_074,Tam,074,3,b,1,train
Tam_d04_074_a_2,,Tam_074,Tam,074,4,a,2,train
Tam_d04_074_b_2,,Tam_074,Tam,074,4,b,2,train
Tam_d05_074_a_2,,Tam_074,Tam,074,5,a,2,train
Tam_d05_074_b_2,,Tam_074,Tam,074,5,b,2,train
Tam_d06_074_a_3,,Tam_074,Tam,074,6,a,3,train
Tam_d06_074_b_3,,Tam_074,Tam,074,6,b,3,train
Tam_d07_074_a_3,,Tam_074,Tam,074,7,a,3,train
Tam_d07_074_b_3,,Tam_074,Tam,074,7,b,3,train
Tam_d08_074_a_4,,Tam_074,Tam,074,8,a,4,train
Tam_d08_074_b_4,,Tam_074,Tam,074,8,b,4,train
Tam_d09_074_a_4,,Tam_074,Tam,074,9,a,4,train
Tam_d09_074_b_4,,Tam_074,Tam,074,9,b,4,train
Tam_d10_074_a_5,,Tam_074,Tam,074,10,a,5,train
Tam_d10_074_b_5,,Tam_074,Tam,074,10,b,5,train
Tam_d11_074_a_5,,Tam_074,Tam,074,11,a,5,train
Tam_d11_074_b_5,,Tam_074,Tam,074,11,b,5,train
Tam_d01_077_a_1,,Tam_077,Tam,077,1,a,1,train
Tam_d01_077_b_1,,Tam_077,Tam,077,1,b,1,train
Tam_d02_077_a_1,,Tam_077,Tam,077,2,a,1,train
Tam_d02_077_b_1,,Tam_077,Tam,077,2,b,1,train
Tam_d03_077_a_2,,Tam_077,Tam,077,3,a,2,train
Tam_d03_077_b_2,,Tam_077,Tam,077,3,b,2,train
Tam_d04_077_a_2,,Tam_077,Tam,077,4,a,2,train
Tam_d04_077_b_2,,Tam_077,Tam,077,4,b,2,train
Tam_d05_077_a_3,,Tam_077,Tam,077,5,a,3,train
Tam_d05_077_b_3,,Tam_077,Tam,077,5,b,3,train
Tam_d06_077_a_3,,Tam_077,Tam,077,6,a,3,train
Tam_d06_077_b_3,,Tam_077,Tam,077,6,b,3,train
Tam_d07_077_a_4,,Tam_077,Tam,077,7,a,4,train
Tam_d07_077_b_4,,Tam_077,Tam,077,7,b,4,train
Tam_d08_077_a_4,,Tam_077,Tam,077,8,a,4,train
Tam_d08_077_b_4,,Tam_077,Tam,077,8,b,4,train
Tam_d09_077_a_5,,Tam_077,Tam,077,9,a,5,train
Tam_d09_077_b_5,,Tam_077,Tam,077,9,b,5,train
Tam_d10_077_a_5,,Tam_077,Tam,077,10,a,5,train
Tam_d10_077_b_5,,Tam_077,Tam,077,10,b,5,train
Tam_d11_077_a_5,,Tam_077,Tam,077,11,a,5,train
Tam_d11_077_b_5,,Tam_077,Tam,077,11,b,5,train
Tam_d01_079_a_1,,Tam_079,Tam,079,1,a,1,train
Tam_d01_079_b_1,,Tam_079,Tam,079,1,b,1,train
Tam_d02_079_a_2,,Tam_079,Tam,079,2,a,2,train
Tam_d02_079_b_2,,Tam_079,Tam,079,2,b,2,train
Tam_d03_079_a_2,,Tam_079,Tam,079,3,a,2,train
Tam_d03_079_b_2,,Tam_079,Tam,079,3,b,2,train
Tam_d04_079_a_3,,Tam_079,Tam,079,4,a,3,train
Tam_d04_079_b_3,,Tam_079,Tam,079,4,b,3,train
Tam_d05_079_a_3,,Tam_079,Tam,079,5,a,3,train
Tam_d05_079_b_3,,Tam_079,Tam,079,5,b,3,train
Tam_d06_079_a_4,,Tam_079,Tam,079,6,a,4,train
Tam_d06_079_b_4,,Tam_079,Tam,079,6,b,4,train
Tam_d07_079_a_4,,Tam_079,Tam,079,7,a,4,train
Tam_d07_079_b_4,,Tam_079,Tam,079,7,b,4,train
Tam_d08_079_a_4,,Tam_079,Tam,079,8,a,4,train
Tam_d08_079_b_4,,Tam_079,Tam,079,8,b,4,train
Tam_d09_079_a_5,,Tam_079,Tam,079,9,a,5,train
Tam_d09_079_b_5,,Tam_079,Tam,079,9,b,5,train
Tam_d10_079_a_5,,Tam_079,Tam,079,10,a,5,train
Tam_d10_079_b_5,,Tam_079,Tam,079,10,b,5,train
Tam_d11_079_a_5,,Tam_079,Tam,079,11,a,5,train
Tam_d11_079_b_5,,Tam_079,Tam,079,11,b,5,train
Tam_d01_088_a_1,,Tam_088,Tam,088,1,a,1,train
Tam_d01_088_b_1,,Tam_088,Tam,088,1,b,1,train
Tam_d02_088_a_1,,Tam_088,Tam,088,2,a,1,train
Tam_d02_088_b_1,,Tam_088,Tam,088,2,b,1,train
Tam_d03_088_a_2,,Tam_088,Tam,088,3,a,2,train
Tam_d03_088_b_2,,Tam_088,Tam,088,3,b,2,train
Tam_d04_088_a_2,,Tam_088,Tam,088,4,a,2,train
Tam_d04_088_b_2,,Tam_088,Tam,088,4,b,2,train
Tam_d05_088_a_3,,Tam_088,Tam,088,5,a,3,train
Tam_d05_088_b_3,,Tam_088,Tam,088,5,b,3,train
Tam_d06_088_a_3,,Tam_088,Tam,088,6,a,3,train
Tam_d06_088_b_3,,Tam_088,Tam,088,6,b,3,train
Tam_d07_088_a_4,,Tam_088,Tam,088,7,a,4,train
Tam_d07_088_b_4,,Tam_088,Tam,088,7,b,4,train
Tam_d08_088_a_4,,Tam_088,Tam,088,8,a,4,train
Tam_d08_088_b_4,,Tam_088,Tam,088,8,b,4,train
Tam_d09_088_a_5,,Tam_088,Tam,088,9,a,5,train
Tam_d09_088_b_5,,Tam_088,Tam,088,9,b,5,train
Tam_d10_088_a_5,,Tam_088,Tam,088,10,a,5,train
Tam_d10_088_b_5,,Tam_088,Tam,088,10,b,5,train
Tam_d11_088_a_5,,Tam_088,Tam,088,11,a,5,train
Tam_d11_088_b_5,,Tam_088,Tam,088,11,b,5,train
Tam_d01_102_a_1,,Tam_102,Tam,102,1,a,1,train
Tam_d01_102_b_1,,Tam_102,Tam,102,1,b,1,train
Tam_d02_102_a_1,,Tam_102,Tam,102,2,a,1,train
Tam_d02_102_b_1,,Tam_102,Tam,102,2,b,1,train
Tam_d03_102_a_1,,Tam_102,Tam,102,3,a,1,train
Tam_d03_102_b_1,,Tam_102,Tam,102,3,b,1,train
Tam_d04_102_a_2,,Tam_102,Tam,102,4,a,2,train
Tam_d04_102_b_2,,Tam_102,Tam,102,4,b,2,train
Tam_d05_102_a_2,,Tam_102,Tam,102,5,a,2,train
Tam_d05_102_b_2,,Tam_102,Tam,102,5,b,2,train
Tam_d06_102_a_3,,Tam_102,Tam,102,6,a,3,train
Tam_d06_102_b_3,,Tam_102,Tam,102,6,b,3,train
Tam_d07_102_a_3,,Tam_102,Tam,102,7,a,3,train
Tam_d07_102_b_3,,Tam_102,Tam,102,7,b,3,train
Tam_d08_102_a_4,,Tam_102,Tam,102,8,a,4,train
Tam_d08_102_b_4,,Tam_102,Tam,102,8,b,4,train
Tam_d09_102_a_4,,Tam_102,Tam,102,9,a,4,train
Tam_d09_102_b_4,,Tam_102,Tam,102,9,b,4,train
Tam_d10_102_a_5,,Tam_102,Tam,102,10,a,5,train
Tam_d10_102_b_5,,Tam_102,Tam,102,10,b,5,train
Tam_d11_102_a_5,,Tam_102,Tam,102,11,a,5,train
Tam_d11_102_b_5,,Tam_102,Tam,102,11,b,5,train
Tam_d01_105_a_1,,Tam_105,Tam,105,1,a,1,train
Tam_d01_105_b_1,,Tam_105,Tam,105,1,b,1,train
Tam_d02_105_a_1,,Tam_105,Tam,105,2,a,1,train
Tam_d02_105_b_1,,Tam_105,Tam,105,2,b,1,train
Tam_d03_105_a_2,,Tam_105,Tam,105,3,a,2,train
Tam_d03_105_b_2,,Tam_105,Tam,105,3,b,2,train
Tam_d04_105_a_2,,Tam_105,Tam,105,4,a,2,train
Tam_d04_105_b_2,,Tam_105,Tam,105,4,b,2,train
Tam_d05_105_a_3,,Tam_105,Tam,105,5,a,3,train
Tam_d05_105_b_3,,Tam_105,Tam,105,5,b,3,train
Tam_d06_105_a_3,,Tam_105,Tam,105,6,a,3,train
Tam_d06_105_b_3,,Tam_105,Tam,105,6,b,3,train
Tam_d07_105_a_4,,Tam_105,Tam,105,7,a,4,train
Tam_d07_105_b_4,,Tam_105,Tam,105,7,b,4,train
Tam_d08_105_a_4,,Tam_105,Tam,105,8,a,4,train
Tam_d08_105_b_4,,Tam_105,Tam,105,8,b,4,train
Tam_d09_105_a_4,,Tam_105,Tam,105,9,a,4,train
Tam_d09_105_b_4,,Tam_105,Tam,105,9,b,4,train
Tam_d10_105_a_5,,Tam_105,Tam,105,10,a,5,train
Tam_d10_105_b_5,,Tam_105,Tam,105,10,b,5,train
Tam_d11_105_a_5,,Tam_105,Tam,105,11,a,5,train
Tam_d11_105_b_5,,Tam_105,Tam,105,11,b,5,train
Tam_d01_117_a_1,,Tam_117,Tam,117,1,a,1,train
Tam_d01_117_b_1,,Tam_117,Tam,117,1,b,1,train
Tam_d01_121_a_1,,Tam_121,Tam,121,1,a,1,train
Tam_d01_121_b_1,,Tam_121,Tam,121,1,b,1,train
Tam_d02_121_a_1,,Tam_121,Tam,121,2,a,1,train
Tam_d02_121_b_1,,Tam_121,Tam,121,2,b,1,train
Tam_d03_121_a_1,,Tam_121,Tam,121,3,a,1,train
Tam_d03_121_b_1,,Tam_121,Tam,121,3,b,1,train
Tam_d04_121_a_2,,Tam_121,Tam,121,4,a,2,train
Tam_d04_121_b_2,,Tam_121,Tam,121,4,b,2,train
Tam_d05_121_a_2,,Tam_121,Tam,121,5,a,2,train
Tam_d05_121_b_2,,Tam_121,Tam,121,5,b,2,train
Tam_d06_121_a_2,,Tam_121,Tam,121,6,a,2,train
Tam_d06_121_b_2,,Tam_121,Tam,121,6,b,2,train
Tam_d07_121_a_3,,Tam_121,Tam,121,7,a,3,train
Tam_d07_121_b_3,,Tam_121,Tam,121,7,b,3,train
Tam_d08_121_a_4,,Tam_121,Tam,121,8,a,4,train
Tam_d08_121_b_4,,Tam_121,Tam,121,8,b,4,train
Tam_d09_121_a_4,,Tam_121,Tam,121,9,a,4,train
Tam_d09_121_b_4,,Tam_121,Tam,121,9,b,4,train
Tam_d10_121_a_5,,Tam_121,Tam,121,10,a,5,train
Tam_d10_121_b_5,,Tam_121,Tam,121,10,b,5,train
Tam_d11_121_a_5,,Tam_121,Tam,121,11,a,5,train
Tam_d11_121_b_5,,Tam_121,Tam,121,11,b,5,train
Tam_d01_124_a_1,,Tam_124,Tam,124,1,a,1,train
Tam_d01_124_b_1,,Tam_124,Tam,124,1,b,1,train
Tam_d02_124_a_1,,Tam_124,Tam,124,2,a,1,train
Tam_d02_124_b_1,,Tam_124,Tam,124,2,b,1,train
Tam_d03_124_a_2,,Tam_124,Tam,124,3,a,2,train
Tam_d03_124_b_2,,Tam_124,Tam,124,3,b,2,train
Tam_d04_124_a_2,,Tam_124,Tam,124,4,a,2,train
Tam_d04_124_b_2,,Tam_124,Tam,124,4,b,2,train
Tam_d05_124_a_2,,Tam_124,Tam,124,5,a,2,train
Tam_d05_124_b_2,,Tam_124,Tam,124,5,b,2,train
Tam_d06_124_a_3,,Tam_124,Tam,124,6,a,3,train
Tam_d06_124_b_3,,Tam_124,Tam,124,6,b,3,train
Tam_d07_124_a_4,,Tam_124,Tam,124,7,a,4,train
Tam_d07_124_b_4,,Tam_124,Tam,124,7,b,4,train
Tam_d08_124_a_5,,Tam_124,Tam,124,8,a,5,train
Tam_d08_124_b_5,,Tam_124,Tam,124,8,b,5,train
Tam_d09_124_a_5,,Tam_124,Tam,124,9,a,5,train
Tam_d09_124_b_5,,Tam_124,Tam,124,9,b,5,train
Tam_d10_124_a_5,,Tam_124,Tam,124,10,a,5,train
Tam_d10_124_b_5,,Tam_124,Tam,124,10,b,5,train
Tam_d11_124_a_5,,Tam_124,Tam,124,11,a,5,train
Tam_d11_124_b_5,,Tam_124,Tam,124,11,b,5,train
Tam_d01_126_a_1,,Tam_126,Tam,126,1,a,1,train
Tam_d01_126_b_1,,Tam_126,Tam,126,1,b,1,train
Tam_d02_126_a_1,,Tam_126,Tam,126,2,a,1,train
Tam_d02_126_b_1,,Tam_126,Tam,126,2,b,1,train
Tam_d03_126_a_2,,Tam_126,Tam,126,3,a,2,train
Tam_d03_126_b_2,,Tam_126,Tam,126,3,b,2,train
Tam_d04_126_a_2,,Tam_126,Tam,126,4,a,2,train
Tam_d04_126_b_2,,Tam_126,Tam,126,4,b,2,train
Tam_d05_126_a_3,,Tam_126,Tam,126,5,a,3,train
Tam_d05_126_b_3,,Tam_126,Tam,126,5,b,3,train
Tam_d06_126_a_3,,Tam_126,Tam,126,6,a,3,train
Tam_d06_126_b_3,,Tam_126,Tam,126,6,b,3,train
Tam_d07_126_a_4,,Tam_126,Tam,126,7,a,4,train
Tam_d07_126_b_4,,Tam_126,Tam,126,7,b,4,train
Tam_d08_126_a_4,,Tam_126,Tam,126,8,a,4,train
Tam_d08_126_b_4,,Tam_126,Tam,126,8,b,4,train
Tam_d09_126_a_5,,Tam_126,Tam,126,9,a,5,train
Tam_d09_126_b_5,,Tam_126,Tam,126,9,b,5,train
Tam_d10_126_a_5,,Tam_126,Tam,126,10,a,5,train
Tam_d10_126_b_5,,Tam_126,Tam,126,10,b,5,train
Tam_d11_126_a_5,,Tam_126,Tam,126,11,a,5,train
Tam_d11_126_b_5,,Tam_126,Tam,126,11,b,5,train
Tam_d01_134_a_1,,Tam_134,Tam,134,1,a,1,train
Tam_d01_134_b_1,,Tam_134,Tam,134,1,b,1,train
Tam_d02_134_a_2,,Tam_134,Tam,134,2,a,2,train
Tam_d02_134_b_2,,Tam_134,Tam,134,2,b,2,train
Tam_d03_134_a_2,,Tam_134,Tam,134,3,a,2,train
Tam_d03_134_b_2,,Tam_134,Tam,134,3,b,2,train
Tam_d04_134_a_3,,Tam_134,Tam,134,4,a,3,train
Tam_d04_134_b_3,,Tam_134,Tam,134,4,b,3,train
Tam_d05_134_a_4,,Tam_134,Tam,134,5,a,4,train
Tam_d05_134_b_4,,Tam_134,Tam,134,5,b,4,train
Tam_d06_134_a_4,,Tam_134,Tam,134,6,a,4,train
Tam_d06_134_b_4,,Tam_134,Tam,134,6,b,4,train
Tam_d07_134_a_4,,Tam_134,Tam,134,7,a,4,train
Tam_d07_134_b_4,,Tam_134,Tam,134,7,b,4,train
Tam_d08_134_a_5,,Tam_134,Tam,134,8,a,5,train
Tam_d08_134_b_5,,Tam_134,Tam,134,8,b,5,train
Tam_d09_134_a_5,,Tam_134,Tam,134,9,a,5,train
Tam_d09_134_b_5,,Tam_134,Tam,134,9,b,5,train
Tam_d10_134_a_5,,Tam_134,Tam,134,10,a,5,train
Tam_d10_134_b_5,,Tam_134,Tam,134,10,b,5,train
Tam_d11_134_a_5,,Tam_134,Tam,134,11,a,5,train
Tam_d11_134_b_5,,Tam_134,Tam,134,11,b,5,train
Tam_d01_135_a_1,,Tam_135,Tam,135,1,a,1,train
Tam_d01_135_b_1,,Tam_135,Tam,135,1,b,1,train
Tam_d02_135_a_2,,Tam_135,Tam,135,2,a,2,train
Tam_d02_135_b_2,,Tam_135,Tam,135,2,b,2,train
Tam_d03_135_a_2,,Tam_135,Tam,135,3,a,2,train
Tam_d03_135_b_2,,Tam_135,Tam,135,3,b,2,train
Tam_d04_135_a_3,,Tam_135,Tam,135,4,a,3,train
Tam_d04_135_b_3,,Tam_135,Tam,135,4,b,3,train
Tam_d05_135_a_4,,Tam_135,Tam,135,5,a,4,train
Tam_d05_135_b_4,,Tam_135,Tam,135,5,b,4,train
Tam_d06_135_a_4,,Tam_135,Tam,135,6,a,4,train
Tam_d06_135_b_4,,Tam_135,Tam,135,6,b,4,train
Tam_d07_135_a_4,,Tam_135,Tam,135,7,a,4,train
Tam_d07_135_b_4,,Tam_135,Tam,135,7,b,4,train
Tam_d08_135_a_5,,Tam_135,Tam,135,8,a,5,train
Tam_d08_135_b_5,,Tam_135,Tam,135,8,b,5,train
Tam_d09_135_a_5,,Tam_135,Tam,135,9,a,5,train
Tam_d09_135_b_5,,Tam_135,Tam,135,9,b,5,train
Tam_d10_135_a_5,,Tam_135,Tam,135,10,a,5,train
Tam_d10_135_b_5,,Tam_135,Tam,135,10,b,5,train
Tam_d11_135_a_5,,Tam_135,Tam,135,11,a,5,train
Tam_d11_135_b_5,,Tam_135,Tam,135,11,b,5,train
Tam_d01_139_a_1,,Tam_139,Tam,139,1,a,1,train
Tam_d01_139_b_1,,Tam_139,Tam,139,1,b,1,train
Tam_d02_139_a_2,,Tam_139,Tam,139,2,a,2,train
Tam_d02_139_b_2,,Tam_139,Tam,139,2,b,2,train
Tam_d03_139_a_2,,Tam_139,Tam,139,3,a,2,train
Tam_d03_139_b_2,,Tam_139,Tam,139,3,b,2,train
Tam_d04_139_a_3,,Tam_139,Tam,139,4,a,3,train
Tam_d04_139_b_3,,Tam_139,Tam,139,4,b,3,train
Tam_d05_139_a_3,,Tam_139,Tam,139,5,a,3,train
Tam_d05_139_b_3,,Tam_139,Tam,139,5,b,3,train
Tam_d06_139_a_3,,Tam_139,Tam,139,6,a,3,train
Tam_d06_139_b_3,,Tam_139,Tam,139,6,b,3,train
Tam_d07_139_a_3,,Tam_139,Tam,139,7,a,3,train
Tam_d07_139_b_3,,Tam_139,Tam,139,7,b,3,train
Tam_d08_139_a_4,,Tam_139,Tam,139,8,a,4,train
Tam_d08_139_b_4,,Tam_139,Tam,139,8,b,4,train
Tam_d09_139_a_4,,Tam_139,Tam,139,9,a,4,train
Tam_d09_139_b_4,,Tam_139,Tam,139,9,b,4,train
Tam_d10_139_a_5,,Tam_139,Tam,139,10,a,5,train
Tam_d10_139_b_5,,Tam_139,Tam,139,10,b,5,train
Tam_d11_139_a_5,,Tam_139,Tam,139,11,a,5,train
Tam_d11_139_b_5,,Tam_139,Tam,139,11,b,5,train
Tam_d01_140_a_1,,Tam_140,Tam,140,1,a,1,train
Tam_d01_140_b_1,,Tam_140,Tam,140,1,b,1,train
Tam_d02_140_a_2,,Tam_140,Tam,140,2,a,2,train
Tam_d02_140_b_2,,Tam_140,Tam,140,2,b,2,train
Tam_d03_140_a_2,,Tam_140,Tam,140,3,a,2,train
Tam_d03_140_b_2,,Tam_140,Tam,140,3,b,2,train
Tam_d04_140_a_3,,Tam_140,Tam,140,4,a,3,train
Tam_d04_140_b_3,,Tam_140,Tam,140,4,b,3,train
Tam_d05_140_a_3,,Tam_140,Tam,140,5,a,3,train
Tam_d05_140_b_3,,Tam_140,Tam,140,5,b,3,train
Tam_d06_140_a_3,,Tam_140,Tam,140,6,a,3,train
Tam_d06_140_b_3,,Tam_140,Tam,140,6,b,3,train
Tam_d07_140_a_4,,Tam_140,Tam,140,7,a,4,train
Tam_d07_140_b_4,,Tam_140,Tam,140,7,b,4,train
Tam_d08_140_a_4,,Tam_140,Tam,140,8,a,4,train
Tam_d08_140_b_4,,Tam_140,Tam,140,8,b,4,train
Tam_d09_140_a_5,,Tam_140,Tam,140,9,a,5,train
Tam_d09_140_b_5,,Tam_140,Tam,140,9,b,5,train
Tam_d10_140_a_5,,Tam_140,Tam,140,10,a,5,train
Tam_d10_140_b_5,,Tam_140,Tam,140,10,b,5,train
Tam_d11_140_a_5,,Tam_140,Tam,140,11,a,5,train
Tam_d11_140_b_5,,Tam_140,Tam,140,11,b,5,train
Tam_d01_142_a_1,,Tam_142,Tam,142,1,a,1,train
Tam_d01_142_b_1,,Tam_142,Tam,142,1,b,1,train
Tam_d02_142_a_2,,Tam_142,Tam,142,2,a,2,train
Tam_d02_142_b_2,,Tam_142,Tam,142,2,b,2,train
Tam_d03_142_a_2,,Tam_142,Tam,142,3,a,2,train
Tam_d03_142_b_2,,Tam_142,Tam,142,3,b,2,train
Tam_d04_142_a_3,,Tam_142,Tam,142,4,a,3,train
Tam_d04_142_b_3,,Tam_142,Tam,142,4,b,3,train
Tam_d05_142_a_3,,Tam_142,Tam,142,5,a,3,train
Tam_d05_142_b_3,,Tam_142,Tam,142,5,b,3,train
Tam_d06_142_a_3,,Tam_142,Tam,142,6,a,3,train
Tam_d06_142_b_3,,Tam_142,Tam,142,6,b,3,train
Tam_d07_142_a_4,,Tam_142,Tam,142,7,a,4,train
Tam_d07_142_b_4,,Tam_142,Tam,142,7,b,4,train
Tam_d08_142_a_4,,Tam_142,Tam,142,8,a,4,train
Tam_d08_142_b_4,,Tam_142,Tam,142,8,b,4,train
Tam_d09_142_a_5,,Tam_142,Tam,142,9,a,5,train
Tam_d09_142_b_5,,Tam_142,Tam,142,9,b,5,train
Tam_d10_142_a_5,,Tam_142,Tam,142,10,a,5,train
Tam_d10_142_b_5,,Tam_142,Tam,142,10,b,5,train
Tam_d11_142_a_5,,Tam_142,Tam,142,11,a,5,train
Tam_d11_142_b_5,,Tam_142,Tam,142,11,b,5,train
Tam_d01_157_a_1,,Tam_157,Tam,157,1,a,1,train
Tam_d01_157_b_1,,Tam_157,Tam,157,1,b,1,train
Tam_d02_157_a_2,,Tam_157,Tam,157,2,a,2,train
Tam_d02_157_b_2,,Tam_157,Tam,157,2,b,2,train
Tam_d03_157_a_2,,Tam_157,Tam,157,3,a,2,train
Tam_d03_157_b_2,,Tam_157,Tam,157,3,b,2,train
Tam_d04_157_a_3,,Tam_157,Tam,157,4,a,3,train
Tam_d04_157_b_3,,Tam_157,Tam,157,4,b,3,train
Tam_d05_157_a_3,,Tam_157,Tam,157,5,a,3,train
Tam_d05_157_b_3,,Tam_157,Tam,157,5,b,3,train
Tam_d06_157_a_4,,Tam_157,Tam,157,6,a,4,train
Tam_d06_157_b_4,,Tam_157,Tam,157,6,b,4,train
Tam_d07_157_a_4,,Tam_157,Tam,157,7,a,4,train
Tam_d07_157_b_4,,Tam_157,Tam,157,7,b,4,train
Tam_d08_157_a_4,,Tam_157,Tam,157,8,a,4,train
Tam_d08_157_b_4,,Tam_157,Tam,157,8,b,4,train
Tam_d09_157_a_5,,Tam_157,Tam,157,9,a,5,train
Tam_d09_157_b_5,,Tam_157,Tam,157,9,b,5,train
Tam_d10_157_a_5,,Tam_157,Tam,157,10,a,5,train
Tam_d10_157_b_5,,Tam_157,Tam,157,10,b,5,train
Tam_d11_157_a_5,,Tam_157,Tam,157,11,a,5,train
Tam_d11_157_b_5,,Tam_157,Tam,157,11,b,5,train
Tam_d01_159_a_1,,Tam_159,Tam,159,1,a,1,train
Tam_d01_159_b_1,,Tam_159,Tam,159,1,b,1,train
Tam_d02_159_a_1,,Tam_159,Tam,159,2,a,1,train
Tam_d02_159_b_1,,Tam_159,Tam,159,2,b,1,train
Tam_d03_159_a_2,,Tam_159,Tam,159,3,a,2,train
Tam_d03_159_b_2,,Tam_159,Tam,159,3,b,2,train
Tam_d04_159_a_2,,Tam_159,Tam,159,4,a,2,train
Tam_d04_159_b_2,,Tam_159,Tam,159,4,b,2,train
Tam_d05_159_a_2,,Tam_159,Tam,159,5,a,2,train
Tam_d05_159_b_2,,Tam_159,Tam,159,5,b,2,train
Tam_d06_159_a_3,,Tam_159,Tam,159,6,a,3,train
Tam_d06_159_b_3,,Tam_159,Tam,159,6,b,3,train
Tam_d07_159_a_4,,Tam_159,Tam,159,7,a,4,train
Tam_d07_159_b_4,,Tam_159,Tam,159,7,b,4,train
Tam_d08_159_a_4,,Tam_159,Tam,159,8,a,4,train
Tam_d08_159_b_4,,Tam_159,Tam,159,8,b,4,train
Tam_d09_159_a_5,,Tam_159,Tam,159,9,a,5,train
Tam_d09_159_b_5,,Tam_159,Tam,159,9,b,5,train
Tam_d10_159_a_5,,Tam_159,Tam,159,10,a,5,train
Tam_d10_159_b_5,,Tam_159,Tam,159,10,b,5,train
Tam_d11_159_a_5,,Tam_159,Tam,159,11,a,5,train
Tam_d11_159_b_5,,Tam_159,Tam,159,11,b,5,train
Tam_d01_160_a_1,,Tam_160,Tam,160,1,a,1,train
Tam_d01_160_b_1,,Tam_160,Tam,160,1,b,1,train
Tam_d02_160_a_2,,Tam_160,Tam,160,2,a,2,train
Tam_d02_160_b_2,,Tam_160,Tam,160,2,b,2,train
Tam_d03_160_a_2,,Tam_160,Tam,160,3,a,2,train
Tam_d03_160_b_2,,Tam_160,Tam,160,3,b,2,train
Tam_d04_160_a_3,,Tam_160,Tam,160,4,a,3,train
Tam_d04_160_b_3,,Tam_160,Tam,160,4,b,3,train
Tam_d05_160_a_3,,Tam_160,Tam,160,5,a,3,train
Tam_d05_160_b_3,,Tam_160,Tam,160,5,b,3,train
Tam_d06_160_a_3,,Tam_160,Tam,160,6,a,3,train
Tam_d06_160_b_3,,Tam_160,Tam,160,6,b,3,train
Tam_d07_160_a_4,,Tam_160,Tam,160,7,a,4,train
Tam_d07_160_b_4,,Tam_160,Tam,160,7,b,4,train
Tam_d08_160_a_4,,Tam_160,Tam,160,8,a,4,train
Tam_d08_160_b_4,,Tam_160,Tam,160,8,b,4,train
Tam_d09_160_a_5,,Tam_160,Tam,160,9,a,5,train
Tam_d09_160_b_5,,Tam_160,Tam,160,9,b,5,train
Tam_d10_160_a_5,,Tam_160,Tam,160,10,a,5,train
Tam_d10_160_b_5,,Tam_160,Tam,160,10,b,5,train
Tam_d11_160_a_5,,Tam_160,Tam,160,11,a,5,train
Tam_d11_160_b_5,,Tam_160,Tam,160,11,b,5,train
Tam_d01_164_a_1,,Tam_164,Tam,164,1,a,1,train
Tam_d01_164_b_1,,Tam_164,Tam,164,1,b,1,train
Tam_d02_164_a_1,,Tam_164,Tam,164,2,a,1,train
Tam_d02_164_b_1,,Tam_164,Tam,164,2,b,1,train
Tam_d03_164_a_2,,Tam_164,Tam,164,3,a,2,train
Tam_d03_164_b_2,,Tam_164,Tam,164,3,b,2,train
Tam_d04_164_a_2,,Tam_164,Tam,164,4,a,2,train
Tam_d04_164_b_2,,Tam_164,Tam,164,4,b,2,train
Tam_d05_164_a_3,,Tam_164,Tam,164,5,a,3,train
Tam_d05_164_b_3,,Tam_164,Tam,164,5,b,3,train
Tam_d06_164_a_3,,Tam_164,Tam,164,6,a,3,train
Tam_d06_164_b_3,,Tam_164,Tam,164,6,b,3,train
Tam_d07_164_a_4,,Tam_164,Tam,164,7,a,4,train
Tam_d07_164_b_4,,Tam_164,Tam,164,7,b,4,train
Tam_d08_164_a_4,,Tam_164,Tam,164,8,a,4,train
Tam_d08_164_b_4,,Tam_164,Tam,164,8,b,4,train
Tam_d09_164_a_5,,Tam_164,Tam,164,9,a,5,train
Tam_d09_164_b_5,,Tam_164,Tam,164,9,b,5,train
Tam_d10_164_a_5,,Tam_164,Tam,164,10,a,5,train
Tam_d10_164_b_5,,Tam_164,Tam,164,10,b,5,train
Tam_d11_164_a_5,,Tam_164,Tam,164,11,a,5,train
Tam_d11_164_b_5,,Tam_164,Tam,164,11,b,5,train
Tam_d01_169_a_1,,Tam_169,Tam,169,1,a,1,train
Tam_d01_169_b_1,,Tam_169,Tam,169,1,b,1,train
Tam_d02_169_a_1,,Tam_169,Tam,169,2,a,1,train
Tam_d02_169_b_1,,Tam_169,Tam,169,2,b,1,train
Tam_d03_169_a_1,,Tam_169,Tam,169,3,a,1,train
Tam_d03_169_b_1,,Tam_169,Tam,169,3,b,1,train
Tam_d04_169_a_2,,Tam_169,Tam,169,4,a,2,train
Tam_d04_169_b_2,,Tam_169,Tam,169,4,b,2,train
Tam_d05_169_a_2,,Tam_169,Tam,169,5,a,2,train
Tam_d05_169_b_2,,Tam_169,Tam,169,5,b,2,train
Tam_d06_169_a_3,,Tam_169,Tam,169,6,a,3,train
Tam_d06_169_b_3,,Tam_169,Tam,169,6,b,3,train
Tam_d07_169_a_4,,Tam_169,Tam,169,7,a,4,train
Tam_d07_169_b_4,,Tam_169,Tam,169,7,b,4,train
Tam_d08_169_a_4,,Tam_169,Tam,169,8,a,4,train
Tam_d08_169_b_4,,Tam_169,Tam,169,8,b,4,train
Tam_d09_169_a_4,,Tam_169,Tam,169,9,a,4,train
Tam_d09_169_b_4,,Tam_169,Tam,169,9,b,4,train
Tam_d10_169_a_5,,Tam_169,Tam,169,10,a,5,train
Tam_d10_169_b_5,,Tam_169,Tam,169,10,b,5,train
Tam_d11_169_a_5,,Tam_169,Tam,169,11,a,5,train
Tam_d11_169_b_5,,Tam_169,Tam,169,11,b,5,train
Tam_d01_173_a_1,,Tam_173,Tam,173,1,a,1,train
Tam_d01_173_b_1,,Tam_173,Tam,173,1,b,1,train
Tam_d02_173_a_1,,Tam_173,Tam,173,2,a,1,train
Tam_d02_173_b_1,,Tam_173,Tam,173,2,b,1,train
Tam_d03_173_a_2,,Tam_173,Tam,173,3,a,2,train
Tam_d03_173_b_2,,Tam_173,Tam,173,3,b,2,train
Tam_d04_173_a_2,,Tam_173,Tam,173,4,a,2,train
Tam_d04_173_b_2,,Tam_173,Tam,173,4,b,2,train
Tam_d05_173_a_2,,Tam_173,Tam,173,5,a,2,train
Tam_d05_173_b_2,,Tam_173,Tam,173,5,b,2,train
Tam_d06_173_a_3,,Tam_173,Tam,173,6,a,3,train
Tam_d06_173_b_3,,Tam_173,Tam,173,6,b,3,train
Tam_d07_173_a_3,,Tam_173,Tam,173,7,a,3,train
Tam_d07_173_b_3,,Tam_173,Tam,173,7,b,3,train
Tam_d08_173_a_4,,Tam_173,Tam,173,8,a,4,train
Tam_d08_173_b_4,,Tam_173,Tam,173,8,b,4,train
Tam_d09_173_a_5,,Tam_173,Tam,173,9,a,5,train
Tam_d09_173_b_5,,Tam_173,Tam,173,9,b,5,train
Tam_d10_173_a_5,,Tam_173,Tam,173,10,a,5,train
Tam_d10_173_b_5,,Tam_173,Tam,173,10,b,5,train
Tam_d11_173_a_5,,Tam_173,Tam,173,11,a,5,train
Tam_d11_173_b_5,,Tam_173,Tam,173,11,b,5,train
Tam_d01_175_a_1,,Tam_175,Tam,175,1,a,1,train
Tam_d01_175_b_1,,Tam_175,Tam,175,1,b,1,train
Tam_d02_175_a_1,,Tam_175,Tam,175,2,a,1,train
Tam_d02_175_b_1,,Tam_175,Tam,175,2,b,1,train
Tam_d03_175_a_2,,Tam_175,Tam,175,3,a,2,train
Tam_d03_175_b_2,,Tam_175,Tam,175,3,b,2,train
Tam_d04_175_a_2,,Tam_175,Tam,175,4,a,2,train
Tam_d04_175_b_2,,Tam_175,Tam,175,4,b,2,train
Tam_d05_175_a_3,,Tam_175,Tam,175,5,a,3,train
Tam_d05_175_b_3,,Tam_175,Tam,175,5,b,3,train
Tam_d06_175_a_3,,Tam_175,Tam,175,6,a,3,train
Tam_d06_175_b_3,,Tam_175,Tam,175,6,b,3,train
Tam_d07_175_a_4,,Tam_175,Tam,175,7,a,4,train
Tam_d07_175_b_4,,Tam_175,Tam,175,7,b,4,train
Tam_d08_175_a_4,,Tam_175,Tam,175,8,a,4,train
Tam_d08_175_b_4,,Tam_175,Tam,175,8,b,4,train
Tam_d09_175_a_4,,Tam_175,Tam,175,9,a,4,train
Tam_d09_175_b_4,,Tam_175,Tam,175,9,b,4,train
Tam_d10_175_a_5,,Tam_175,Tam,175,10,a,5,train
Tam_d10_175_b_5,,Tam_175,Tam,175,10,b,5,train
Tam_d11_175_a_5,,Tam_175,Tam,175,11,a,5,train
Tam_d11_175_b_5,,Tam_175,Tam,175,11,b,5,train
Tam_d01_179_a_1,,Tam_179,Tam,179,1,a,1,train
Tam_d01_179_b_1,,Tam_179,Tam,179,1,b,1,train
Tam_d02_179_a_2,,Tam_179,Tam,179,2,a,2,train
Tam_d02_179_b_2,,Tam_179,Tam,179,2,b,2,train
Tam_d03_179_a_2,,Tam_179,Tam,179,3,a,2,train
Tam_d03_179_b_2,,Tam_179,Tam,179,3,b,2,train
Tam_d04_179_a_3,,Tam_179,Tam,179,4,a,3,train
Tam_d04_179_b_3,,Tam_179,Tam,179,4,b,3,train
Tam_d05_179_a_4,,Tam_179,Tam,179,5,a,4,train
Tam_d05_179_b_4,,Tam_179,Tam,179,5,b,4,train
Tam_d06_179_a_5,,Tam_179,Tam,179,6,a,5,train
Tam_d06_179_b_5,,Tam_179,Tam,179,6,b,5,train
Tam_d07_179_a_5,,Tam_179,Tam,179,7,a,5,train
Tam_d07_179_b_5,,Tam_179,Tam,179,7,b,5,train
Tam_d08_179_a_5,,Tam_179,Tam,179,8,a,5,train
Tam_d08_179_b_5,,Tam_179,Tam,179,8,b,5,train
Tam_d09_179_a_5,,Tam_179,Tam,179,9,a,5,train
Tam_d09_179_b_5,,Tam_179,Tam,179,9,b,5,train
Tam_d10_179_a_5,,Tam_179,Tam,179,10,a,5,train
Tam_d10_179_b_5,,Tam_179,Tam,179,10,b,5,train
Tam_d11_179_a_5,,Tam_179,Tam,179,11,a,5,train
Tam_d11_179_b_5,,Tam_179,Tam,179,11,b,5,train
Tam_d01_184_a_1,,Tam_184,Tam,184,1,a,1,train
Tam_d01_184_b_1,,Tam_184,Tam,184,1,b,1,train
Tam_d02_184_a_1,,Tam_184,Tam,184,2,a,1,train
Tam_d02_184_b_1,,Tam_184,Tam,184,2,b,1,train
Tam_d03_184_a_1,,Tam_184,Tam,184,3,a,1,train
Tam_d03_184_b_1,,Tam_184,Tam,184,3,b,1,train
Tam_d04_184_a_2,,Tam_184,Tam,184,4,a,2,train
Tam_d04_184_b_2,,Tam_184,Tam,184,4,b,2,train
Tam_d05_184_a_2,,Tam_184,Tam,184,5,a,2,train
Tam_d05_184_b_2,,Tam_184,Tam,184,5,b,2,train
Tam_d06_184_a_2,,Tam_184,Tam,184,6,a,2,train
Tam_d06_184_b_2,,Tam_184,Tam,184,6,b,2,train
Tam_d07_184_a_4,,Tam_184,Tam,184,7,a,4,train
Tam_d07_184_b_4,,Tam_184,Tam,184,7,b,4,train
Tam_d08_184_a_4,,Tam_184,Tam,184,8,a,4,train
Tam_d08_184_b_4,,Tam_184,Tam,184,8,b,4,train
Tam_d09_184_a_5,,Tam_184,Tam,184,9,a,5,train
Tam_d09_184_b_5,,Tam_184,Tam,184,9,b,5,train
Tam_d10_184_a_5,,Tam_184,Tam,184,10,a,5,train
Tam_d10_184_b_5,,Tam_184,Tam,184,10,b,5,train
Tam_d11_184_a_5,,Tam_184,Tam,184,11,a,5,train
Tam_d11_184_b_5,,Tam_184,Tam,184,11,b,5,train
Tam_d01_189_a_1,,Tam_189,Tam,189,1,a,1,train
Tam_d01_189_b_1,,Tam_189,Tam,189,1,b,1,train
Tam_d02_189_a_2,,Tam_189,Tam,189,2,a,2,train
Tam_d02_189_b_2,,Tam_189,Tam,189,2,b,2,train
Tam_d03_189_a_2,,Tam_189,Tam,189,3,a,2,train
Tam_d03_189_b_2,,Tam_189,Tam,189,3,b,2,train
Tam_d04_189_a_3,,Tam_189,Tam,189,4,a,3,train
Tam_d04_189_b_3,,Tam_189,Tam,189,4,b,3,train
Tam_d05_189_a_3,,Tam_189,Tam,189,5,a,3,train
Tam_d05_189_b_3,,Tam_189,Tam,189,5,b,3,train
Tam_d06_189_a_3,,Tam_189,Tam,189,6,a,3,train
Tam_d06_189_b_3,,Tam_189,Tam,189,6,b,3,train
Tam_d07_189_a_4,,Tam_189,Tam,189,7,a,4,train
Tam_d07_189_b_4,,Tam_189,Tam,189,7,b,4,train
Tam_d08_189_a_5,,Tam_189,Tam,189,8,a,5,train
Tam_d08_189_b_5,,Tam_189,Tam,189,8,b,5,train
Tam_d09_189_a_5,,Tam_189,Tam,189,9,a,5,train
Tam_d09_189_b_5,,Tam_189,Tam,189,9,b,5,train
Tam_d10_189_a_5,,Tam_189,Tam,189,10,a,5,train
Tam_d10_189_b_5,,Tam_189,Tam,189,10,b,5,train
Tam_d11_189_a_5,,Tam_189,Tam,189,11,a,5,train
Tam_d11_189_b_5,,Tam_189,Tam,189,11,b,5,train
Tam_d01_191_a_1,,Tam_191,Tam,191,1,a,1,train
Tam_d01_191_b_1,,Tam_191,Tam,191,1,b,1,train
Tam_d02_191_a_2,,Tam_191,Tam,191,2,a,2,train
Tam_d02_191_b_2,,Tam_191,Tam,191,2,b,2,train
Tam_d03_191_a_2,,Tam_191,Tam,191,3,a,2,train
Tam_d03_191_b_2,,Tam_191,Tam,191,3,b,2,train
Tam_d04_191_a_3,,Tam_191,Tam,191,4,a,3,train
Tam_d04_191_b_3,,Tam_191,Tam,191,4,b,3,train
Tam_d05_191_a_4,,Tam_191,Tam,191,5,a,4,train
Tam_d05_191_b_4,,Tam_191,Tam,191,5,b,4,train
Tam_d06_191_a_4,,Tam_191,Tam,191,6,a,4,train
Tam_d06_191_b_4,,Tam_191,Tam,191,6,b,4,train
Tam_d07_191_a_4,,Tam_191,Tam,191,7,a,4,train
Tam_d07_191_b_4,,Tam_191,Tam,191,7,b,4,train
Tam_d08_191_a_4,,Tam_191,Tam,191,8,a,4,train
Tam_d08_191_b_4,,Tam_191,Tam,191,8,b,4,train
Tam_d09_191_a_4,,Tam_191,Tam,191,9,a,4,train
Tam_d09_191_b_4,,Tam_191,Tam,191,9,b,4,train
Tam_d10_191_a_5,,Tam_191,Tam,191,10,a,5,train
Tam_d10_191_b_5,,Tam_191,Tam,191,10,b,5,train
Tam_d11_191_a_5,,Tam_191,Tam,191,11,a,5,train
Tam_d11_191_b_5,,Tam_191,Tam,191,11,b,5,train
Tam_d01_197_a_1,,Tam_197,Tam,197,1,a,1,train
Tam_d01_197_b_1,,Tam_197,Tam,197,1,b,1,train
Tam_d02_197_a_1,,Tam_197,Tam,197,2,a,1,train
Tam_d02_197_b_1,,Tam_197,Tam,197,2,b,1,train
Tam_d03_197_a_2,,Tam_197,Tam,197,3,a,2,train
Tam_d03_197_b_2,,Tam_197,Tam,197,3,b,2,train
Tam_d04_197_a_2,,Tam_197,Tam,197,4,a,2,train
Tam_d04_197_b_2,,Tam_197,Tam,197,4,b,2,train
Tam_d05_197_a_3,,Tam_197,Tam,197,5,a,3,train
Tam_d05_197_b_3,,Tam_197,Tam,197,5,b,3,train
Tam_d06_197_a_3,,Tam_197,Tam,197,6,a,3,train
Tam_d06_197_b_3,,Tam_197,Tam,197,6,b,3,train
Tam_d07_197_a_4,,Tam_197,Tam,197,7,a,4,train
Tam_d07_197_b_4,,Tam_197,Tam,197,7,b,4,train
Tam_d08_197_a_4,,Tam_197,Tam,197,8,a,4,train
Tam_d08_197_b_4,,Tam_197,Tam,197,8,b,4,train
Tam_d09_197_a_5,,Tam_197,Tam,197,9,a,5,train
Tam_d09_197_b_5,,Tam_197,Tam,197,9,b,5,train
Tam_d10_197_a_5,,Tam_197,Tam,197,10,a,5,train
Tam_d10_197_b_5,,Tam_197,Tam,197,10,b,5,train
Tam_d11_197_a_5,,Tam_197,Tam,197,11,a,5,train
Tam_d11_197_b_5,,Tam_197,Tam,197,11,b,5,train
Tam_d01_198_a_1,,Tam_198,Tam,198,1,a,1,train
Tam_d01_198_b_1,,Tam_198,Tam,198,1,b,1,train
Tam_d02_198_a_2,,Tam_198,Tam,198,2,a,2,train
Tam_d02_198_b_2,,Tam_198,Tam,198,2,b,2,train
Tam_d03_198_a_2,,Tam_198,Tam,198,3,a,2,train
Tam_d03_198_b_2,,Tam_198,Tam,198,3,b,2,train
Tam_d04_198_a_3,,Tam_198,Tam,198,4,a,3,train
Tam_d04_198_b_3,,Tam_198,Tam,198,4,b,3,train
Tam_d05_198_a_3,,Tam_198,Tam,198,5,a,3,train
Tam_d05_198_b_3,,Tam_198,Tam,198,5,b,3,train
Tam_d06_198_a_3,,Tam_198,Tam,198,6,a,3,train
Tam_d06_198_b_3,,Tam_198,Tam,198,6,b,3,train
Tam_d07_198_a_3,,Tam_198,Tam,198,7,a,3,train
Tam_d07_198_b_3,,Tam_198,Tam,198,7,b,3,train
Tam_d08_198_a_4,,Tam_198,Tam,198,8,a,4,train
Tam_d08_198_b_4,,Tam_198,Tam,198,8,b,4,train
Tam_d09_198_a_4,,Tam_198,Tam,198,9,a,4,train
Tam_d09_198_b_4,,Tam_198,Tam,198,9,b,4,train
Tam_d10_198_a_5,,Tam_198,Tam,198,10,a,5,train
Tam_d10_198_b_5,,Tam_198,Tam,198,10,b,5,train
Tam_d11_198_a_5,,Tam_198,Tam,198,11,a,5,train
Tam_d11_198_b_5,,Tam_198,Tam,198,11,b,5,train
Tam_d01_201_a_1,,Tam_201,Tam,201,1,a,1,train
Tam_d01_201_b_1,,Tam_201,Tam,201,1,b,1,train
Tam_d02_201_a_1,,Tam_201,Tam,201,2,a,1,train
Tam_d02_201_b_1,,Tam_201,Tam,201,2,b,1,train
Tam_d03_201_a_2,,Tam_201,Tam,201,3,a,2,train
Tam_d03_201_b_2,,Tam_201,Tam,201,3,b,2,train
Tam_d04_201_a_2,,Tam_201,Tam,201,4,a,2,train
Tam_d04_201_b_2,,Tam_201,Tam,201,4,b,2,train
Tam_d05_201_a_3,,Tam_201,Tam,201,5,a,3,train
Tam_d05_201_b_3,,Tam_201,Tam,201,5,b,3,train
Tam_d06_201_a_3,,Tam_201,Tam,201,6,a,3,train
Tam_d06_201_b_3,,Tam_201,Tam,201,6,b,3,train
Tam_d07_201_a_4,,Tam_201,Tam,201,7,a,4,train
Tam_d07_201_b_4,,Tam_201,Tam,201,7,b,4,train
Tam_d08_201_a_4,,Tam_201,Tam,201,8,a,4,train
Tam_d08_201_b_4,,Tam_201,Tam,201,8,b,4,train
Tam_d09_201_a_5,,Tam_201,Tam,201,9,a,5,train
Tam_d09_201_b_5,,Tam_201,Tam,201,9,b,5,train
Tam_d10_201_a_5,,Tam_201,Tam,201,10,a,5,train
Tam_d10_201_b_5,,Tam_201,Tam,201,10,b,5,train
Tam_d11_201_a_5,,Tam_201,Tam,201,11,a,5,train
Tam_d11_201_b_5,,Tam_201,Tam,201,11,b,5,train
Tam_d01_203_a_1,,Tam_203,Tam,203,1,a,1,train
Tam_d01_203_b_1,,Tam_203,Tam,203,1,b,1,train
Tam_d02_203_a_1,,Tam_203,Tam,203,2,a,1,train
Tam_d02_203_b_1,,Tam_203,Tam,203,2,b,1,train
Tam_d03_203_a_2,,Tam_203,Tam,203,3,a,2,train
Tam_d03_203_b_2,,Tam_203,Tam,203,3,b,2,train
Tam_d04_203_a_2,,Tam_203,Tam,203,4,a,2,train
Tam_d04_203_b_2,,Tam_203,Tam,203,4,b,2,train
Tam_d05_203_a_2,,Tam_203,Tam,203,5,a,2,train
Tam_d05_203_b_2,,Tam_203,Tam,203,5,b,2,train
Tam_d06_203_a_3,,Tam_203,Tam,203,6,a,3,train
Tam_d06_203_b_3,,Tam_203,Tam,203,6,b,3,train
Tam_d07_203_a_3,,Tam_203,Tam,203,7,a,3,train
Tam_d07_203_b_3,,Tam_203,Tam,203,7,b,3,train
Tam_d08_203_a_4,,Tam_203,Tam,203,8,a,4,train
Tam_d08_203_b_4,,Tam_203,Tam,203,8,b,4,train
Tam_d09_203_a_4,,Tam_203,Tam,203,9,a,4,train
Tam_d09_203_b_4,,Tam_203,Tam,203,9,b,4,train
Tam_d10_203_a_5,,Tam_203,Tam,203,10,a,5,train
Tam_d10_203_b_5,,Tam_203,Tam,203,10,b,5,train
Tam_d11_203_a_5,,Tam_203,Tam,203,11,a,5,train
Tam_d11_203_b_5,,Tam_203,Tam,203,11,b,5,train
Tam_d01_205_a_1,,Tam_205,Tam,205,1,a,1,train
Tam_d01_205_b_1,,Tam_205,Tam,205,1,b,1,train
Tam_d02_205_a_1,,Tam_205,Tam,205,2,a,1,train
Tam_d02_205_b_1,,Tam_205,Tam,205,2,b,1,train
Tam_d03_205_a_1,,Tam_205,Tam,205,3,a,1,train
Tam_d03_205_b_1,,Tam_205,Tam,205,3,b,1,train
Tam_d04_205_a_2,,Tam_205,Tam,205,4,a,2,train
Tam_d04_205_b_2,,Tam_205,Tam,205,4,b,2,train
Tam_d05_205_a_2,,Tam_205,Tam,205,5,a,2,train
Tam_d05_205_b_2,,Tam_205,Tam,205,5,b,2,train
Tam_d06_205_a_3,,Tam_205,Tam,205,6,a,3,train
Tam_d06_205_b_3,,Tam_205,Tam,205,6,b,3,train
Tam_d07_205_a_4,,Tam_205,Tam,205,7,a,4,train
Tam_d07_205_b_4,,Tam_205,Tam,205,7,b,4,train
Tam_d08_205_a_4,,Tam_205,Tam,205,8,a,4,train
Tam_d08_205_b_4,,Tam_205,Tam,205,8,b,4,train
Tam_d09_205_a_5,,Tam_205,Tam,205,9,a,5,train
Tam_d09_205_b_5,,Tam_205,Tam,205,9,b,5,train
Tam_d10_205_a_5,,Tam_205,Tam,205,10,a,5,train
Tam_d10_205_b_5,,Tam_205,Tam,205,10,b,5,train
Tam_d11_205_a_5,,Tam_205,Tam,205,11,a,5,train
Tam_d11_205_b_5,,Tam_205,Tam,205,11,b,5,train
Tam_d01_207_a_1,,Tam_207,Tam,207,1,a,1,train
Tam_d01_207_b_1,,Tam_207,Tam,207,1,b,1,train
Tam_d01_209_a_1,,Tam_209,Tam,209,1,a,1,train
Tam_d01_209_b_1,,Tam_209,Tam,209,1,b,1,train
Tam_d02_209_a_1,,Tam_209,Tam,209,2,a,1,train
Tam_d02_209_b_1,,Tam_209,Tam,209,2,b,1,train
Tam_d03_209_a_1,,Tam_209,Tam,209,3,a,1,train
Tam_d03_209_b_1,,Tam_209,Tam,209,3,b,1,train
Tam_d04_209_a_2,,Tam_209,Tam,209,4,a,2,train
Tam_d04_209_b_2,,Tam_209,Tam,209,4,b,2,train
Tam_d05_209_a_2,,Tam_209,Tam,209,5,a,2,train
Tam_d05_209_b_2,,Tam_209,Tam,209,5,b,2,train
Tam_d06_209_a_3,,Tam_209,Tam,209,6,a,3,train
Tam_d06_209_b_3,,Tam_209,Tam,209,6,b,3,train
Tam_d07_209_a_3,,Tam_209,Tam,209,7,a,3,train
Tam_d07_209_b_3,,Tam_209,Tam,209,7,b,3,train
Tam_d08_209_a_3,,Tam_209,Tam,209,8,a,3,train
Tam_d08_209_b_3,,Tam_209,Tam,209,8,b,3,train
Tam_d09_209_a_4,,Tam_209,Tam,209,9,a,4,train
Tam_d09_209_b_4,,Tam_209,Tam,209,9,b,4,train
Tam_d10_209_a_5,,Tam_209,Tam,209,10,a,5,train
Tam_d10_209_b_5,,Tam_209,Tam,209,10,b,5,train
Tam_d11_209_a_5,,Tam_209,Tam,209,11,a,5,train
Tam_d11_209_b_5,,Tam_209,Tam,209,11,b,5,train
Tam_d01_216_a_1,,Tam_216,Tam,216,1,a,1,train
Tam_d01_216_b_1,,Tam_216,Tam,216,1,b,1,train
Tam_d02_216_a_2,,Tam_216,Tam,216,2,a,2,train
Tam_d02_216_b_2,,Tam_216,Tam,216,2,b,2,train
Tam_d03_216_a_3,,Tam_216,Tam,216,3,a,3,train
Tam_d03_216_b_3,,Tam_216,Tam,216,3,b,3,train
Tam_d01_218_a_1,,Tam_218,Tam,218,1,a,1,train
Tam_d01_218_b_1,,Tam_218,Tam,218,1,b,1,train
Tam_d02_218_a_2,,Tam_218,Tam,218,2,a,2,train
Tam_d02_218_b_2,,Tam_218,Tam,218,2,b,2,train
Tam_d03_218_a_2,,Tam_218,Tam,218,3,a,2,train
Tam_d03_218_b_2,,Tam_218,Tam,218,3,b,2,train
Tam_d04_218_a_3,,Tam_218,Tam,218,4,a,3,train
Tam_d04_218_b_3,,Tam_218,Tam,218,4,b,3,train
Tam_d05_218_a_3,,Tam_218,Tam,218,5,a,3,train
Tam_d05_218_b_3,,Tam_218,Tam,218,5,b,3,train
Tam_d06_218_a_4,,Tam_218,Tam,218,6,a,4,train
Tam_d06_218_b_4,,Tam_218,Tam,218,6,b,4,train
Tam_d07_218_a_4,,Tam_218,Tam,218,7,a,4,train
Tam_d07_218_b_4,,Tam_218,Tam,218,7,b,4,train
Tam_d08_218_a_4,,Tam_218,Tam,218,8,a,4,train
Tam_d08_218_b_4,,Tam_218,Tam,218,8,b,4,train
Tam_d09_218_a_4,,Tam_218,Tam,218,9,a,4,train
Tam_d09_218_b_4,,Tam_218,Tam,218,9,b,4,train
Tam_d10_218_a_5,,Tam_218,Tam,218,10,a,5,train
Tam_d10_218_b_5,,Tam_218,Tam,218,10,b,5,train
Tam_d11_218_a_5,,Tam_218,Tam,218,11,a,5,train
Tam_d11_218_b_5,,Tam_218,Tam,218,11,b,5,train
Tam_d01_230_a_1,,Tam_230,Tam,230,1,a,1,train
Tam_d01_230_b_1,,Tam_230,Tam,230,1,b,1,train
Tam_d02_230_a_1,,Tam_230,Tam,230,2,a,1,train
Tam_d02_230_b_1,,Tam_230,Tam,230,2,b,1,train
Tam_d03_230_a_1,,Tam_230,Tam,230,3,a,1,train
Tam_d03_230_b_1,,Tam_230,Tam,230,3,b,1,train
Tam_d04_230_a_1,,Tam_230,Tam,230,4,a,1,train
Tam_d04_230_b_1,,Tam_230,Tam,230,4,b,1,train
Tam_d05_230_a_2,,Tam_230,Tam,230,5,a,2,train
Tam_d05_230_b_2,,Tam_230,Tam,230,5,b,2,train
Tam_d06_230_a_2,,Tam_230,Tam,230,6,a,2,train
Tam_d06_230_b_2,,Tam_230,Tam,230,6,b,2,train
Tam_d07_230_a_3,,Tam_230,Tam,230,7,a,3,train
Tam_d07_230_b_3,,Tam_230,Tam,230,7,b,3,train
Tam_d08_230_a_4,,Tam_230,Tam,230,8,a,4,train
Tam_d08_230_b_4,,Tam_230,Tam,230,8,b,4,train
Tam_d09_230_a_4,,Tam_230,Tam,230,9,a,4,train
Tam_d09_230_b_4,,Tam_230,Tam,230,9,b,4,train
Tam_d10_230_a_5,,Tam_230,Tam,230,10,a,5,train
Tam_d10_230_b_5,,Tam_230,Tam,230,10,b,5,train
Tam_d11_230_a_5,,Tam_230,Tam,230,11,a,5,train
Tam_d11_230_b_5,,Tam_230,Tam,230,11,b,5,train
Tam_d01_231_a_1,,Tam_231,Tam,231,1,a,1,train
Tam_d01_231_b_1,,Tam_231,Tam,231,1,b,1,train
Tam_d02_231_a_2,,Tam_231,Tam,231,2,a,2,train
Tam_d02_231_b_2,,Tam_231,Tam,231,2,b,2,train
Tam_d03_231_a_2,,Tam_231,Tam,231,3,a,2,train
Tam_d03_231_b_2,,Tam_231,Tam,231,3,b,2,train
Tam_d04_231_a_3,,Tam_231,Tam,231,4,a,3,train
Tam_d04_231_b_3,,Tam_231,Tam,231,4,b,3,train
Tam_d05_231_a_3,,Tam_231,Tam,231,5,a,3,train
Tam_d05_231_b_3,,Tam_231,Tam,231,5,b,3,train
Tam_d06_231_a_3,,Tam_231,Tam,231,6,a,3,train
Tam_d06_231_b_3,,Tam_231,Tam,231,6,b,3,train
Tam_d07_231_a_4,,Tam_231,Tam,231,7,a,4,train
Tam_d07_231_b_4,,Tam_231,Tam,231,7,b,4,train
Tam_d08_231_a_5,,Tam_231,Tam,231,8,a,5,train
Tam_d08_231_b_5,,Tam_231,Tam,231,8,b,5,train
Tam_d09_231_a_5,,Tam_231,Tam,231,9,a,5,train
Tam_d09_231_b_5,,Tam_231,Tam,231,9,b,5,train
Tam_d10_231_a_5,,Tam_231,Tam,231,10,a,5,train
Tam_d10_231_b_5,,Tam_231,Tam,231,10,b,5,train
Tam_d11_231_a_5,,Tam_231,Tam,231,11,a,5,train
Tam_d11_231_b_5,,Tam_231,Tam,231,11,b,5,train
Tam_d01_238_a_1,,Tam_238,Tam,238,1,a,1,train
Tam_d01_238_b_1,,Tam_238,Tam,238,1,b,1,train
Tam_d02_238_a_2,,Tam_238,Tam,238,2,a,2,train
Tam_d02_238_b_2,,Tam_238,Tam,238,2,b,2,train
Tam_d03_238_a_2,,Tam_238,Tam,238,3,a,2,train
Tam_d03_238_b_2,,Tam_238,Tam,238,3,b,2,train
Tam_d04_238_a_3,,Tam_238,Tam,238,4,a,3,train
Tam_d04_238_b_3,,Tam_238,Tam,238,4,b,3,train
Tam_d05_238_a_3,,Tam_238,Tam,238,5,a,3,train
Tam_d05_238_b_3,,Tam_238,Tam,238,5,b,3,train
Tam_d06_238_a_3,,Tam_238,Tam,238,6,a,3,train
Tam_d06_238_b_3,,Tam_238,Tam,238,6,b,3,train
Tam_d07_238_a_4,,Tam_238,Tam,238,7,a,4,train
Tam_d07_238_b_4,,Tam_238,Tam,238,7,b,4,train
Tam_d08_238_a_4,,Tam_238,Tam,238,8,a,4,train
Tam_d08_238_b_4,,Tam_238,Tam,238,8,b,4,train
Tam_d09_238_a_5,,Tam_238,Tam,238,9,a,5,train
Tam_d09_238_b_5,,Tam_238,Tam,238,9,b,5,train
Tam_d10_238_a_5,,Tam_238,Tam,238,10,a,5,train
Tam_d10_238_b_5,,Tam_238,Tam,238,10,b,5,train
Tam_d11_238_a_5,,Tam_238,Tam,238,11,a,5,train
Tam_d11_238_b_5,,Tam_238,Tam,238,11,b,5,train
Tam_d01_241_a_1,,Tam_241,Tam,241,1,a,1,train
Tam_d01_241_b_1,,Tam_241,Tam,241,1,b,1,train
Tam_d02_241_a_1,,Tam_241,Tam,241,2,a,1,train
Tam_d02_241_b_1,,Tam_241,Tam,241,2,b,1,train
Tam_d03_241_a_2,,Tam_241,Tam,241,3,a,2,train
Tam_d03_241_b_2,,Tam_241,Tam,241,3,b,2,train
Tam_d04_241_a_2,,Tam_241,Tam,241,4,a,2,train
Tam_d04_241_b_2,,Tam_241,Tam,241,4,b,2,train
Tam_d05_241_a_3,,Tam_241,Tam,241,5,a,3,train
Tam_d05_241_b_3,,Tam_241,Tam,241,5,b,3,train
Tam_d06_241_a_3,,Tam_241,Tam,241,6,a,3,train
Tam_d06_241_b_3,,Tam_241,Tam,241,6,b,3,train
Tam_d07_241_a_4,,Tam_241,Tam,241,7,a,4,train
Tam_d07_241_b_4,,Tam_241,Tam,241,7,b,4,train
Tam_d08_241_a_4,,Tam_241,Tam,241,8,a,4,train
Tam_d08_241_b_4,,Tam_241,Tam,241,8,b,4,train
Tam_d09_241_a_4,,Tam_241,Tam,241,9,a,4,train
Tam_d09_241_b_4,,Tam_241,Tam,241,9,b,4,train
Tam_d10_241_a_5,,Tam_241,Tam,241,10,a,5,train
Tam_d10_241_b_5,,Tam_241,Tam,241,10,b,5,train
Tam_d11_241_a_5,,Tam_241,Tam,241,11,a,5,train
Tam_d11_241_b_5,,Tam_241,Tam,241,11,b,5,train
Tam_d01_242_a_1,,Tam_242,Tam,242,1,a,1,train
Tam_d01_242_b_1,,Tam_242,Tam,242,1,b,1,train
Tam_d02_242_a_2,,Tam_242,Tam,242,2,a,2,train
Tam_d02_242_b_2,,Tam_242,Tam,242,2,b,2,train
Tam_d03_242_a_2,,Tam_242,Tam,242,3,a,2,train
Tam_d03_242_b_2,,Tam_242,Tam,242,3,b,2,train
Tam_d04_242_a_3,,Tam_242,Tam,242,4,a,3,train
Tam_d04_242_b_3,,Tam_242,Tam,242,4,b,3,train
Tam_d05_242_a_3,,Tam_242,Tam,242,5,a,3,train
Tam_d05_242_b_3,,Tam_242,Tam,242,5,b,3,train
Tam_d06_242_a_3,,Tam_242,Tam,242,6,a,3,train
Tam_d06_242_b_3,,Tam_242,Tam,242,6,b,3,train
Tam_d07_242_a_4,,Tam_242,Tam,242,7,a,4,train
Tam_d07_242_b_4,,Tam_242,Tam,242,7,b,4,train
Tam_d08_242_a_4,,Tam_242,Tam,242,8,a,4,train
Tam_d08_242_b_4,,Tam_242,Tam,242,8,b,4,train
Tam_d09_242_a_4,,Tam_242,Tam,242,9,a,4,train
Tam_d09_242_b_4,,Tam_242,Tam,242,9,b,4,train
Tam_d10_242_a_5,,Tam_242,Tam,242,10,a,5,train
Tam_d10_242_b_5,,Tam_242,Tam,242,10,b,5,train
Tam_d11_242_a_5,,Tam_242,Tam,242,11,a,5,train
Tam_d11_242_b_5,,Tam_242,Tam,242,11,b,5,train
Tam_d01_246_a_1,,Tam_246,Tam,246,1,a,1,train
Tam_d01_246_b_1,,Tam_246,Tam,246,1,b,1,train
Tam_d02_246_a_2,,Tam_246,Tam,246,2,a,2,train
Tam_d02_246_b_2,,Tam_246,Tam,246,2,b,2,train
Tam_d03_246_a_2,,Tam_246,Tam,246,3,a,2,train
Tam_d03_246_b_2,,Tam_246,Tam,246,3,b,2,train
Tam_d04_246_a_3,,Tam_246,Tam,246,4,a,3,train
Tam_d04_246_b_3,,Tam_246,Tam,246,4,b,3,train
Tam_d05_246_a_4,,Tam_246,Tam,246,5,a,4,train
Tam_d05_246_b_4,,Tam_246,Tam,246,5,b,4,train
Tam_d06_246_a_4,,Tam_246,Tam,246,6,a,4,train
Tam_d06_246_b_4,,Tam_246,Tam,246,6,b,4,train
Tam_d07_246_a_4,,Tam_246,Tam,246,7,a,4,train
Tam_d07_246_b_4,,Tam_246,Tam,246,7,b,4,train
Tam_d08_246_a_4,,Tam_246,Tam,246,8,a,4,train
Tam_d08_246_b_4,,Tam_246,Tam,246,8,b,4,train
Tam_d09_246_a_5,,Tam_246,Tam,246,9,a,5,train
Tam_d09_246_b_5,,Tam_246,Tam,246,9,b,5,train
Tam_d10_246_a_5,,Tam_246,Tam,246,10,a,5,train
Tam_d10_246_b_5,,Tam_246,Tam,246,10,b,5,train
Tam_d11_246_a_5,,Tam_246,Tam,246,11,a,5,train
Tam_d11_246_b_5,,Tam_246,Tam,246,11,b,5,train
Tam_d01_247_a_1,,Tam_247,Tam,247,1,a,1,train
Tam_d01_247_b_1,,Tam_247,Tam,247,1,b,1,train
Tam_d02_247_a_1,,Tam_247,Tam,247,2,a,1,train
Tam_d02_247_b_1,,Tam_247,Tam,247,2,b,1,train
Tam_d03_247_a_2,,Tam_247,Tam,247,3,a,2,train
Tam_d03_247_b_2,,Tam_247,Tam,247,3,b,2,train
Tam_d04_247_a_2,,Tam_247,Tam,247,4,a,2,train
Tam_d04_247_b_2,,Tam_247,Tam,247,4,b,2,train
Tam_d05_247_a_3,,Tam_247,Tam,247,5,a,3,train
Tam_d05_247_b_3,,Tam_247,Tam,247,5,b,3,train
Tam_d06_247_a_4,,Tam_247,Tam,247,6,a,4,train
Tam_d06_247_b_4,,Tam_247,Tam,247,6,b,4,train
Tam_d07_247_a_4,,Tam_247,Tam,247,7,a,4,train
Tam_d07_247_b_4,,Tam_247,Tam,247,7,b,4,train
Tam_d08_247_a_4,,Tam_247,Tam,247,8,a,4,train
Tam_d08_247_b_4,,Tam_247,Tam,247,8,b,4,train
Tam_d09_247_a_5,,Tam_247,Tam,247,9,a,5,train
Tam_d09_247_b_5,,Tam_247,Tam,247,9,b,5,train
Tam_d10_247_a_5,,Tam_247,Tam,247,10,a,5,train
Tam_d10_247_b_5,,Tam_247,Tam,247,10,b,5,train
Tam_d11_247_a_5,,Tam_247,Tam,247,11,a,5,train
Tam_d11_247_b_5,,Tam_247,Tam,247,11,b,5,train
Tam_d01_249_a_1,,Tam_249,Tam,249,1,a,1,train
Tam_d01_249_b_1,,Tam_249,Tam,249,1,b,1,train
Tam_d02_249_a_2,,Tam_249,Tam,249,2,a,2,train
Tam_d02_249_b_2,,Tam_249,Tam,249,2,b,2,train
Tam_d03_249_a_2,,Tam_249,Tam,249,3,a,2,train
Tam_d03_249_b_2,,Tam_249,Tam,249,3,b,2,train
Tam_d04_249_a_3,,Tam_249,Tam,249,4,a,3,train
Tam_d04_249_b_3,,Tam_249,Tam,249,4,b,3,train
Tam_d05_249_a_3,,Tam_249,Tam,249,5,a,3,train
Tam_d05_249_b_3,,Tam_249,Tam,249,5,b,3,train
Tam_d06_249_a_4,,Tam_249,Tam,249,6,a,4,train
Tam_d06_249_b_4,,Tam_249,Tam,249,6,b,4,train
Tam_d07_249_a_4,,Tam_249,Tam,249,7,a,4,train
Tam_d07_249_b_4,,Tam_249,Tam,249,7,b,4,train
Tam_d08_249_a_4,,Tam_249,Tam,249,8,a,4,train
Tam_d08_249_b_4,,Tam_249,Tam,249,8,b,4,train
Tam_d09_249_a_4,,Tam_249,Tam,249,9,a,4,train
Tam_d09_249_b_4,,Tam_249,Tam,249,9,b,4,train
Tam_d01_251_a_1,,Tam_251,Tam,251,1,a,1,train
Tam_d01_251_b_1,,Tam_251,Tam,251,1,b,1,train
Tam_d02_251_a_2,,Tam_251,Tam,251,2,a,2,train
Tam_d02_251_b_2,,Tam_251,Tam,251,2,b,2,train
Tam_d03_251_a_2,,Tam_251,Tam,251,3,a,2,train
Tam_d03_251_b_2,,Tam_251,Tam,251,3,b,2,train
Tam_d04_251_a_3,,Tam_251,Tam,251,4,a,3,train
Tam_d04_251_b_3,,Tam_251,Tam,251,4,b,3,train
Tam_d05_251_a_3,,Tam_251,Tam,251,5,a,3,train
Tam_d05_251_b_3,,Tam_251,Tam,251,5,b,3,train
Tam_d06_251_a_4,,Tam_251,Tam,251,6,a,4,train
Tam_d06_251_b_4,,Tam_251,Tam,251,6,b,4,train
Tam_d07_251_a_4,,Tam_251,Tam,251,7,a,4,train
Tam_d07_251_b_4,,Tam_251,Tam,251,7,b,4,train
Tam_d08_251_a_5,,Tam_251,Tam,251,8,a,5,train
Tam_d08_251_b_5,,Tam_251,Tam,251,8,b,5,train
Tam_d09_251_a_5,,Tam_251,Tam,251,9,a,5,train
Tam_d09_251_b_5,,Tam_251,Tam,251,9,b,5,train
Tam_d10_251_a_5,,Tam_251,Tam,251,10,a,5,train
Tam_d10_251_b_5,,Tam_251,Tam,251,10,b,5,train
Tam_d11_251_a_5,,Tam_251,Tam,251,11,a,5,train
Tam_d11_251_b_5,,Tam_251,Tam,251,11,b,5,train
Tam_d01_257_a_1,,Tam_257,Tam,257,1,a,1,train
Tam_d01_257_b_1,,Tam_257,Tam,257,1,b,1,train
Tam_d02_257_a_2,,Tam_257,Tam,257,2,a,2,train
Tam_d02_257_b_2,,Tam_257,Tam,257,2,b,2,train
Tam_d03_257_a_3,,Tam_257,Tam,257,3,a,3,train
Tam_d03_257_b_3,,Tam_257,Tam,257,3,b,3,train
Tam_d04_257_a_4,,Tam_257,Tam,257,4,a,4,train
Tam_d04_257_b_4,,Tam_257,Tam,257,4,b,4,train
Tam_d05_257_a_4,,Tam_257,Tam,257,5,a,4,train
Tam_d05_257_b_4,,Tam_257,Tam,257,5,b,4,train
Tam_d06_257_a_4,,Tam_257,Tam,257,6,a,4,train
Tam_d06_257_b_4,,Tam_257,Tam,257,6,b,4,train
Tam_d07_257_a_4,,Tam_257,Tam,257,7,a,4,train
Tam_d07_257_b_4,,Tam_257,Tam,257,7,b,4,train
Tam_d08_257_a_5,,Tam_257,Tam,257,8,a,5,train
Tam_d08_257_b_5,,Tam_257,Tam,257,8,b,5,train
Tam_d09_257_a_5,,Tam_257,Tam,257,9,a,5,train
Tam_d09_257_b_5,,Tam_257,Tam,257,9,b,5,train
Tam_d10_257_a_5,,Tam_257,Tam,257,10,a,5,train
Tam_d10_257_b_5,,Tam_257,Tam,257,10,b,5,train
Tam_d11_257_a_5,,Tam_257,Tam,257,11,a,5,train
Tam_d11_257_b_5,,Tam_257,Tam,257,11,b,5,train
Tam_d01_261_a_1,,Tam_261,Tam,261,1,a,1,train
Tam_d01_261_b_1,,Tam_261,Tam,261,1,b,1,train
Tam_d02_261_a_2,,Tam_261,Tam,261,2,a,2,train
Tam_d02_261_b_2,,Tam_261,Tam,261,2,b,2,train
Tam_d03_261_a_2,,Tam_261,Tam,261,3,a,2,train
Tam_d03_261_b_2,,Tam_261,Tam,261,3,b,2,train
Tam_d04_261_a_3,,Tam_261,Tam,261,4,a,3,train
Tam_d04_261_b_3,,Tam_261,Tam,261,4,b,3,train
Tam_d05_261_a_3,,Tam_261,Tam,261,5,a,3,train
Tam_d05_261_b_3,,Tam_261,Tam,261,5,b,3,train
Tam_d06_261_a_4,,Tam_261,Tam,261,6,a,4,train
Tam_d06_261_b_4,,Tam_261,Tam,261,6,b,4,train
Tam_d07_261_a_4,,Tam_261,Tam,261,7,a,4,train
Tam_d07_261_b_4,,Tam_261,Tam,261,7,b,4,train
Tam_d08_261_a_4,,Tam_261,Tam,261,8,a,4,train
Tam_d08_261_b_4,,Tam_261,Tam,261,8,b,4,train
Tam_d09_261_a_5,,Tam_261,Tam,261,9,a,5,train
Tam_d09_261_b_5,,Tam_261,Tam,261,9,b,5,train
Tam_d10_261_a_5,,Tam_261,Tam,261,10,a,5,train
Tam_d10_261_b_5,,Tam_261,Tam,261,10,b,5,train
Tam_d11_261_a_5,,Tam_261,Tam,261,11,a,5,train
Tam_d11_261_b_5,,Tam_261,Tam,261,11,b,5,train
Tam_d01_264_a_1,,Tam_264,Tam,264,1,a,1,train
Tam_d01_264_b_1,,Tam_264,Tam,264,1,b,1,train
Tam_d02_264_a_2,,Tam_264,Tam,264,2,a,2,train
Tam_d02_264_b_2,,Tam_264,Tam,264,2,b,2,train
Tam_d03_264_a_2,,Tam_264,Tam,264,3,a,2,train
Tam_d03_264_b_2,,Tam_264,Tam,264,3,b,2,train
Tam_d04_264_a_3,,Tam_264,Tam,264,4,a,3,train
Tam_d04_264_b_3,,Tam_264,Tam,264,4,b,3,train
Tam_d05_264_a_4,,Tam_264,Tam,264,5,a,4,train
Tam_d05_264_b_4,,Tam_264,Tam,264,5,b,4,train
Tam_d06_264_a_4,,Tam_264,Tam,264,6,a,4,train
Tam_d06_264_b_4,,Tam_264,Tam,264,6,b,4,train
Tam_d07_264_a_4,,Tam_264,Tam,264,7,a,4,train
Tam_d07_264_b_4,,Tam_264,Tam,264,7,b,4,train
Tam_d08_264_a_4,,Tam_264,Tam,264,8,a,4,train
Tam_d08_264_b_4,,Tam_264,Tam,264,8,b,4,train
Tam_d09_264_a_4,,Tam_264,Tam,264,9,a,4,train
Tam_d09_264_b_4,,Tam_264,Tam,264,9,b,4,train
Tam_d10_264_a_5,,Tam_264,Tam,264,10,a,5,train
Tam_d10_264_b_5,,Tam_264,Tam,264,10,b,5,train
Tam_d11_264_a_5,,Tam_264,Tam,264,11,a,5,train
Tam_d11_264_b_5,,Tam_264,Tam,264,11,b,5,train
Tam_d01_273_a_1,,Tam_273,Tam,273,1,a,1,train
Tam_d01_273_b_1,,Tam_273,Tam,273,1,b,1,train
Tam_d02_273_a_1,,Tam_273,Tam,273,2,a,1,train
Tam_d02_273_b_1,,Tam_273,Tam,273,2,b,1,train
Tam_d03_273_a_2,,Tam_273,Tam,273,3,a,2,train
Tam_d03_273_b_2,,Tam_273,Tam,273,3,b,2,train
Tam_d04_273_a_2,,Tam_273,Tam,273,4,a,2,train
Tam_d04_273_b_2,,Tam_273,Tam,273,4,b,2,train
Tam_d05_273_a_2,,Tam_273,Tam,273,5,a,2,train
Tam_d05_273_b_2,,Tam_273,Tam,273,5,b,2,train
Tam_d06_273_a_3,,Tam_273,Tam,273,6,a,3,train
Tam_d06_273_b_3,,Tam_273,Tam,273,6,b,3,train
Tam_d07_273_a_4,,Tam_273,Tam,273,7,a,4,train
Tam_d07_273_b_4,,Tam_273,Tam,273,7,b,4,train
Tam_d08_273_a_4,,Tam_273,Tam,273,8,a,4,train
Tam_d08_273_b_4,,Tam_273,Tam,273,8,b,4,train
Tam_d09_273_a_4,,Tam_273,Tam,273,9,a,4,train
Tam_d09_273_b_4,,Tam_273,Tam,273,9,b,4,train
Tam_d10_273_a_5,,Tam_273,Tam,273,10,a,5,train
Tam_d10_273_b_5,,Tam_273,Tam,273,10,b,5,train
Tam_d11_273_a_5,,Tam_273,Tam,273,11,a,5,train
Tam_d11_273_b_5,,Tam_273,Tam,273,11,b,5,train
Tam_d01_278_a_1,,Tam_278,Tam,278,1,a,1,train
Tam_d01_278_b_1,,Tam_278,Tam,278,1,b,1,train
Tam_d02_278_a_2,,Tam_278,Tam,278,2,a,2,train
Tam_d02_278_b_2,,Tam_278,Tam,278,2,b,2,train
Tam_d03_278_a_2,,Tam_278,Tam,278,3,a,2,train
Tam_d03_278_b_2,,Tam_278,Tam,278,3,b,2,train
Tam_d04_278_a_3,,Tam_278,Tam,278,4,a,3,train
Tam_d04_278_b_3,,Tam_278,Tam,278,4,b,3,train
Tam_d05_278_a_3,,Tam_278,Tam,278,5,a,3,train
Tam_d05_278_b_3,,Tam_278,Tam,278,5,b,3,train
Tam_d06_278_a_3,,Tam_278,Tam,278,6,a,3,train
Tam_d06_278_b_3,,Tam_278,Tam,278,6,b,3,train
Tam_d07_278_a_4,,Tam_278,Tam,278,7,a,4,train
Tam_d07_278_b_4,,Tam_278,Tam,278,7,b,4,train
Tam_d08_278_a_4,,Tam_278,Tam,278,8,a,4,train
Tam_d08_278_b_4,,Tam_278,Tam,278,8,b,4,train
Tam_d09_278_a_5,,Tam_278,Tam,278,9,a,5,train
Tam_d09_278_b_5,,Tam_278,Tam,278,9,b,5,train
Tam_d10_278_a_5,,Tam_278,Tam,278,10,a,5,train
Tam_d10_278_b_5,,Tam_278,Tam,278,10,b,5,train
Tam_d11_278_a_5,,Tam_278,Tam,278,11,a,5,train
Tam_d11_278_b_5,,Tam_278,Tam,278,11,b,5,train
Tam_d01_286_a_1,,Tam_286,Tam,286,1,a,1,train
Tam_d01_286_b_1,,Tam_286,Tam,286,1,b,1,train
Tam_d02_286_a_1,,Tam_286,Tam,286,2,a,1,train
Tam_d02_286_b_1,,Tam_286,Tam,286,2,b,1,train
Tam_d03_286_a_2,,Tam_286,Tam,286,3,a,2,train
Tam_d03_286_b_2,,Tam_286,Tam,286,3,b,2,train
Tam_d04_286_a_2,,Tam_286,Tam,286,4,a,2,train
Tam_d04_286_b_2,,Tam_286,Tam,286,4,b,2,train
Tam_d05_286_a_2,,Tam_286,Tam,286,5,a,2,train
Tam_d05_286_b_2,,Tam_286,Tam,286,5,b,2,train
Tam_d06_286_a_2,,Tam_286,Tam,286,6,a,2,train
Tam_d06_286_b_2,,Tam_286,Tam,286,6,b,2,train
Tam_d07_286_a_3,,Tam_286,Tam,286,7,a,3,train
Tam_d07_286_b_3,,Tam_286,Tam,286,7,b,3,train
Tam_d08_286_a_3,,Tam_286,Tam,286,8,a,3,train
Tam_d08_286_b_3,,Tam_286,Tam,286,8,b,3,train
Tam_d09_286_a_4,,Tam_286,Tam,286,9,a,4,train
Tam_d09_286_b_4,,Tam_286,Tam,286,9,b,4,train
Tam_d10_286_a_5,,Tam_286,Tam,286,10,a,5,train
Tam_d10_286_b_5,,Tam_286,Tam,286,10,b,5,train
Tam_d11_286_a_5,,Tam_286,Tam,286,11,a,5,train
Tam_d11_286_b_5,,Tam_286,Tam,286,11,b,5,train
Tam_d01_297_a_1,,Tam_297,Tam,297,1,a,1,train
Tam_d01_297_b_1,,Tam_297,Tam,297,1,b,1,train
Tam_d02_297_a_2,,Tam_297,Tam,297,2,a,2,train
Tam_d02_297_b_2,,Tam_297,Tam,297,2,b,2,train
Tam_d03_297_a_2,,Tam_297,Tam,297,3,a,2,train
Tam_d03_297_b_2,,Tam_297,Tam,297,3,b,2,train
Tam_d04_297_a_3,,Tam_297,Tam,297,4,a,3,train
Tam_d04_297_b_3,,Tam_297,Tam,297,4,b,3,train
Tam_d05_297_a_3,,Tam_297,Tam,297,5,a,3,train
Tam_d05_297_b_3,,Tam_297,Tam,297,5,b,3,train
Tam_d06_297_a_3,,Tam_297,Tam,297,6,a,3,train
Tam_d06_297_b_3,,Tam_297,Tam,297,6,b,3,train
Tam_d07_297_a_3,,Tam_297,Tam,297,7,a,3,train
Tam_d07_297_b_3,,Tam_297,Tam,297,7,b,3,train
Tam_d08_297_a_4,,Tam_297,Tam,297,8,a,4,train
Tam_d08_297_b_4,,Tam_297,Tam,297,8,b,4,train
Tam_d09_297_a_4,,Tam_297,Tam,297,9,a,4,train
Tam_d09_297_b_4,,Tam_297,Tam,297,9,b,4,train
Tam_d10_297_a_5,,Tam_297,Tam,297,10,a,5,train
Tam_d10_297_b_5,,Tam_297,Tam,297,10,b,5,train
Tam_d11_297_a_5,,Tam_297,Tam,297,11,a,5,train
Tam_d11_297_b_5,,Tam_297,Tam,297,11,b,5,train
Tam_d01_299_a_1,,Tam_299,Tam,299,1,a,1,train
Tam_d01_299_b_1,,Tam_299,Tam,299,1,b,1,train
Tam_d02_299_a_1,,Tam_299,Tam,299,2,a,1,train
Tam_d02_299_b_1,,Tam_299,Tam,299,2,b,1,train
Tam_d03_299_a_2,,Tam_299,Tam,299,3,a,2,train
Tam_d03_299_b_2,,Tam_299,Tam,299,3,b,2,train
Tam_d04_299_a_2,,Tam_299,Tam,299,4,a,2,train
Tam_d04_299_b_2,,Tam_299,Tam,299,4,b,2,train
Tam_d05_299_a_2,,Tam_299,Tam,299,5,a,2,train
Tam_d05_299_b_2,,Tam_299,Tam,299,5,b,2,train
Tam_d06_299_a_3,,Tam_299,Tam,299,6,a,3,train
Tam_d06_299_b_3,,Tam_299,Tam,299,6,b,3,train
Tam_d07_299_a_4,,Tam_299,Tam,299,7,a,4,train
Tam_d07_299_b_4,,Tam_299,Tam,299,7,b,4,train
Tam_d08_299_a_4,,Tam_299,Tam,299,8,a,4,train
Tam_d08_299_b_4,,Tam_299,Tam,299,8,b,4,train
Tam_d09_299_a_4,,Tam_299,Tam,299,9,a,4,train
Tam_d09_299_b_4,,Tam_299,Tam,299,9,b,4,train
Tam_d10_299_a_5,,Tam_299,Tam,299,10,a,5,train
Tam_d10_299_b_5,,Tam_299,Tam,299,10,b,5,train
Tam_d11_299_a_5,,Tam_299,Tam,299,11,a,5,train
Tam_d11_299_b_5,,Tam_299,Tam,299,11,b,5,train
Tam_d01_301_a_1,,Tam_301,Tam,301,1,a,1,train
Tam_d01_301_b_1,,Tam_301,Tam,301,1,b,1,train
Tam_d02_301_a_1,,Tam_301,Tam,301,2,a,1,train
Tam_d02_301_b_1,,Tam_301,Tam,301,2,b,1,train
Tam_d03_301_a_2,,Tam_301,Tam,301,3,a,2,train
Tam_d03_301_b_2,,Tam_301,Tam,301,3,b,2,train
Tam_d04_301_a_2,,Tam_301,Tam,301,4,a,2,train
Tam_d04_301_b_2,,Tam_301,Tam,301,4,b,2,train
Tam_d05_301_a_3,,Tam_301,Tam,301,5,a,3,train
Tam_d05_301_b_3,,Tam_301,Tam,301,5,b,3,train
Tam_d06_301_a_3,,Tam_301,Tam,301,6,a,3,train
Tam_d06_301_b_3,,Tam_301,Tam,301,6,b,3,train
Tam_d07_301_a_4,,Tam_301,Tam,301,7,a,4,train
Tam_d07_301_b_4,,Tam_301,Tam,301,7,b,4,train
Tam_d08_301_a_4,,Tam_301,Tam,301,8,a,4,train
Tam_d08_301_b_4,,Tam_301,Tam,301,8,b,4,train
Tam_d09_301_a_5,,Tam_301,Tam,301,9,a,5,train
Tam_d09_301_b_5,,Tam_301,Tam,301,9,b,5,train
Tam_d10_301_a_5,,Tam_301,Tam,301,10,a,5,train
Tam_d10_301_b_5,,Tam_301,Tam,301,10,b,5,train
Tam_d11_301_a_5,,Tam_301,Tam,301,11,a,5,train
Tam_d11_301_b_5,,Tam_301,Tam,301,11,b,5,train
Tam_d01_302_a_1,,Tam_302,Tam,302,1,a,1,train
Tam_d01_302_b_1,,Tam_302,Tam,302,1,b,1,train
Tam_d02_302_a_2,,Tam_302,Tam,302,2,a,2,train
Tam_d02_302_b_2,,Tam_302,Tam,302,2,b,2,train
Tam_d03_302_a_2,,Tam_302,Tam,302,3,a,2,train
Tam_d03_302_b_2,,Tam_302,Tam,302,3,b,2,train
Tam_d04_302_a_3,,Tam_302,Tam,302,4,a,3,train
Tam_d04_302_b_3,,Tam_302,Tam,302,4,b,3,train
Tam_d05_302_a_3,,Tam_302,Tam,302,5,a,3,train
Tam_d05_302_b_3,,Tam_302,Tam,302,5,b,3,train
Tam_d06_302_a_3,,Tam_302,Tam,302,6,a,3,train
Tam_d06_302_b_3,,Tam_302,Tam,302,6,b,3,train
Tam_d07_302_a_4,,Tam_302,Tam,302,7,a,4,train
Tam_d07_302_b_4,,Tam_302,Tam,302,7,b,4,train
Tam_d08_302_a_5,,Tam_302,Tam,302,8,a,5,train
Tam_d08_302_b_5,,Tam_302,Tam,302,8,b,5,train
Tam_d09_302_a_5,,Tam_302,Tam,302,9,a,5,train
Tam_d09_302_b_5,,Tam_302,Tam,302,9,b,5,train
Tam_d10_302_a_5,,Tam_302,Tam,302,10,a,5,train
Tam_d10_302_b_5,,Tam_302,Tam,302,10,b,5,train
Tam_d11_302_a_5,,Tam_302,Tam,302,11,a,5,train
Tam_d11_302_b_5,,Tam_302,Tam,302,11,b,5,train
Tam_d01_304_a_1,,Tam_304,Tam,304,1,a,1,train
Tam_d01_304_b_1,,Tam_304,Tam,304,1,b,1,train
Tam_d02_304_a_1,,Tam_304,Tam,304,2,a,1,train
Tam_d02_304_b_1,,Tam_304,Tam,304,2,b,1,train
Tam_d03_304_a_2,,Tam_304,Tam,304,3,a,2,train
Tam_d03_304_b_2,,Tam_304,Tam,304,3,b,2,train
Tam_d04_304_a_2,,Tam_304,Tam,304,4,a,2,train
Tam_d04_304_b_2,,Tam_304,Tam,304,4,b,2,train
Tam_d05_304_a_2,,Tam_304,Tam,304,5,a,2,train
Tam_d05_304_b_2,,Tam_304,Tam,304,5,b,2,train
Tam_d06_304_a_3,,Tam_304,Tam,304,6,a,3,train
Tam_d06_304_b_3,,Tam_304,Tam,304,6,b,3,train
Tam_d07_304_a_4,,Tam_304,Tam,304,7,a,4,train
Tam_d07_304_b_4,,Tam_304,Tam,304,7,b,4,train
Tam_d08_304_a_4,,Tam_304,Tam,304,8,a,4,train
Tam_d08_304_b_4,,Tam_304,Tam,304,8,b,4,train
Tam_d09_304_a_5,,Tam_304,Tam,304,9,a,5,train
Tam_d09_304_b_5,,Tam_304,Tam,304,9,b,5,train
Tam_d01_307_a_1,,Tam_307,Tam,307,1,a,1,train
Tam_d01_307_b_1,,Tam_307,Tam,307,1,b,1,train
Tam_d02_307_a_1,,Tam_307,Tam,307,2,a,1,train
Tam_d02_307_b_1,,Tam_307,Tam,307,2,b,1,train
Tam_d03_307_a_2,,Tam_307,Tam,307,3,a,2,train
Tam_d03_307_b_2,,Tam_307,Tam,307,3,b,2,train
Tam_d04_307_a_2,,Tam_307,Tam,307,4,a,2,train
Tam_d04_307_b_2,,Tam_307,Tam,307,4,b,2,train
Tam_d05_307_a_3,,Tam_307,Tam,307,5,a,3,train
Tam_d05_307_b_3,,Tam_307,Tam,307,5,b,3,train
Tam_d06_307_a_3,,Tam_307,Tam,307,6,a,3,train
Tam_d06_307_b_3,,Tam_307,Tam,307,6,b,3,train
Tam_d07_307_a_4,,Tam_307,Tam,307,7,a,4,train
Tam_d07_307_b_4,,Tam_307,Tam,307,7,b,4,train
Tam_d08_307_a_4,,Tam_307,Tam,307,8,a,4,train
Tam_d08_307_b_4,,Tam_307,Tam,307,8,b,4,train
Tam_d09_307_a_5,,Tam_307,Tam,307,9,a,5,train
Tam_d09_307_b_5,,Tam_307,Tam,307,9,b,5,train
Tam_d10_307_a_5,,Tam_307,Tam,307,10,a,5,train
Tam_d10_307_b_5,,Tam_307,Tam,307,10,b,5,train
Tam_d11_307_a_5,,Tam_307,Tam,307,11,a,5,train
Tam_d11_307_b_5,,Tam_307,Tam,307,11,b,5,train
Tam_d01_308_a_1,,Tam_308,Tam,308,1,a,1,train
Tam_d01_308_b_1,,Tam_308,Tam,308,1,b,1,train
Tam_d02_308_a_2,,Tam_308,Tam,308,2,a,2,train
Tam_d02_308_b_2,,Tam_308,Tam,308,2,b,2,train
Tam_d03_308_a_2,,Tam_308,Tam,308,3,a,2,train
Tam_d03_308_b_2,,Tam_308,Tam,308,3,b,2,train
Tam_d04_308_a_3,,Tam_308,Tam,308,4,a,3,train
Tam_d04_308_b_3,,Tam_308,Tam,308,4,b,3,train
Tam_d05_308_a_4,,Tam_308,Tam,308,5,a,4,train
Tam_d05_308_b_4,,Tam_308,Tam,308,5,b,4,train
Tam_d06_308_a_4,,Tam_308,Tam,308,6,a,4,train
Tam_d06_308_b_4,,Tam_308,Tam,308,6,b,4,train
Tam_d07_308_a_4,,Tam_308,Tam,308,7,a,4,train
Tam_d07_308_b_4,,Tam_308,Tam,308,7,b,4,train
Tam_d08_308_a_5,,Tam_308,Tam,308,8,a,5,train
Tam_d08_308_b_5,,Tam_308,Tam,308,8,b,5,train
Tam_d09_308_a_5,,Tam_308,Tam,308,9,a,5,train
Tam_d09_308_b_5,,Tam_308,Tam,308,9,b,5,train
Tam_d10_308_a_5,,Tam_308,Tam,308,10,a,5,train
Tam_d10_308_b_5,,Tam_308,Tam,308,10,b,5,train
Tam_d11_308_a_5,,Tam_308,Tam,308,11,a,5,train
Tam_d11_308_b_5,,Tam_308,Tam,308,11,b,5,train
Tam_d01_312_a_1,,Tam_312,Tam,312,1,a,1,train
Tam_d01_312_b_1,,Tam_312,Tam,312,1,b,1,train
Tam_d02_312_a_1,,Tam_312,Tam,312,2,a,1,train
Tam_d02_312_b_1,,Tam_312,Tam,312,2,b,1,train
Tam_d03_312_a_2,,Tam_312,Tam,312,3,a,2,train
Tam_d03_312_b_2,,Tam_312,Tam,312,3,b,2,train
Tam_d04_312_a_2,,Tam_312,Tam,312,4,a,2,train
Tam_d04_312_b_2,,Tam_312,Tam,312,4,b,2,train
Tam_d05_312_a_2,,Tam_312,Tam,312,5,a,2,train
Tam_d05_312_b_2,,Tam_312,Tam,312,5,b,2,train
Tam_d06_312_a_2,,Tam_312,Tam,312,6,a,2,train
Tam_d06_312_b_2,,Tam_312,Tam,312,6,b,2,train
Tam_d07_312_a_4,,Tam_312,Tam,312,7,a,4,train
Tam_d07_312_b_4,,Tam_312,Tam,312,7,b,4,train
Tam_d08_312_a_4,,Tam_312,Tam,312,8,a,4,train
Tam_d08_312_b_4,,Tam_312,Tam,312,8,b,4,train
Tam_d09_312_a_4,,Tam_312,Tam,312,9,a,4,train
Tam_d09_312_b_4,,Tam_312,Tam,312,9,b,4,train
Tam_d10_312_a_5,,Tam_312,Tam,312,10,a,5,train
Tam_d10_312_b_5,,Tam_312,Tam,312,10,b,5,train
Tam_d11_312_a_5,,Tam_312,Tam,312,11,a,5,train
Tam_d11_312_b_5,,Tam_312,Tam,312,11,b,5,train
Tam_d01_318_a_1,,Tam_318,Tam,318,1,a,1,train
Tam_d01_318_b_1,,Tam_318,Tam,318,1,b,1,train
Tam_d02_318_a_1,,Tam_318,Tam,318,2,a,1,train
Tam_d02_318_b_1,,Tam_318,Tam,318,2,b,1,train
Tam_d03_318_a_2,,Tam_318,Tam,318,3,a,2,train
Tam_d03_318_b_2,,Tam_318,Tam,318,3,b,2,train
Tam_d04_318_a_2,,Tam_318,Tam,318,4,a,2,train
Tam_d04_318_b_2,,Tam_318,Tam,318,4,b,2,train
Tam_d05_318_a_2,,Tam_318,Tam,318,5,a,2,train
Tam_d05_318_b_2,,Tam_318,Tam,318,5,b,2,train
Tam_d06_318_a_3,,Tam_318,Tam,318,6,a,3,train
Tam_d06_318_b_3,,Tam_318,Tam,318,6,b,3,train
Tam_d07_318_a_4,,Tam_318,Tam,318,7,a,4,train
Tam_d07_318_b_4,,Tam_318,Tam,318,7,b,4,train
Tam_d08_318_a_4,,Tam_318,Tam,318,8,a,4,train
Tam_d08_318_b_4,,Tam_318,Tam,318,8,b,4,train
Tam_d09_318_a_4,,Tam_318,Tam,318,9,a,4,train
Tam_d09_318_b_4,,Tam_318,Tam,318,9,b,4,train
Tam_d10_318_a_5,,Tam_318,Tam,318,10,a,5,train
Tam_d10_318_b_5,,Tam_318,Tam,318,10,b,5,train
Tam_d11_318_a_5,,Tam_318,Tam,318,11,a,5,train
Tam_d11_318_b_5,,Tam_318,Tam,318,11,b,5,train
Tam_d01_320_a_1,,Tam_320,Tam,320,1,a,1,train
Tam_d01_320_b_1,,Tam_320,Tam,320,1,b,1,train
Tam_d02_320_a_1,,Tam_320,Tam,320,2,a,1,train
Tam_d02_320_b_1,,Tam_320,Tam,320,2,b,1,train
Tam_d03_320_a_2,,Tam_320,Tam,320,3,a,2,train
Tam_d03_320_b_2,,Tam_320,Tam,320,3,b,2,train
Tam_d01_329_a_1,,Tam_329,Tam,329,1,a,1,train
Tam_d01_329_b_1,,Tam_329,Tam,329,1,b,1,train
Tam_d02_329_a_2,,Tam_329,Tam,329,2,a,2,train
Tam_d02_329_b_2,,Tam_329,Tam,329,2,b,2,train
Tam_d03_329_a_2,,Tam_329,Tam,329,3,a,2,train
Tam_d03_329_b_2,,Tam_329,Tam,329,3,b,2,train
Tam_d04_329_a_3,,Tam_329,Tam,329,4,a,3,train
Tam_d04_329_b_3,,Tam_329,Tam,329,4,b,3,train
Tam_d05_329_a_3,,Tam_329,Tam,329,5,a,3,train
Tam_d05_329_b_3,,Tam_329,Tam,329,5,b,3,train
Tam_d06_329_a_4,,Tam_329,Tam,329,6,a,4,train
Tam_d06_329_b_4,,Tam_329,Tam,329,6,b,4,train
Tam_d07_329_a_4,,Tam_329,Tam,329,7,a,4,train
Tam_d07_329_b_4,,Tam_329,Tam,329,7,b,4,train
Tam_d08_329_a_4,,Tam_329,Tam,329,8,a,4,train
Tam_d08_329_b_4,,Tam_329,Tam,329,8,b,4,train
Tam_d09_329_a_5,,Tam_329,Tam,329,9,a,5,train
Tam_d09_329_b_5,,Tam_329,Tam,329,9,b,5,train
Tam_d10_329_a_5,,Tam_329,Tam,329,10,a,5,train
Tam_d10_329_b_5,,Tam_329,Tam,329,10,b,5,train
Tam_d11_329_a_5,,Tam_329,Tam,329,11,a,5,train
Tam_d11_329_b_5,,Tam_329,Tam,329,11,b,5,train
Tam_d01_335_a_1,,Tam_335,Tam,335,1,a,1,train
Tam_d01_335_b_1,,Tam_335,Tam,335,1,b,1,train
Tam_d02_335_a_1,,Tam_335,Tam,335,2,a,1,train
Tam_d02_335_b_1,,Tam_335,Tam,335,2,b,1,train
Tam_d03_335_a_1,,Tam_335,Tam,335,3,a,1,train
Tam_d03_335_b_1,,Tam_335,Tam,335,3,b,1,train
Tam_d04_335_a_2,,Tam_335,Tam,335,4,a,2,train
Tam_d04_335_b_2,,Tam_335,Tam,335,4,b,2,train
Tam_d05_335_a_2,,Tam_335,Tam,335,5,a,2,train
Tam_d05_335_b_2,,Tam_335,Tam,335,5,b,2,train
Tam_d06_335_a_2,,Tam_335,Tam,335,6,a,2,train
Tam_d06_335_b_2,,Tam_335,Tam,335,6,b,2,train
Tam_d07_335_a_3,,Tam_335,Tam,335,7,a,3,train
Tam_d07_335_b_3,,Tam_335,Tam,335,7,b,3,train
Tam_d08_335_a_4,,Tam_335,Tam,335,8,a,4,train
Tam_d08_335_b_4,,Tam_335,Tam,335,8,b,4,train
Tam_d09_335_a_4,,Tam_335,Tam,335,9,a,4,train
Tam_d09_335_b_4,,Tam_335,Tam,335,9,b,4,train
Tam_d10_335_a_5,,Tam_335,Tam,335,10,a,5,train
Tam_d10_335_b_5,,Tam_335,Tam,335,10,b,5,train
Tam_d11_335_a_5,,Tam_335,Tam,335,11,a,5,train
Tam_d11_335_b_5,,Tam_335,Tam,335,11,b,5,train
Tam_d01_339_a_1,,Tam_339,Tam,339,1,a,1,train
Tam_d01_339_b_1,,Tam_339,Tam,339,1,b,1,train
Tam_d02_339_a_1,,Tam_339,Tam,339,2,a,1,train
Tam_d02_339_b_1,,Tam_339,Tam,339,2,b,1,train
Tam_d03_339_a_2,,Tam_339,Tam,339,3,a,2,train
Tam_d03_339_b_2,,Tam_339,Tam,339,3,b,2,train
Tam_d04_339_a_2,,Tam_339,Tam,339,4,a,2,train
Tam_d04_339_b_2,,Tam_339,Tam,339,4,b,2,train
Tam_d05_339_a_2,,Tam_339,Tam,339,5,a,2,train
Tam_d05_339_b_2,,Tam_339,Tam,339,5,b,2,train
Tam_d06_339_a_3,,Tam_339,Tam,339,6,a,3,train
Tam_d06_339_b_3,,Tam_339,Tam,339,6,b,3,train
Tam_d07_339_a_3,,Tam_339,Tam,339,7,a,3,train
Tam_d07_339_b_3,,Tam_339,Tam,339,7,b,3,train
Tam_d08_339_a_4,,Tam_339,Tam,339,8,a,4,train
Tam_d08_339_b_4,,Tam_339,Tam,339,8,b,4,train
Tam_d09_339_a_4,,Tam_339,Tam,339,9,a,4,train
Tam_d09_339_b_4,,Tam_339,Tam,339,9,b,4,train
Tam_d10_339_a_5,,Tam_339,Tam,339,10,a,5,train
Tam_d10_339_b_5,,Tam_339,Tam,339,10,b,5,train
Tam_d11_339_a_5,,Tam_339,Tam,339,11,a,5,train
Tam_d11_339_b_5,,Tam_339,Tam,339,11,b,5,train
Tam_d01_341_a_1,,Tam_341,Tam,341,1,a,1,train
Tam_d01_341_b_1,,Tam_341,Tam,341,1,b,1,train
Tam_d02_341_a_2,,Tam_341,Tam,341,2,a,2,train
Tam_d02_341_b_2,,Tam_341,Tam,341,2,b,2,train
Tam_d03_341_a_2,,Tam_341,Tam,341,3,a,2,train
Tam_d03_341_b_2,,Tam_341,Tam,341,3,b,2,train
Tam_d04_341_a_3,,Tam_341,Tam,341,4,a,3,train
Tam_d04_341_b_3,,Tam_341,Tam,341,4,b,3,train
Tam_d05_341_a_3,,Tam_341,Tam,341,5,a,3,train
Tam_d05_341_b_3,,Tam_341,Tam,341,5,b,3,train
Tam_d06_341_a_3,,Tam_341,Tam,341,6,a,3,train
Tam_d06_341_b_3,,Tam_341,Tam,341,6,b,3,train
Tam_d07_341_a_4,,Tam_341,Tam,341,7,a,4,train
Tam_d07_341_b_4,,Tam_341,Tam,341,7,b,4,train
Tam_d08_341_a_4,,Tam_341,Tam,341,8,a,4,train
Tam_d08_341_b_4,,Tam_341,Tam,341,8,b,4,train
Tam_d09_341_a_5,,Tam_341,Tam,341,9,a,5,train
Tam_d09_341_b_5,,Tam_341,Tam,341,9,b,5,train
Tam_d10_341_a_5,,Tam_341,Tam,341,10,a,5,train
Tam_d10_341_b_5,,Tam_341,Tam,341,10,b,5,train
Tam_d11_341_a_5,,Tam_341,Tam,341,11,a,5,train
Tam_d11_341_b_5,,Tam_341,Tam,341,11,b,5,train
Tam_d01_342_a_1,,Tam_342,Tam,342,1,a,1,train
Tam_d01_342_b_1,,Tam_342,Tam,342,1,b,1,train
Tam_d02_342_a_1,,Tam_342,Tam,342,2,a,1,train
Tam_d02_342_b_1,,Tam_342,Tam,342,2,b,1,train
Tam_d03_342_a_1,,Tam_342,Tam,342,3,a,1,train
Tam_d03_342_b_1,,Tam_342,Tam,342,3,b,1,train
Tam_d04_342_a_1,,Tam_342,Tam,342,4,a,1,train
Tam_d04_342_b_1,,Tam_342,Tam,342,4,b,1,train
Tam_d05_342_a_1,,Tam_342,Tam,342,5,a,1,train
Tam_d05_342_b_1,,Tam_342,Tam,342,5,b,1,train
Tam_d06_342_a_2,,Tam_342,Tam,342,6,a,2,train
Tam_d06_342_b_2,,Tam_342,Tam,342,6,b,2,train
Tam_d07_342_a_3,,Tam_342,Tam,342,7,a,3,train
Tam_d07_342_b_3,,Tam_342,Tam,342,7,b,3,train
Tam_d08_342_a_4,,Tam_342,Tam,342,8,a,4,train
Tam_d08_342_b_4,,Tam_342,Tam,342,8,b,4,train
Tam_d09_342_a_4,,Tam_342,Tam,342,9,a,4,train
Tam_d09_342_b_4,,Tam_342,Tam,342,9,b,4,train
Tam_d10_342_a_5,,Tam_342,Tam,342,10,a,5,train
Tam_d10_342_b_5,,Tam_342,Tam,342,10,b,5,train
Tam_d11_342_a_5,,Tam_342,Tam,342,11,a,5,train
Tam_d11_342_b_5,,Tam_342,Tam,342,11,b,5,train
Tam_d01_343_a_1,,Tam_343,Tam,343,1,a,1,train
Tam_d01_343_b_1,,Tam_343,Tam,343,1,b,1,train
Tam_d02_343_a_2,,Tam_343,Tam,343,2,a,2,train
Tam_d02_343_b_2,,Tam_343,Tam,343,2,b,2,train
Tam_d03_343_a_2,,Tam_343,Tam,343,3,a,2,train
Tam_d03_343_b_2,,Tam_343,Tam,343,3,b,2,train
Tam_d04_343_a_3,,Tam_343,Tam,343,4,a,3,train
Tam_d04_343_b_3,,Tam_343,Tam,343,4,b,3,train
Tam_d05_343_a_3,,Tam_343,Tam,343,5,a,3,train
Tam_d05_343_b_3,,Tam_343,Tam,343,5,b,3,train
Tam_d06_343_a_4,,Tam_343,Tam,343,6,a,4,train
Tam_d06_343_b_4,,Tam_343,Tam,343,6,b,4,train
Tam_d07_343_a_4,,Tam_343,Tam,343,7,a,4,train
Tam_d07_343_b_4,,Tam_343,Tam,343,7,b,4,train
Tam_d08_343_a_5,,Tam_343,Tam,343,8,a,5,train
Tam_d08_343_b_5,,Tam_343,Tam,343,8,b,5,train
Tam_d09_343_a_5,,Tam_343,Tam,343,9,a,5,train
Tam_d09_343_b_5,,Tam_343,Tam,343,9,b,5,train
Tam_d10_343_a_5,,Tam_343,Tam,343,10,a,5,train
Tam_d10_343_b_5,,Tam_343,Tam,343,10,b,5,train
Tam_d11_343_a_5,,Tam_343,Tam,343,11,a,5,train
Tam_d11_343_b_5,,Tam_343,Tam,343,11,b,5,train
Tam_d01_345_a_1,,Tam_345,Tam,345,1,a,1,train
Tam_d01_345_b_1,,Tam_345,Tam,345,1,b,1,train
Tam_d02_345_a_1,,Tam_345,Tam,345,2,a,1,train
Tam_d02_345_b_1,,Tam_345,Tam,345,2,b,1,train
Tam_d03_345_a_2,,Tam_345,Tam,345,3,a,2,train
Tam_d03_345_b_2,,Tam_345,Tam,345,3,b,2,train
Tam_d01_348_a_1,,Tam_348,Tam,348,1,a,1,train
Tam_d01_348_b_1,,Tam_348,Tam,348,1,b,1,train
Tam_d02_348_a_2,,Tam_348,Tam,348,2,a,2,train
Tam_d02_348_b_2,,Tam_348,Tam,348,2,b,2,train
Tam_d03_348_a_2,,Tam_348,Tam,348,3,a,2,train
Tam_d03_348_b_2,,Tam_348,Tam,348,3,b,2,train
Tam_d04_348_a_3,,Tam_348,Tam,348,4,a,3,train
Tam_d04_348_b_3,,Tam_348,Tam,348,4,b,3,train
Tam_d05_348_a_3,,Tam_348,Tam,348,5,a,3,train
Tam_d05_348_b_3,,Tam_348,Tam,348,5,b,3,train
Tam_d06_348_a_3,,Tam_348,Tam,348,6,a,3,train
Tam_d06_348_b_3,,Tam_348,Tam,348,6,b,3,train
Tam_d07_348_a_3,,Tam_348,Tam,348,7,a,3,train
Tam_d07_348_b_3,,Tam_348,Tam,348,7,b,3,train
Tam_d08_348_a_4,,Tam_348,Tam,348,8,a,4,train
Tam_d08_348_b_4,,Tam_348,Tam,348,8,b,4,train
Tam_d09_348_a_4,,Tam_348,Tam,348,9,a,4,train
Tam_d09_348_b_4,,Tam_348,Tam,348,9,b,4,train
Tam_d10_348_a_5,,Tam_348,Tam,348,10,a,5,train
Tam_d10_348_b_5,,Tam_348,Tam,348,10,b,5,train
Tam_d11_348_a_5,,Tam_348,Tam,348,11,a,5,train
Tam_d11_348_b_5,,Tam_348,Tam,348,11,b,5,train
Tam_d01_362_a_1,,Tam_362,Tam,362,1,a,1,train
Tam_d01_362_b_1,,Tam_362,Tam,362,1,b,1,train
Tam_d02_362_a_1,,Tam_362,Tam,362,2,a,1,train
Tam_d02_362_b_1,,Tam_362,Tam,362,2,b,1,train
Tam_d03_362_a_1,,Tam_362,Tam,362,3,a,1,train
Tam_d03_362_b_1,,Tam_362,Tam,362,3,b,1,train
Tam_d04_362_a_1,,Tam_362,Tam,362,4,a,1,train
Tam_d04_362_b_1,,Tam_362,Tam,362,4,b,1,train
Tam_d05_362_a_2,,Tam_362,Tam,362,5,a,2,train
Tam_d05_362_b_2,,Tam_362,Tam,362,5,b,2,train
Tam_d06_362_a_2,,Tam_362,Tam,362,6,a,2,train
Tam_d06_362_b_2,,Tam_362,Tam,362,6,b,2,train
Tam_d07_362_a_3,,Tam_362,Tam,362,7,a,3,train
Tam_d07_362_b_3,,Tam_362,Tam,362,7,b,3,train
Tam_d08_362_a_4,,Tam_362,Tam,362,8,a,4,train
Tam_d08_362_b_4,,Tam_362,Tam,362,8,b,4,train
Tam_d09_362_a_4,,Tam_362,Tam,362,9,a,4,train
Tam_d09_362_b_4,,Tam_362,Tam,362,9,b,4,train
Tam_d10_362_a_5,,Tam_362,Tam,362,10,a,5,train
Tam_d10_362_b_5,,Tam_362,Tam,362,10,b,5,train
Tam_d11_362_a_5,,Tam_362,Tam,362,11,a,5,train
Tam_d11_362_b_5,,Tam_362,Tam,362,11,b,5,train
Tam_d01_370_a_1,,Tam_370,Tam,370,1,a,1,train
Tam_d01_370_b_1,,Tam_370,Tam,370,1,b,1,train
Tam_d02_370_a_2,,Tam_370,Tam,370,2,a,2,train
Tam_d02_370_b_2,,Tam_370,Tam,370,2,b,2,train
Tam_d03_370_a_2,,Tam_370,Tam,370,3,a,2,train
Tam_d03_370_b_2,,Tam_370,Tam,370,3,b,2,train
Tam_d04_370_a_3,,Tam_370,Tam,370,4,a,3,train
Tam_d04_370_b_3,,Tam_370,Tam,370,4,b,3,train
Tam_d05_370_a_4,,Tam_370,Tam,370,5,a,4,train
Tam_d05_370_b_4,,Tam_370,Tam,370,5,b,4,train
Tam_d06_370_a_4,,Tam_370,Tam,370,6,a,4,train
Tam_d06_370_b_4,,Tam_370,Tam,370,6,b,4,train
Tam_d07_370_a_4,,Tam_370,Tam,370,7,a,4,train
Tam_d07_370_b_4,,Tam_370,Tam,370,7,b,4,train
Tam_d08_370_a_4,,Tam_370,Tam,370,8,a,4,train
Tam_d08_370_b_4,,Tam_370,Tam,370,8,b,4,train
Tam_d09_370_a_4,,Tam_370,Tam,370,9,a,4,train
Tam_d09_370_b_4,,Tam_370,Tam,370,9,b,4,train
Tam_d10_370_a_5,,Tam_370,Tam,370,10,a,5,train
Tam_d10_370_b_5,,Tam_370,Tam,370,10,b,5,train
Tam_d11_370_a_5,,Tam_370,Tam,370,11,a,5,train
Tam_d11_370_b_5,,Tam_370,Tam,370,11,b,5,train
Tam_d01_374_a_1,,Tam_374,Tam,374,1,a,1,train
Tam_d01_374_b_1,,Tam_374,Tam,374,1,b,1,train
Tam_d02_374_a_1,,Tam_374,Tam,374,2,a,1,train
Tam_d02_374_b_1,,Tam_374,Tam,374,2,b,1,train
Tam_d03_374_a_1,,Tam_374,Tam,374,3,a,1,train
Tam_d03_374_b_1,,Tam_374,Tam,374,3,b,1,train
Tam_d04_374_a_2,,Tam_374,Tam,374,4,a,2,train
Tam_d04_374_b_2,,Tam_374,Tam,374,4,b,2,train
Tam_d05_374_a_2,,Tam_374,Tam,374,5,a,2,train
Tam_d05_374_b_2,,Tam_374,Tam,374,5,b,2,train
Tam_d06_374_a_2,,Tam_374,Tam,374,6,a,2,train
Tam_d06_374_b_2,,Tam_374,Tam,374,6,b,2,train
Tam_d07_374_a_3,,Tam_374,Tam,374,7,a,3,train
Tam_d07_374_b_3,,Tam_374,Tam,374,7,b,3,train
Tam_d08_374_a_4,,Tam_374,Tam,374,8,a,4,train
Tam_d08_374_b_4,,Tam_374,Tam,374,8,b,4,train
Tam_d09_374_a_4,,Tam_374,Tam,374,9,a,4,train
Tam_d09_374_b_4,,Tam_374,Tam,374,9,b,4,train
Tam_d10_374_a_5,,Tam_374,Tam,374,10,a,5,train
Tam_d10_374_b_5,,Tam_374,Tam,374,10,b,5,train
Tam_d11_374_a_5,,Tam_374,Tam,374,11,a,5,train
Tam_d11_374_b_5,,Tam_374,Tam,374,11,b,5,train
Tam_d01_379_a_1,,Tam_379,Tam,379,1,a,1,train
Tam_d01_379_b_1,,Tam_379,Tam,379,1,b,1,train
Tam_d02_379_a_1,,Tam_379,Tam,379,2,a,1,train
Tam_d02_379_b_1,,Tam_379,Tam,379,2,b,1,train
Tam_d03_379_a_1,,Tam_379,Tam,379,3,a,1,train
Tam_d03_379_b_1,,Tam_379,Tam,379,3,b,1,train
Tam_d04_379_a_2,,Tam_379,Tam,379,4,a,2,train
Tam_d04_379_b_2,,Tam_379,Tam,379,4,b,2,train
Tam_d05_379_a_2,,Tam_379,Tam,379,5,a,2,train
Tam_d05_379_b_2,,Tam_379,Tam,379,5,b,2,train
Tam_d06_379_a_2,,Tam_379,Tam,379,6,a,2,train
Tam_d06_379_b_2,,Tam_379,Tam,379,6,b,2,train
Tam_d07_379_a_4,,Tam_379,Tam,379,7,a,4,train
Tam_d07_379_b_4,,Tam_379,Tam,379,7,b,4,train
Tam_d08_379_a_4,,Tam_379,Tam,379,8,a,4,train
Tam_d08_379_b_4,,Tam_379,Tam,379,8,b,4,train
Tam_d09_379_a_5,,Tam_379,Tam,379,9,a,5,train
Tam_d09_379_b_5,,Tam_379,Tam,379,9,b,5,train
Tam_d10_379_a_5,,Tam_379,Tam,379,10,a,5,train
Tam_d10_379_b_5,,Tam_379,Tam,379,10,b,5,train
Tam_d11_379_a_5,,Tam_379,Tam,379,11,a,5,train
Tam_d11_379_b_5,,Tam_379,Tam,379,11,b,5,train
Tam_d01_380_a_1,,Tam_380,Tam,380,1,a,1,train
Tam_d01_380_b_1,,Tam_380,Tam,380,1,b,1,train
Tam_d02_380_a_2,,Tam_380,Tam,380,2,a,2,train
Tam_d02_380_b_2,,Tam_380,Tam,380,2,b,2,train
Tam_d03_380_a_2,,Tam_380,Tam,380,3,a,2,train
Tam_d03_380_b_2,,Tam_380,Tam,380,3,b,2,train
Tam_d04_380_a_3,,Tam_380,Tam,380,4,a,3,train
Tam_d04_380_b_3,,Tam_380,Tam,380,4,b,3,train
Tam_d05_380_a_3,,Tam_380,Tam,380,5,a,3,train
Tam_d05_380_b_3,,Tam_380,Tam,380,5,b,3,train
Tam_d06_380_a_3,,Tam_380,Tam,380,6,a,3,train
Tam_d06_380_b_3,,Tam_380,Tam,380,6,b,3,train
Tam_d07_380_a_4,,Tam_380,Tam,380,7,a,4,train
Tam_d07_380_b_4,,Tam_380,Tam,380,7,b,4,train
Tam_d08_380_a_4,,Tam_380,Tam,380,8,a,4,train
Tam_d08_380_b_4,,Tam_380,Tam,380,8,b,4,train
Tam_d09_380_a_4,,Tam_380,Tam,380,9,a,4,train
Tam_d09_380_b_4,,Tam_380,Tam,380,9,b,4,train
Tam_d10_380_a_5,,Tam_380,Tam,380,10,a,5,train
Tam_d10_380_b_5,,Tam_380,Tam,380,10,b,5,train
Tam_d11_380_a_5,,Tam_380,Tam,380,11,a,5,train
Tam_d11_380_b_5,,Tam_380,Tam,380,11,b,5,train
Tam_d01_397_a_1,,Tam_397,Tam,397,1,a,1,train
Tam_d01_397_b_1,,Tam_397,Tam,397,1,b,1,train
Tam_d02_397_a_2,,Tam_397,Tam,397,2,a,2,train
Tam_d02_397_b_2,,Tam_397,Tam,397,2,b,2,train
Tam_d03_397_a_2,,Tam_397,Tam,397,3,a,2,train
Tam_d03_397_b_2,,Tam_397,Tam,397,3,b,2,train
Tam_d04_397_a_3,,Tam_397,Tam,397,4,a,3,train
Tam_d04_397_b_3,,Tam_397,Tam,397,4,b,3,train
Tam_d05_397_a_4,,Tam_397,Tam,397,5,a,4,train
Tam_d05_397_b_4,,Tam_397,Tam,397,5,b,4,train
Tam_d06_397_a_4,,Tam_397,Tam,397,6,a,4,train
Tam_d06_397_b_4,,Tam_397,Tam,397,6,b,4,train
Tam_d07_397_a_4,,Tam_397,Tam,397,7,a,4,train
Tam_d07_397_b_4,,Tam_397,Tam,397,7,b,4,train
Tam_d08_397_a_4,,Tam_397,Tam,397,8,a,4,train
Tam_d08_397_b_4,,Tam_397,Tam,397,8,b,4,train
Tam_d09_397_a_4,,Tam_397,Tam,397,9,a,4,train
Tam_d09_397_b_4,,Tam_397,Tam,397,9,b,4,train
Tam_d10_397_a_5,,Tam_397,Tam,397,10,a,5,train
Tam_d10_397_b_5,,Tam_397,Tam,397,10,b,5,train
Tam_d11_397_a_5,,Tam_397,Tam,397,11,a,5,train
Tam_d11_397_b_5,,Tam_397,Tam,397,11,b,5,train
Tam_d01_407_a_1,,Tam_407,Tam,407,1,a,1,train
Tam_d01_407_b_1,,Tam_407,Tam,407,1,b,1,train
Tam_d02_407_a_1,,Tam_407,Tam,407,2,a,1,train
Tam_d02_407_b_1,,Tam_407,Tam,407,2,b,1,train
Tam_d03_407_a_2,,Tam_407,Tam,407,3,a,2,train
Tam_d03_407_b_2,,Tam_407,Tam,407,3,b,2,train
Tam_d04_407_a_2,,Tam_407,Tam,407,4,a,2,train
Tam_d04_407_b_2,,Tam_407,Tam,407,4,b,2,train
Tam_d05_407_a_2,,Tam_407,Tam,407,5,a,2,train
Tam_d05_407_b_2,,Tam_407,Tam,407,5,b,2,train
Tam_d06_407_a_2,,Tam_407,Tam,407,6,a,2,train
Tam_d06_407_b_2,,Tam_407,Tam,407,6,b,2,train
Tam_d07_407_a_3,,Tam_407,Tam,407,7,a,3,train
Tam_d07_407_b_3,,Tam_407,Tam,407,7,b,3,train
Tam_d08_407_a_4,,Tam_407,Tam,407,8,a,4,train
Tam_d08_407_b_4,,Tam_407,Tam,407,8,b,4,train
Tam_d09_407_a_4,,Tam_407,Tam,407,9,a,4,train
Tam_d09_407_b_4,,Tam_407,Tam,407,9,b,4,train
Tam_d10_407_a_5,,Tam_407,Tam,407,10,a,5,train
Tam_d10_407_b_5,,Tam_407,Tam,407,10,b,5,train
Tam_d11_407_a_5,,Tam_407,Tam,407,11,a,5,train
Tam_d11_407_b_5,,Tam_407,Tam,407,11,b,5,train
Tam_d01_417_a_1,,Tam_417,Tam,417,1,a,1,train
Tam_d01_417_b_1,,Tam_417,Tam,417,1,b,1,train
Tam_d02_417_a_1,,Tam_417,Tam,417,2,a,1,train
Tam_d02_417_b_1,,Tam_417,Tam,417,2,b,1,train
Tam_d03_417_a_2,,Tam_417,Tam,417,3,a,2,train
Tam_d03_417_b_2,,Tam_417,Tam,417,3,b,2,train
Tam_d04_417_a_2,,Tam_417,Tam,417,4,a,2,train
Tam_d04_417_b_2,,Tam_417,Tam,417,4,b,2,train
Tam_d05_417_a_3,,Tam_417,Tam,417,5,a,3,train
Tam_d05_417_b_3,,Tam_417,Tam,417,5,b,3,train
Tam_d06_417_a_3,,Tam_417,Tam,417,6,a,3,train
Tam_d06_417_b_3,,Tam_417,Tam,417,6,b,3,train
Tam_d07_417_a_4,,Tam_417,Tam,417,7,a,4,train
Tam_d07_417_b_4,,Tam_417,Tam,417,7,b,4,train
Tam_d08_417_a_4,,Tam_417,Tam,417,8,a,4,train
Tam_d08_417_b_4,,Tam_417,Tam,417,8,b,4,train
Tam_d09_417_a_5,,Tam_417,Tam,417,9,a,5,train
Tam_d09_417_b_5,,Tam_417,Tam,417,9,b,5,train
Tam_d10_417_a_5,,Tam_417,Tam,417,10,a,5,train
Tam_d10_417_b_5,,Tam_417,Tam,417,10,b,5,train
Tam_d11_417_a_5,,Tam_417,Tam,417,11,a,5,train
Tam_d11_417_b_5,,Tam_417,Tam,417,11,b,5,train
Tam_d01_424_a_1,,Tam_424,Tam,424,1,a,1,train
Tam_d01_424_b_1,,Tam_424,Tam,424,1,b,1,train
Tam_d02_424_a_1,,Tam_424,Tam,424,2,a,1,train
Tam_d02_424_b_1,,Tam_424,Tam,424,2,b,1,train
Tam_d03_424_a_1,,Tam_424,Tam,424,3,a,1,train
Tam_d03_424_b_1,,Tam_424,Tam,424,3,b,1,train
Tam_d04_424_a_2,,Tam_424,Tam,424,4,a,2,train
Tam_d04_424_b_2,,Tam_424,Tam,424,4,b,2,train
Tam_d05_424_a_2,,Tam_424,Tam,424,5,a,2,train
Tam_d05_424_b_2,,Tam_424,Tam,424,5,b,2,train
Tam_d06_424_a_3,,Tam_424,Tam,424,6,a,3,train
Tam_d06_424_b_3,,Tam_424,Tam,424,6,b,3,train
Tam_d07_424_a_4,,Tam_424,Tam,424,7,a,4,train
Tam_d07_424_b_4,,Tam_424,Tam,424,7,b,4,train
Tam_d08_424_a_4,,Tam_424,Tam,424,8,a,4,train
Tam_d08_424_b_4,,Tam_424,Tam,424,8,b,4,train
Tam_d09_424_a_5,,Tam_424,Tam,424,9,a,5,train
Tam_d09_424_b_5,,Tam_424,Tam,424,9,b,5,train
Tam_d10_424_a_5,,Tam_424,Tam,424,10,a,5,train
Tam_d10_424_b_5,,Tam_424,Tam,424,10,b,5,train
Tam_d11_424_a_5,,Tam_424,Tam,424,11,a,5,train
Tam_d11_424_b_5,,Tam_424,Tam,424,11,b,5,train
Tam_d01_427_a_1,,Tam_427,Tam,427,1,a,1,train
Tam_d01_427_b_1,,Tam_427,Tam,427,1,b,1,train
Tam_d02_427_a_2,,Tam_427,Tam,427,2,a,2,train
Tam_d02_427_b_2,,Tam_427,Tam,427,2,b,2,train
Tam_d03_427_a_2,,Tam_427,Tam,427,3,a,2,train
Tam_d03_427_b_2,,Tam_427,Tam,427,3,b,2,train
Tam_d04_427_a_3,,Tam_427,Tam,427,4,a,3,train
Tam_d04_427_b_3,,Tam_427,Tam,427,4,b,3,train
Tam_d05_427_a_3,,Tam_427,Tam,427,5,a,3,train
Tam_d05_427_b_3,,Tam_427,Tam,427,5,b,3,train
Tam_d06_427_a_4,,Tam_427,Tam,427,6,a,4,train
Tam_d06_427_b_4,,Tam_427,Tam,427,6,b,4,train
Tam_d07_427_a_4,,Tam_427,Tam,427,7,a,4,train
Tam_d07_427_b_4,,Tam_427,Tam,427,7,b,4,train
Tam_d08_427_a_4,,Tam_427,Tam,427,8,a,4,train
Tam_d08_427_b_4,,Tam_427,Tam,427,8,b,4,train
Tam_d09_427_a_5,,Tam_427,Tam,427,9,a,5,train
Tam_d09_427_b_5,,Tam_427,Tam,427,9,b,5,train
Tam_d10_427_a_5,,Tam_427,Tam,427,10,a,5,train
Tam_d10_427_b_5,,Tam_427,Tam,427,10,b,5,train
Tam_d11_427_a_5,,Tam_427,Tam,427,11,a,5,train
Tam_d11_427_b_5,,Tam_427,Tam,427,11,b,5,train
Tam_d01_428_a_1,,Tam_428,Tam,428,1,a,1,train
Tam_d01_428_b_1,,Tam_428,Tam,428,1,b,1,train
Tam_d02_428_a_1,,Tam_428,Tam,428,2,a,1,train
Tam_d02_428_b_1,,Tam_428,Tam,428,2,b,1,train
Tam_d03_428_a_1,,Tam_428,Tam,428,3,a,1,train
Tam_d03_428_b_1,,Tam_428,Tam,428,3,b,1,train
Tam_d04_428_a_2,,Tam_428,Tam,428,4,a,2,train
Tam_d04_428_b_2,,Tam_428,Tam,428,4,b,2,train
Tam_d05_428_a_2,,Tam_428,Tam,428,5,a,2,train
Tam_d05_428_b_2,,Tam_428,Tam,428,5,b,2,train
Tam_d06_428_a_3,,Tam_428,Tam,428,6,a,3,train
Tam_d06_428_b_3,,Tam_428,Tam,428,6,b,3,train
Tam_d07_428_a_4,,Tam_428,Tam,428,7,a,4,train
Tam_d07_428_b_4,,Tam_428,Tam,428,7,b,4,train
Tam_d08_428_a_4,,Tam_428,Tam,428,8,a,4,train
Tam_d08_428_b_4,,Tam_428,Tam,428,8,b,4,train
Tam_d09_428_a_4,,Tam_428,Tam,428,9,a,4,train
Tam_d09_428_b_4,,Tam_428,Tam,428,9,b,4,train
Tam_d10_428_a_5,,Tam_428,Tam,428,10,a,5,train
Tam_d10_428_b_5,,Tam_428,Tam,428,10,b,5,train
Tam_d11_428_a_5,,Tam_428,Tam,428,11,a,5,train
Tam_d11_428_b_5,,Tam_428,Tam,428,11,b,5,train
Tam_d01_434_a_1,,Tam_434,Tam,434,1,a,1,train
Tam_d01_434_b_1,,Tam_434,Tam,434,1,b,1,train
Tam_d02_434_a_1,,Tam_434,Tam,434,2,a,1,train
Tam_d02_434_b_1,,Tam_434,Tam,434,2,b,1,train
Tam_d03_434_a_2,,Tam_434,Tam,434,3,a,2,train
Tam_d03_434_b_2,,Tam_434,Tam,434,3,b,2,train
Tam_d04_434_a_2,,Tam_434,Tam,434,4,a,2,train
Tam_d04_434_b_2,,Tam_434,Tam,434,4,b,2,train
Tam_d05_434_a_2,,Tam_434,Tam,434,5,a,2,train
Tam_d05_434_b_2,,Tam_434,Tam,434,5,b,2,train
Tam_d06_434_a_3,,Tam_434,Tam,434,6,a,3,train
Tam_d06_434_b_3,,Tam_434,Tam,434,6,b,3,train
Tam_d07_434_a_3,,Tam_434,Tam,434,7,a,3,train
Tam_d07_434_b_3,,Tam_434,Tam,434,7,b,3,train
Tam_d08_434_a_4,,Tam_434,Tam,434,8,a,4,train
Tam_d08_434_b_4,,Tam_434,Tam,434,8,b,4,train
Tam_d09_434_a_5,,Tam_434,Tam,434,9,a,5,train
Tam_d09_434_b_5,,Tam_434,Tam,434,9,b,5,train
Tam_d10_434_a_5,,Tam_434,Tam,434,10,a,5,train
Tam_d10_434_b_5,,Tam_434,Tam,434,10,b,5,train
Tam_d11_434_a_5,,Tam_434,Tam,434,11,a,5,train
Tam_d11_434_b_5,,Tam_434,Tam,434,11,b,5,train
Tam_d01_436_a_1,,Tam_436,Tam,436,1,a,1,train
Tam_d01_436_b_1,,Tam_436,Tam,436,1,b,1,train
Tam_d02_436_a_2,,Tam_436,Tam,436,2,a,2,train
Tam_d02_436_b_2,,Tam_436,Tam,436,2,b,2,train
Tam_d03_436_a_2,,Tam_436,Tam,436,3,a,2,train
Tam_d03_436_b_2,,Tam_436,Tam,436,3,b,2,train
Tam_d04_436_a_3,,Tam_436,Tam,436,4,a,3,train
Tam_d04_436_b_3,,Tam_436,Tam,436,4,b,3,train
Tam_d05_436_a_3,,Tam_436,Tam,436,5,a,3,train
Tam_d05_436_b_3,,Tam_436,Tam,436,5,b,3,train
Tam_d06_436_a_3,,Tam_436,Tam,436,6,a,3,train
Tam_d06_436_b_3,,Tam_436,Tam,436,6,b,3,train
Tam_d07_436_a_4,,Tam_436,Tam,436,7,a,4,train
Tam_d07_436_b_4,,Tam_436,Tam,436,7,b,4,train
Tam_d08_436_a_4,,Tam_436,Tam,436,8,a,4,train
Tam_d08_436_b_4,,Tam_436,Tam,436,8,b,4,train
Tam_d09_436_a_5,,Tam_436,Tam,436,9,a,5,train
Tam_d09_436_b_5,,Tam_436,Tam,436,9,b,5,train
Tam_d10_436_a_5,,Tam_436,Tam,436,10,a,5,train
Tam_d10_436_b_5,,Tam_436,Tam,436,10,b,5,train
Tam_d11_436_a_5,,Tam_436,Tam,436,11,a,5,train
Tam_d11_436_b_5,,Tam_436,Tam,436,11,b,5,train
Tam_d01_437_a_1,,Tam_437,Tam,437,1,a,1,train
Tam_d01_437_b_1,,Tam_437,Tam,437,1,b,1,train
Tam_d02_437_a_2,,Tam_437,Tam,437,2,a,2,train
Tam_d02_437_b_2,,Tam_437,Tam,437,2,b,2,train
Tam_d03_437_a_3,,Tam_437,Tam,437,3,a,3,train
Tam_d03_437_b_3,,Tam_437,Tam,437,3,b,3,train
Tam_d04_437_a_4,,Tam_437,Tam,437,4,a,4,train
Tam_d04_437_b_4,,Tam_437,Tam,437,4,b,4,train
Tam_d05_437_a_4,,Tam_437,Tam,437,5,a,4,train
Tam_d05_437_b_4,,Tam_437,Tam,437,5,b,4,train
Tam_d06_437_a_4,,Tam_437,Tam,437,6,a,4,train
Tam_d06_437_b_4,,Tam_437,Tam,437,6,b,4,train
Tam_d07_437_a_4,,Tam_437,Tam,437,7,a,4,train
Tam_d07_437_b_4,,Tam_437,Tam,437,7,b,4,train
Tam_d08_437_a_4,,Tam_437,Tam,437,8,a,4,train
Tam_d08_437_b_4,,Tam_437,Tam,437,8,b,4,train
Tam_d09_437_a_5,,Tam_437,Tam,437,9,a,5,train
Tam_d09_437_b_5,,Tam_437,Tam,437,9,b,5,train
Tam_d10_437_a_5,,Tam_437,Tam,437,10,a,5,train
Tam_d10_437_b_5,,Tam_437,Tam,437,10,b,5,train
Tam_d11_437_a_5,,Tam_437,Tam,437,11,a,5,train
Tam_d11_437_b_5,,Tam_437,Tam,437,11,b,5,train
Tam_d01_456_a_1,,Tam_456,Tam,456,1,a,1,train
Tam_d01_456_b_1,,Tam_456,Tam,456,1,b,1,train
Tam_d02_456_a_2,,Tam_456,Tam,456,2,a,2,train
Tam_d02_456_b_2,,Tam_456,Tam,456,2,b,2,train
Tam_d03_456_a_2,,Tam_456,Tam,456,3,a,2,train
Tam_d03_456_b_2,,Tam_456,Tam,456,3,b,2,train
Tam_d04_456_a_3,,Tam_456,Tam,456,4,a,3,train
Tam_d04_456_b_3,,Tam_456,Tam,456,4,b,3,train
Tam_d05_456_a_4,,Tam_456,Tam,456,5,a,4,train
Tam_d05_456_b_4,,Tam_456,Tam,456,5,b,4,train
Tam_d06_456_a_4,,Tam_456,Tam,456,6,a,4,train
Tam_d06_456_b_4,,Tam_456,Tam,456,6,b,4,train
Tam_d07_456_a_4,,Tam_456,Tam,456,7,a,4,train
Tam_d07_456_b_4,,Tam_456,Tam,456,7,b,4,train
Tam_d08_456_a_5,,Tam_456,Tam,456,8,a,5,train
Tam_d08_456_b_5,,Tam_456,Tam,456,8,b,5,train
Tam_d09_456_a_5,,Tam_456,Tam,456,9,a,5,train
Tam_d09_456_b_5,,Tam_456,Tam,456,9,b,5,train
Tam_d10_456_a_5,,Tam_456,Tam,456,10,a,5,train
Tam_d10_456_b_5,,Tam_456,Tam,456,10,b,5,train
Tam_d11_456_a_5,,Tam_456,Tam,456,11,a,5,train
Tam_d11_456_b_5,,Tam_456,Tam,456,11,b,5,train
Tam_d01_460_a_1,,Tam_460,Tam,460,1,a,1,train
Tam_d01_460_b_1,,Tam_460,Tam,460,1,b,1,train
Tam_d02_460_a_1,,Tam_460,Tam,460,2,a,1,train
Tam_d02_460_b_1,,Tam_460,Tam,460,2,b,1,train
Tam_d03_460_a_1,,Tam_460,Tam,460,3,a,1,train
Tam_d03_460_b_1,,Tam_460,Tam,460,3,b,1,train
Tam_d04_460_a_2,,Tam_460,Tam,460,4,a,2,train
Tam_d04_460_b_2,,Tam_460,Tam,460,4,b,2,train
Tam_d05_460_a_2,,Tam_460,Tam,460,5,a,2,train
Tam_d05_460_b_2,,Tam_460,Tam,460,5,b,2,train
Tam_d06_460_a_3,,Tam_460,Tam,460,6,a,3,train
Tam_d06_460_b_3,,Tam_460,Tam,460,6,b,3,train
Tam_d07_460_a_4,,Tam_460,Tam,460,7,a,4,train
Tam_d07_460_b_4,,Tam_460,Tam,460,7,b,4,train
Tam_d08_460_a_4,,Tam_460,Tam,460,8,a,4,train
Tam_d08_460_b_4,,Tam_460,Tam,460,8,b,4,train
Tam_d09_460_a_5,,Tam_460,Tam,460,9,a,5,train
Tam_d09_460_b_5,,Tam_460,Tam,460,9,b,5,train
Tam_d10_460_a_5,,Tam_460,Tam,460,10,a,5,train
Tam_d10_460_b_5,,Tam_460,Tam,460,10,b,5,train
Tam_d11_460_a_5,,Tam_460,Tam,460,11,a,5,train
Tam_d11_460_b_5,,Tam_460,Tam,460,11,b,5,train
Tam_d01_465_a_1,,Tam_465,Tam,465,1,a,1,train
Tam_d01_465_b_1,,Tam_465,Tam,465,1,b,1,train
Tam_d02_465_a_1,,Tam_465,Tam,465,2,a,1,train
Tam_d02_465_b_1,,Tam_465,Tam,465,2,b,1,train
Tam_d03_465_a_2,,Tam_465,Tam,465,3,a,2,train
Tam_d03_465_b_2,,Tam_465,Tam,465,3,b,2,train
Tam_d04_465_a_2,,Tam_465,Tam,465,4,a,2,train
Tam_d04_465_b_2,,Tam_465,Tam,465,4,b,2,train
Tam_d05_465_a_3,,Tam_465,Tam,465,5,a,3,train
Tam_d05_465_b_3,,Tam_465,Tam,465,5,b,3,train
Tam_d06_465_a_4,,Tam_465,Tam,465,6,a,4,train
Tam_d06_465_b_4,,Tam_465,Tam,465,6,b,4,train
Tam_d07_465_a_4,,Tam_465,Tam,465,7,a,4,train
Tam_d07_465_b_4,,Tam_465,Tam,465,7,b,4,train
Tam_d08_465_a_4,,Tam_465,Tam,465,8,a,4,train
Tam_d08_465_b_4,,Tam_465,Tam,465,8,b,4,train
Tam_d09_465_a_5,,Tam_465,Tam,465,9,a,5,train
Tam_d09_465_b_5,,Tam_465,Tam,465,9,b,5,train
Tam_d10_465_a_5,,Tam_465,Tam,465,10,a,5,train
Tam_d10_465_b_5,,Tam_465,Tam,465,10,b,5,train
Tam_d11_465_a_5,,Tam_465,Tam,465,11,a,5,train
Tam_d11_465_b_5,,Tam_465,Tam,465,11,b,5,train
Tam_d01_467_a_1,,Tam_467,Tam,467,1,a,1,train
Tam_d01_467_b_1,,Tam_467,Tam,467,1,b,1,train
Tam_d02_467_a_2,,Tam_467,Tam,467,2,a,2,train
Tam_d02_467_b_2,,Tam_467,Tam,467,2,b,2,train
Tam_d03_467_a_2,,Tam_467,Tam,467,3,a,2,train
Tam_d03_467_b_2,,Tam_467,Tam,467,3,b,2,train
Tam_d04_467_a_3,,Tam_467,Tam,467,4,a,3,train
Tam_d04_467_b_3,,Tam_467,Tam,467,4,b,3,train
Tam_d05_467_a_3,,Tam_467,Tam,467,5,a,3,train
Tam_d05_467_b_3,,Tam_467,Tam,467,5,b,3,train
Tam_d06_467_a_3,,Tam_467,Tam,467,6,a,3,train
Tam_d06_467_b_3,,Tam_467,Tam,467,6,b,3,train
Tam_d07_467_a_4,,Tam_467,Tam,467,7,a,4,train
Tam_d07_467_b_4,,Tam_467,Tam,467,7,b,4,train
Tam_d08_467_a_5,,Tam_467,Tam,467,8,a,5,train
Tam_d08_467_b_5,,Tam_467,Tam,467,8,b,5,train
Tam_d09_467_a_5,,Tam_467,Tam,467,9,a,5,train
Tam_d09_467_b_5,,Tam_467,Tam,467,9,b,5,train
Tam_d10_467_a_5,,Tam_467,Tam,467,10,a,5,train
Tam_d10_467_b_5,,Tam_467,Tam,467,10,b,5,train
Tam_d11_467_a_5,,Tam_467,Tam,467,11,a,5,train
Tam_d11_467_b_5,,Tam_467,Tam,467,11,b,5,train
Tam_d01_474_a_1,,Tam_474,Tam,474,1,a,1,train
Tam_d01_474_b_1,,Tam_474,Tam,474,1,b,1,train
Tam_d02_474_a_1,,Tam_474,Tam,474,2,a,1,train
Tam_d02_474_b_1,,Tam_474,Tam,474,2,b,1,train
Tam_d03_474_a_1,,Tam_474,Tam,474,3,a,1,train
Tam_d03_474_b_1,,Tam_474,Tam,474,3,b,1,train
Tam_d04_474_a_2,,Tam_474,Tam,474,4,a,2,train
Tam_d04_474_b_2,,Tam_474,Tam,474,4,b,2,train
Tam_d05_474_a_2,,Tam_474,Tam,474,5,a,2,train
Tam_d05_474_b_2,,Tam_474,Tam,474,5,b,2,train
Tam_d06_474_a_3,,Tam_474,Tam,474,6,a,3,train
Tam_d06_474_b_3,,Tam_474,Tam,474,6,b,3,train
Tam_d07_474_a_4,,Tam_474,Tam,474,7,a,4,train
Tam_d07_474_b_4,,Tam_474,Tam,474,7,b,4,train
Tam_d08_474_a_4,,Tam_474,Tam,474,8,a,4,train
Tam_d08_474_b_4,,Tam_474,Tam,474,8,b,4,train
Tam_d09_474_a_5,,Tam_474,Tam,474,9,a,5,train
Tam_d09_474_b_5,,Tam_474,Tam,474,9,b,5,train
Tam_d10_474_a_5,,Tam_474,Tam,474,10,a,5,train
Tam_d10_474_b_5,,Tam_474,Tam,474,10,b,5,train
Tam_d11_474_a_5,,Tam_474,Tam,474,11,a,5,train
Tam_d11_474_b_5,,Tam_474,Tam,474,11,b,5,train
